Hours_Elapsed,Gas_MassFlow_kgs,Gas_Temp_In_C,Gas_Temp_Out_C,Gas_Press_In_bar,Gas_Press_Out_bar,Gas_PressureDrop_bar,Water_MassFlow_kgs,Water_Temp_In_C,Water_Temp_Out_C,Water_PressureDrop_bar,Calculated_LMTD_C,Calculated_U_Wm2K,Target_Fouling_Rf
0,34.9673,140.00,29.99,35.0000,24.3141,10.6859,600.0000,30.00,119.76,3.0300,0.00,450.00,0.000000e+00
1,35.4065,140.00,30.51,35.0000,24.3141,10.6859,600.0000,30.52,119.76,3.0300,0.00,449.87,6.297121e-07
2,35.2767,140.00,30.99,35.0000,24.3141,10.6859,600.0000,31.01,119.76,3.0300,0.00,449.75,1.258849e-06
3,34.6875,140.00,31.41,35.0000,24.3141,10.6859,600.0000,31.42,119.76,3.0300,0.00,449.62,1.887411e-06
4,34.6442,140.00,31.75,35.0000,24.3141,10.6859,600.0000,31.75,119.76,3.0300,2.35,449.49,2.515399e-06
5,35.2689,140.00,31.96,35.0000,24.3141,10.6859,600.0000,31.95,119.76,3.0300,2.74,449.36,3.142814e-06
6,35.0757,140.00,32.04,35.0000,24.3141,10.6859,600.0000,32.02,119.76,3.0300,2.97,449.24,3.769657e-06
7,35.0763,140.00,31.99,35.0000,24.3141,10.6859,600.0000,31.96,119.76,3.0300,3.13,449.11,4.395927e-06
8,35.4929,140.00,31.77,35.0000,24.3141,10.6859,600.0000,31.76,119.76,3.0300,2.70,448.99,5.021627e-06
9,35.1216,140.00,31.48,35.0000,24.3141,10.6859,600.0000,31.45,119.76,3.0300,3.21,448.86,5.646756e-06
10,35.4843,140.00,31.06,35.0000,24.3141,10.6859,600.0000,31.04,119.76,3.0300,3.02,448.73,6.271315e-06
11,34.9892,140.00,30.55,35.0000,24.3141,10.6859,600.0000,30.56,119.76,3.0300,0.00,448.61,6.895305e-06
12,35.1689,140.00,30.03,35.0000,24.3141,10.6859,600.0000,30.04,119.76,3.0300,0.00,448.48,7.518726e-06
13,35.6043,140.00,29.54,35.0000,24.3141,10.6859,600.0000,29.53,119.76,3.0300,2.67,448.36,8.141580e-06
14,35.4466,140.00,29.04,35.0000,24.3141,10.6859,600.0000,29.05,119.76,3.0300,0.00,448.23,8.763867e-06
15,35.0476,140.00,28.69,35.0000,24.3141,10.6859,600.0000,28.64,119.76,3.0300,3.32,448.11,9.385587e-06
16,35.7125,140.00,28.34,35.0000,24.3141,10.6859,600.0000,28.33,119.76,3.0300,2.91,447.98,1.000674e-05
17,34.7856,140.00,28.10,35.0000,24.3141,10.6859,600.0000,28.13,119.76,3.0300,0.00,447.86,1.062733e-05
18,35.1363,140.00,28.08,35.0000,24.3141,10.6859,600.0000,28.06,119.76,3.0300,2.89,447.73,1.124736e-05
19,34.9612,140.00,28.15,35.0000,24.3141,10.6859,600.0000,28.14,119.76,3.0300,2.87,447.61,1.186682e-05
20,35.1382,140.00,28.34,35.0000,24.3141,10.6859,600.0000,28.34,119.76,3.0300,0.00,447.49,1.248572e-05
21,35.5712,140.00,28.66,35.0000,24.3141,10.6859,600.0000,28.66,119.76,3.0300,0.00,447.36,1.310405e-05
22,35.3638,140.00,29.08,35.0000,24.3141,10.6859,600.0000,29.08,119.76,3.0300,2.43,447.24,1.372183e-05
23,35.1197,140.00,29.56,35.0000,24.3141,10.6859,600.0000,29.56,119.76,3.0300,0.00,447.11,1.433904e-05
24,35.5907,140.00,30.08,35.0000,24.3141,10.6859,600.0000,30.09,119.76,3.0300,0.00,446.99,1.495569e-05
25,35.8265,140.00,30.60,35.0000,24.3141,10.6859,600.0000,30.61,119.76,3.0300,0.00,446.87,1.557179e-05
26,35.3521,140.00,31.09,35.0000,24.3141,10.6859,600.0000,31.09,119.76,3.0300,0.00,446.75,1.618732e-05
27,35.8447,140.00,31.52,35.0000,24.3141,10.6859,600.0000,31.51,119.76,3.0300,2.76,446.62,1.680230e-05
28,35.7112,140.00,31.83,35.0000,24.3141,10.6859,600.0000,31.83,119.76,3.0300,0.00,446.50,1.741672e-05
29,35.2679,140.00,32.04,35.0000,24.3141,10.6859,600.0000,32.04,119.76,3.0300,0.00,446.38,1.803058e-05
30,35.0430,140.00,32.09,35.0000,24.3141,10.6859,600.0000,32.11,119.76,3.0300,0.00,446.26,1.864388e-05
31,35.5488,140.00,32.05,35.0000,24.3141,10.6859,600.0000,32.04,119.76,3.0300,2.71,446.13,1.925663e-05
32,34.9852,140.00,31.82,35.0000,24.3141,10.6859,600.0000,31.85,119.76,3.0300,0.00,446.01,1.986883e-05
33,35.7572,140.00,31.56,35.0000,24.3141,10.6859,600.0000,31.53,119.76,3.0300,3.03,445.89,2.048047e-05
34,35.6678,140.00,31.11,35.0000,24.3141,10.6859,600.0000,31.12,119.76,3.0300,0.00,445.77,2.109155e-05
35,35.2717,140.00,30.65,35.0000,24.3141,10.6859,600.0000,30.64,119.76,3.0300,2.67,445.65,2.170209e-05
36,35.9872,140.00,30.14,35.0000,24.3141,10.6859,600.0000,30.13,119.76,3.0300,2.74,445.53,2.231207e-05
37,35.4413,140.00,29.62,35.0000,24.3141,10.6859,600.0000,29.62,119.76,3.0300,2.39,445.41,2.292150e-05
38,35.9920,140.00,29.15,35.0000,24.3141,10.6859,600.0000,29.14,119.76,3.0300,2.86,445.29,2.353038e-05
39,35.8630,140.00,28.74,35.0000,24.3141,10.6859,600.0000,28.73,119.76,3.0300,2.85,445.16,2.413871e-05
40,35.7744,140.00,28.41,35.0000,24.3141,10.6859,600.0000,28.41,119.76,3.0300,0.00,445.04,2.474649e-05
41,35.9292,140.00,28.22,35.0000,24.3141,10.6859,600.0000,28.22,119.76,3.0300,1.91,444.92,2.535371e-05
42,35.3704,140.00,28.17,35.0000,24.3141,10.6859,600.0000,28.15,119.76,3.0300,2.93,444.80,2.596040e-05
43,35.8136,140.00,28.23,35.0000,24.3141,10.6859,600.0000,28.22,119.76,3.0300,2.56,444.68,2.656653e-05
44,36.0738,140.00,28.44,35.0000,24.3141,10.6859,600.0000,28.43,119.76,3.0300,2.81,444.56,2.717212e-05
45,35.6687,140.00,28.73,35.0000,24.3141,10.6859,600.0000,28.75,119.76,3.0300,0.00,444.44,2.777716e-05
46,35.2516,140.00,29.16,35.0000,24.3141,10.6859,600.0000,29.16,119.76,3.0300,0.00,444.33,2.838165e-05
47,35.6526,140.00,29.64,35.0000,24.3141,10.6859,600.0000,29.65,119.76,3.0300,0.00,444.21,2.898560e-05
48,36.0673,140.00,30.17,35.0000,24.3141,10.6859,600.0000,30.17,119.76,3.0300,2.02,444.09,2.958901e-05
49,36.1072,140.00,30.70,35.0000,24.3141,10.6859,600.0000,30.69,119.76,3.0300,2.66,443.97,3.019187e-05
50,35.8581,140.00,31.17,35.0000,24.3141,10.6859,600.0000,31.18,119.76,3.0300,0.00,443.85,3.079419e-05
51,35.8167,140.00,31.62,35.0000,24.3141,10.6859,600.0000,31.60,119.76,3.0300,2.93,443.73,3.139596e-05
52,35.5131,140.00,31.93,35.0000,24.3141,10.6859,600.0000,31.92,119.76,3.0300,2.58,443.61,3.199720e-05
53,35.6580,140.00,32.12,35.0000,24.3141,10.6859,600.0000,32.12,119.76,3.0300,0.00,443.49,3.259789e-05
54,36.0023,140.00,32.21,35.0000,24.3141,10.6859,600.0000,32.19,119.76,3.0300,2.94,443.38,3.319804e-05
55,36.0599,140.00,32.13,35.0000,24.3141,10.6859,600.0000,32.13,119.76,3.0300,0.00,443.26,3.379765e-05
56,35.8203,140.00,31.92,35.0000,24.3141,10.6859,600.0000,31.93,119.76,3.0300,0.00,443.14,3.439673e-05
57,35.6488,140.00,31.61,35.0000,24.3141,10.6859,600.0000,31.62,119.76,3.0300,0.00,443.02,3.499526e-05
58,35.4282,140.00,31.23,35.0000,24.3141,10.6859,600.0000,31.21,119.76,3.0300,2.92,442.91,3.559326e-05
59,36.3458,140.00,30.74,35.0000,24.3141,10.6859,600.0000,30.73,119.76,3.0300,2.59,442.79,3.619072e-05
60,35.6721,140.00,30.21,35.0000,24.3141,10.6859,600.0000,30.22,119.76,3.0300,0.00,442.67,3.678764e-05
61,36.3118,140.00,29.70,35.0000,24.3141,10.6859,600.0000,29.70,119.76,3.0300,0.00,442.55,3.738403e-05
62,35.7172,140.00,29.24,35.0000,24.3141,10.6859,600.0000,29.22,119.76,3.0300,2.83,442.44,3.797988e-05
63,35.5971,140.00,28.79,35.0000,24.3141,10.6859,600.0000,28.81,119.76,3.0300,0.00,442.32,3.857520e-05
64,36.1163,140.00,28.51,35.0000,24.3141,10.6859,600.0000,28.50,119.76,3.0300,2.72,442.21,3.916998e-05
65,36.0627,140.00,28.32,35.0000,24.3141,10.6859,600.0000,28.30,119.76,3.0300,2.90,442.09,3.976423e-05
66,35.9334,140.00,28.25,35.0000,24.3141,10.6859,600.0000,28.24,119.76,3.0300,2.70,441.97,4.035795e-05
67,36.3876,140.00,28.30,35.0000,24.3141,10.6859,600.0000,28.31,119.76,3.0300,0.00,441.86,4.095113e-05
68,35.7874,140.00,28.51,35.0000,24.3141,10.6859,600.0000,28.51,119.76,3.0300,0.00,441.74,4.154378e-05
69,35.6166,140.00,28.84,35.0000,24.3141,10.6859,600.0000,28.83,119.76,3.0300,2.26,441.63,4.213591e-05
70,35.8523,140.00,29.25,35.0000,24.3141,10.6859,600.0000,29.25,119.76,3.0300,0.00,441.51,4.272750e-05
71,35.9876,140.00,29.74,35.0000,24.3141,10.6859,600.0000,29.74,119.76,3.0300,0.00,441.40,4.331856e-05
72,36.0368,140.00,30.27,35.0000,24.3141,10.6859,600.0000,30.26,119.76,3.0300,2.58,441.28,4.390909e-05
73,36.1321,140.00,30.78,35.0000,24.3141,10.6859,600.0000,30.78,119.76,3.0300,0.00,441.17,4.449910e-05
74,36.4131,140.00,31.26,35.0000,24.3141,10.6859,600.0000,31.27,119.76,3.0300,0.00,441.05,4.508858e-05
75,35.9721,140.00,31.68,35.0000,24.3141,10.6859,600.0000,31.68,119.76,3.0300,0.00,440.94,4.567753e-05
76,35.7593,140.00,32.02,35.0000,24.3141,10.6859,600.0000,32.00,119.76,3.0300,2.70,440.82,4.626595e-05
77,36.4698,140.00,32.22,35.0000,24.3141,10.6859,600.0000,32.21,119.76,3.0300,2.68,440.71,4.685385e-05
78,36.0956,140.00,32.28,35.0000,24.3141,10.6859,600.0000,32.28,119.76,3.0300,2.12,440.59,4.744122e-05
79,35.6244,140.00,32.22,35.0000,24.3141,10.6859,600.0000,32.22,119.76,3.0300,2.49,440.48,4.802807e-05
80,36.3513,140.00,32.02,35.0000,24.3141,10.6859,600.0000,32.02,119.76,3.0300,2.24,440.37,4.861439e-05
81,36.0530,140.00,31.71,35.0000,24.3141,10.6859,600.0000,31.70,119.76,3.0300,2.11,440.25,4.920019e-05
82,35.9748,140.00,31.28,35.0000,24.3141,10.6859,600.0000,31.29,119.76,3.0300,0.00,440.14,4.978547e-05
83,36.2341,140.00,30.82,35.0000,24.3141,10.6859,600.0000,30.82,119.76,3.0300,2.32,440.03,5.037023e-05
84,36.0930,140.00,30.29,35.0000,24.3141,10.6859,600.0000,30.30,119.76,3.0300,0.00,439.91,5.095446e-05
85,35.9659,140.00,29.80,35.0000,24.3141,10.6859,600.0000,29.79,119.76,3.0300,2.76,439.80,5.153818e-05
86,35.8690,140.00,29.32,35.0000,24.3141,10.6859,600.0000,29.31,119.76,3.0300,2.59,439.69,5.212137e-05
87,36.3123,140.00,28.89,35.0000,24.3141,10.6859,600.0000,28.90,119.76,3.0300,0.00,439.57,5.270405e-05
88,35.9727,140.00,28.60,35.0000,24.3141,10.6859,600.0000,28.58,119.76,3.0300,2.76,439.46,5.328620e-05
89,36.6829,140.00,28.39,35.0000,24.3141,10.6859,600.0000,28.39,119.76,3.0300,2.58,439.35,5.386784e-05
90,36.0878,140.00,28.31,35.0000,24.3141,10.6859,600.0000,28.32,119.76,3.0300,0.00,439.24,5.444896e-05
91,36.3897,140.00,28.41,35.0000,24.3141,10.6859,600.0000,28.39,119.76,3.0300,2.75,439.13,5.502956e-05
92,36.5163,140.00,28.60,35.0000,24.3141,10.6859,600.0000,28.60,119.76,3.0300,2.06,439.01,5.560965e-05
93,36.3900,140.00,28.92,35.0000,24.3141,10.6859,600.0000,28.92,119.76,3.0300,2.25,438.90,5.618922e-05
94,36.7489,140.00,29.34,35.0000,24.3141,10.6859,600.0000,29.34,119.76,3.0300,2.39,438.79,5.676828e-05
95,36.3062,140.00,29.83,35.0000,24.3141,10.6859,600.0000,29.82,119.76,3.0300,2.69,438.68,5.734682e-05
96,36.3914,140.00,30.34,35.0000,24.3141,10.6859,600.0000,30.34,119.76,3.0300,0.00,438.57,5.792484e-05
97,36.6749,140.00,30.88,35.0000,24.3141,10.6859,600.0000,30.87,119.76,3.0300,2.70,438.46,5.850236e-05
98,36.6288,140.00,31.36,35.0000,24.3141,10.6859,600.0000,31.35,119.76,3.0300,2.40,438.35,5.907936e-05
99,36.7556,140.00,31.78,35.0000,24.3141,10.6859,600.0000,31.77,119.76,3.0300,2.72,438.24,5.965585e-05
100,36.1472,140.00,32.11,35.0000,24.3141,10.6859,600.0000,32.09,119.76,3.0300,2.83,438.12,6.023183e-05
101,35.9523,140.00,32.31,35.0000,24.3141,10.6859,600.0000,32.29,119.76,3.0300,2.74,438.01,6.080729e-05
102,36.1024,140.00,32.38,35.0000,24.3141,10.6859,600.0000,32.37,119.76,3.0300,2.66,437.90,6.138225e-05
103,36.1578,140.00,32.30,35.0000,24.3141,10.6859,600.0000,32.30,119.76,3.0300,0.00,437.79,6.195669e-05
104,36.4754,140.00,32.11,35.0000,24.3141,10.6859,600.0000,32.10,119.76,3.0300,1.84,437.68,6.253063e-05
105,36.3442,140.00,31.80,35.0000,24.3141,10.6859,600.0000,31.79,119.76,3.0300,2.64,437.57,6.310406e-05
106,36.8594,140.00,31.38,35.0000,24.3141,10.6859,600.0000,31.38,119.76,3.0300,2.12,437.46,6.367698e-05
107,36.8892,140.00,30.90,35.0000,24.3141,10.6859,600.0000,30.90,119.76,3.0300,2.35,437.36,6.424940e-05
108,36.0699,140.00,30.40,35.0000,24.3141,10.6859,600.0000,30.39,119.76,3.0300,2.72,437.25,6.482130e-05
109,36.6234,140.00,29.87,35.0000,24.3141,10.6859,600.0000,29.87,119.76,3.0300,2.17,437.14,6.539271e-05
110,36.0963,140.00,29.38,35.0000,24.3141,10.6859,600.0000,29.39,119.76,3.0300,0.00,437.03,6.596360e-05
111,36.1850,140.00,28.99,35.0000,24.3141,10.6859,600.0000,28.98,119.76,3.0300,2.36,436.92,6.653399e-05
112,36.7963,140.00,28.66,35.0000,24.3141,10.6859,600.0000,28.67,119.76,3.0300,0.00,436.81,6.710388e-05
113,36.5464,140.00,28.47,35.0000,24.3141,10.6859,600.0000,28.47,119.76,3.0300,0.00,436.70,6.767326e-05
114,36.2204,140.00,28.41,35.0000,24.3141,10.6859,600.0000,28.41,119.76,3.0300,2.46,436.59,6.824214e-05
115,36.6752,140.00,28.49,35.0000,24.3141,10.6859,600.0000,28.48,119.76,3.0300,2.54,436.48,6.881052e-05
116,36.9456,140.00,28.69,35.0000,24.3141,10.6859,600.0000,28.68,119.76,3.0300,2.65,436.38,6.937840e-05
117,36.3828,140.00,29.00,35.0000,24.3141,10.6859,600.0000,29.00,119.76,3.0300,0.00,436.27,6.994578e-05
118,36.0104,140.00,29.44,35.0000,24.3141,10.6859,600.0000,29.42,119.76,3.0300,2.84,436.16,7.051265e-05
119,36.7918,140.00,29.92,35.0000,24.3141,10.6859,600.0000,29.91,119.76,3.0300,2.72,436.05,7.107903e-05
120,36.7542,140.00,30.44,35.0000,24.3141,10.6859,600.0000,30.43,119.76,3.0300,2.61,435.95,7.164490e-05
121,37.0023,140.00,30.95,35.0000,24.3141,10.6859,600.0000,30.95,119.76,3.0300,0.00,435.84,7.221028e-05
122,36.8649,140.00,31.45,35.0000,24.3141,10.6859,600.0000,31.44,119.76,3.0300,2.67,435.73,7.277516e-05
123,36.3306,140.00,31.86,35.0000,24.3141,10.6859,600.0000,31.85,119.76,3.0300,2.49,435.62,7.333954e-05
124,36.3836,140.00,32.17,35.0000,24.3141,10.6859,600.0000,32.18,119.76,3.0300,0.00,435.52,7.390342e-05
125,36.9145,140.00,32.39,35.0000,24.3141,10.6859,600.0000,32.38,119.76,3.0300,2.64,435.41,7.446681e-05
126,36.5740,140.00,32.46,35.0000,24.3141,10.6859,600.0000,32.45,119.76,3.0300,2.75,435.30,7.502970e-05
127,36.9483,140.00,32.40,35.0000,24.3141,10.6859,600.0000,32.39,119.76,3.0300,2.62,435.20,7.559210e-05
128,36.8438,140.00,32.19,35.0000,24.3141,10.6859,600.0000,32.19,119.76,3.0300,2.26,435.09,7.615400e-05
129,36.9654,140.00,31.88,35.0000,24.3141,10.6859,600.0000,31.88,119.76,3.0300,2.10,434.98,7.671541e-05
130,36.5408,140.00,31.47,35.0000,24.3141,10.6859,600.0000,31.47,119.76,3.0300,2.02,434.88,7.727632e-05
131,36.2568,140.00,30.99,35.0000,24.3141,10.6859,600.0000,30.99,119.76,3.0300,2.40,434.77,7.783675e-05
132,36.5310,140.00,30.48,35.0000,24.3141,10.6859,600.0000,30.47,119.76,3.0300,2.73,434.67,7.839668e-05
133,36.1753,140.00,29.95,35.0000,24.3141,10.6859,600.0000,29.96,119.76,3.0300,0.00,434.56,7.895611e-05
134,36.7897,140.00,29.49,35.0000,24.3141,10.6859,600.0000,29.48,119.76,3.0300,2.57,434.45,7.951506e-05
135,37.1075,140.00,29.07,35.0000,24.3141,10.6859,600.0000,29.07,119.76,3.0300,1.99,434.35,8.007352e-05
136,36.2938,140.00,28.75,35.0000,24.3141,10.6859,600.0000,28.75,119.76,3.0300,0.00,434.24,8.063149e-05
137,36.2138,140.00,28.55,35.0000,24.3141,10.6859,600.0000,28.56,119.76,3.0300,0.00,434.14,8.118896e-05
138,36.9542,140.00,28.50,35.0000,24.3141,10.6859,600.0000,28.49,119.76,3.0300,2.37,434.03,8.174595e-05
139,36.7187,140.00,28.57,35.0000,24.3141,10.6859,600.0000,28.57,119.76,3.0300,2.50,433.93,8.230245e-05
140,36.5542,140.00,28.78,35.0000,24.3141,10.6859,600.0000,28.77,119.76,3.0300,2.67,433.82,8.285847e-05
141,36.5059,140.00,29.10,35.0000,24.3141,10.6859,600.0000,29.09,119.76,3.0300,2.69,433.72,8.341399e-05
142,36.2206,140.00,29.52,35.0000,24.3141,10.6859,600.0000,29.51,119.76,3.0300,2.70,433.62,8.396903e-05
143,36.7927,140.00,30.00,35.0000,24.3141,10.6859,600.0000,29.99,119.76,3.0300,2.48,433.51,8.452359e-05
144,37.1498,140.00,30.52,35.0000,24.3141,10.6859,600.0000,30.52,119.76,3.0300,2.39,433.41,8.507766e-05
145,37.1103,140.00,31.04,35.0000,24.3141,10.6859,600.0000,31.04,119.76,3.0300,1.82,433.30,8.563124e-05
146,36.6387,140.00,31.52,35.0000,24.3141,10.6859,600.0000,31.52,119.76,3.0300,0.00,433.20,8.618434e-05
147,36.4662,140.00,31.93,35.0000,24.3141,10.6859,600.0000,31.94,119.76,3.0300,0.00,433.10,8.673696e-05
148,36.3634,140.00,32.27,35.0000,24.3141,10.6859,600.0000,32.26,119.76,3.0300,2.56,432.99,8.728909e-05
149,36.8882,140.00,32.47,35.0000,24.3141,10.6859,600.0000,32.47,119.76,3.0300,2.59,432.89,8.784075e-05
150,36.8201,140.00,32.55,35.0000,24.3141,10.6859,600.0000,32.54,119.76,3.0300,2.65,432.79,8.839192e-05
151,37.0507,140.00,32.48,35.0000,24.3141,10.6859,600.0000,32.47,119.76,3.0300,2.37,432.68,8.894260e-05
152,36.9080,140.00,32.28,35.0000,24.3141,10.6859,600.0000,32.28,119.76,3.0300,2.38,432.58,8.949281e-05
153,36.8556,140.00,31.97,35.0000,24.3141,10.6859,600.0000,31.96,119.76,3.0300,2.50,432.48,9.004254e-05
154,36.8284,140.00,31.56,35.0000,24.3141,10.6859,600.0000,31.55,119.76,3.0300,2.52,432.37,9.059179e-05
155,37.1998,140.00,31.07,35.0000,24.3141,10.6859,600.0000,31.07,119.76,3.0300,0.00,432.27,9.114056e-05
156,36.3661,140.00,30.56,35.0000,24.3141,10.6859,600.0000,30.56,119.76,3.0300,2.30,432.17,9.168885e-05
157,36.8841,140.00,30.05,35.0000,24.3141,10.6859,600.0000,30.04,119.76,3.0300,2.23,432.07,9.223667e-05
158,36.2567,140.00,29.57,35.0000,24.3141,10.6859,600.0000,29.57,119.76,3.0300,1.64,431.96,9.278401e-05
159,37.0244,140.00,29.16,35.0000,24.3141,10.6859,600.0000,29.15,119.76,3.0300,1.86,431.86,9.333087e-05
160,36.9792,140.00,28.84,35.0000,24.3141,10.6859,600.0000,28.84,119.76,3.0300,0.00,431.76,9.387725e-05
161,36.7319,140.00,28.65,35.0000,24.3141,10.6859,600.0000,28.64,119.76,3.0300,2.59,431.66,9.442316e-05
162,37.1895,140.00,28.58,35.0000,24.3141,10.6859,600.0000,28.58,119.76,3.0300,2.13,431.56,9.496860e-05
163,37.1775,140.00,28.65,35.0000,24.3141,10.6859,600.0000,28.65,119.76,3.0300,2.00,431.46,9.551356e-05
164,36.9663,140.00,28.86,35.0000,24.3141,10.6859,600.0000,28.85,119.76,3.0300,2.40,431.35,9.605804e-05
165,37.0327,140.00,29.19,35.0000,24.3141,10.6859,600.0000,29.18,119.76,3.0300,2.68,431.25,9.660206e-05
166,37.1789,140.00,29.60,35.0000,24.3141,10.6859,600.0000,29.59,119.76,3.0300,2.39,431.15,9.714560e-05
167,37.2085,140.00,30.09,35.0000,24.3141,10.6859,600.0000,30.08,119.76,3.0300,2.54,431.05,9.768867e-05
168,37.0687,140.00,30.60,35.0000,24.3141,10.6859,600.0000,30.60,119.76,3.0300,0.00,430.95,9.823127e-05
169,36.7373,140.00,31.13,35.0000,24.3141,10.6859,600.0000,31.12,119.76,3.0300,2.39,430.85,9.877339e-05
170,36.3592,140.00,31.62,35.0000,24.3141,10.6859,600.0000,31.61,119.76,3.0300,2.66,430.75,9.931505e-05
171,36.8817,140.00,32.03,35.0000,24.3141,10.6859,600.0000,32.03,119.76,3.0300,2.22,430.65,9.985624e-05
172,37.1092,140.00,32.35,35.0000,24.3141,10.6859,600.0000,32.35,119.76,3.0300,2.29,430.55,1.003970e-04
173,36.4624,140.00,32.56,35.0000,24.3141,10.6859,600.0000,32.55,119.76,3.0300,2.51,430.45,1.009372e-04
174,37.2250,140.00,32.63,35.0000,24.3141,10.6859,600.0000,32.62,119.76,3.0300,2.68,430.35,1.014770e-04
175,37.1103,140.00,32.56,35.0000,24.3141,10.6859,600.0000,32.56,119.76,3.0300,2.33,430.25,1.020163e-04
176,36.7498,140.00,32.36,35.0000,24.3141,10.6859,600.0000,32.36,119.76,3.0300,2.04,430.15,1.025551e-04
177,36.7722,140.00,32.04,35.0000,24.3141,10.6859,600.0000,32.05,119.76,3.0300,0.00,430.05,1.030935e-04
178,36.6928,140.00,31.64,35.0000,24.3141,10.6859,600.0000,31.64,119.76,3.0300,2.49,429.95,1.036314e-04
179,36.9937,140.00,31.16,35.0000,24.3141,10.6859,600.0000,31.16,119.76,3.0300,1.83,429.85,1.041689e-04
180,36.4539,140.00,30.65,35.0000,24.3141,10.6859,600.0000,30.64,119.76,3.0300,2.69,429.75,1.047059e-04
181,36.3686,140.00,30.13,35.0000,24.3141,10.6859,600.0000,30.13,119.76,3.0300,0.00,429.65,1.052424e-04
182,36.7802,140.00,29.66,35.0000,24.3141,10.6859,600.0000,29.65,119.76,3.0300,2.45,429.55,1.057785e-04
183,36.8934,140.00,29.25,35.0000,24.3141,10.6859,600.0000,29.24,119.76,3.0300,2.51,429.45,1.063141e-04
184,37.0852,140.00,28.92,35.0000,24.3141,10.6859,600.0000,28.93,119.76,3.0300,0.00,429.36,1.068492e-04
185,36.2978,140.00,28.74,35.0000,24.3141,10.6859,600.0000,28.73,119.76,3.0300,2.69,429.26,1.073839e-04
186,36.6225,140.00,28.67,35.0000,24.3141,10.6859,600.0000,28.67,119.76,3.0300,2.53,429.16,1.079181e-04
187,36.3364,140.00,28.74,35.0000,24.3141,10.6859,600.0000,28.74,119.76,3.0300,1.98,429.06,1.084518e-04
188,36.3012,140.00,28.94,35.0000,24.3141,10.6859,600.0000,28.94,119.76,3.0300,1.85,428.96,1.089851e-04
189,36.6864,140.00,29.27,35.0000,24.3141,10.6859,600.0000,29.26,119.76,3.0300,2.65,428.86,1.095179e-04
190,37.1635,140.00,29.68,35.0000,24.3141,10.6859,600.0000,29.68,119.76,3.0300,2.36,428.77,1.100503e-04
191,36.8204,140.00,30.16,35.0000,24.3141,10.6859,600.0000,30.17,119.76,3.0300,0.00,428.67,1.105822e-04
192,36.9510,140.00,30.69,35.0000,24.3141,10.6859,600.0000,30.69,119.76,3.0300,2.55,428.57,1.111137e-04
193,37.0229,140.00,31.21,35.0000,24.3141,10.6859,600.0000,31.21,119.76,3.0300,2.32,428.47,1.116447e-04
194,36.2426,140.00,31.69,35.0000,24.3141,10.6859,600.0000,31.69,119.76,3.0300,0.00,428.38,1.121752e-04
195,37.1987,140.00,32.12,35.0000,24.3141,10.6859,600.0000,32.11,119.76,3.0300,2.71,428.28,1.127053e-04
196,36.4578,140.00,32.44,35.0000,24.3141,10.6859,600.0000,32.43,119.76,3.0300,2.58,428.18,1.132349e-04
197,37.0167,140.00,32.65,35.0000,24.3141,10.6859,600.0000,32.64,119.76,3.0300,2.75,428.08,1.137641e-04
198,36.5812,140.00,32.71,35.0000,24.3141,10.6859,600.0000,32.71,119.76,3.0300,2.12,427.99,1.142928e-04
199,36.3097,140.00,32.65,35.0000,24.3141,10.6859,600.0000,32.64,119.76,3.0300,2.44,427.89,1.148210e-04
200,37.1100,140.00,32.45,35.0000,24.3141,10.6859,600.0000,32.45,119.76,3.0300,2.41,427.79,1.153489e-04
201,37.1336,140.00,32.14,35.0000,24.3141,10.6859,600.0000,32.13,119.76,3.0300,2.45,427.70,1.158762e-04
202,36.9980,140.00,31.73,35.0000,24.3141,10.6859,600.0000,31.72,119.76,3.0300,2.63,427.60,1.164031e-04
203,36.9954,140.00,31.25,35.0000,24.3141,10.6859,600.0000,31.24,119.76,3.0300,2.56,427.51,1.169296e-04
204,37.0867,140.00,30.73,35.0000,24.3141,10.6859,600.0000,30.73,119.76,3.0300,2.19,427.41,1.174556e-04
205,36.7273,140.00,30.21,35.0000,24.3141,10.6859,600.0000,30.21,119.76,3.0300,0.00,427.31,1.179811e-04
206,37.1082,140.00,29.74,35.0000,24.3141,10.6859,600.0000,29.74,119.76,3.0300,2.06,427.22,1.185062e-04
207,36.4104,140.00,29.33,35.0000,24.3141,10.6859,600.0000,29.33,119.76,3.0300,2.30,427.12,1.190309e-04
208,36.5523,140.00,29.03,35.0000,24.3141,10.6859,600.0000,29.01,119.76,3.0300,2.82,427.03,1.195551e-04
209,36.3187,140.00,28.82,35.0000,24.3141,10.6859,600.0000,28.81,119.76,3.0300,2.20,426.93,1.200788e-04
210,36.9403,140.00,28.75,35.0000,24.3141,10.6859,600.0000,28.75,119.76,3.0300,1.90,426.84,1.206021e-04
211,36.1904,140.00,28.83,35.0000,24.3141,10.6859,600.0000,28.82,119.76,3.0300,2.74,426.74,1.211250e-04
212,37.0984,140.00,29.03,35.0000,24.3141,10.6859,600.0000,29.03,119.76,3.0300,1.96,426.64,1.216474e-04
213,36.4270,140.00,29.36,35.0000,24.3141,10.6859,600.0000,29.35,119.76,3.0300,2.70,426.55,1.221693e-04
214,36.2835,140.00,29.76,35.0000,24.3141,10.6859,600.0000,29.76,119.76,3.0300,0.00,426.46,1.226908e-04
215,36.6553,140.00,30.26,35.0000,24.3141,10.6859,600.0000,30.25,119.76,3.0300,2.48,426.36,1.232119e-04
216,37.0618,140.00,30.78,35.0000,24.3141,10.6859,600.0000,30.77,119.76,3.0300,2.56,426.27,1.237325e-04
217,36.8931,140.00,31.30,35.0000,24.3141,10.6859,600.0000,31.29,119.76,3.0300,2.69,426.17,1.242527e-04
218,36.5323,140.00,31.77,35.0000,24.3141,10.6859,600.0000,31.78,119.76,3.0300,0.00,426.08,1.247724e-04
219,36.6921,140.00,32.20,35.0000,24.3141,10.6859,600.0000,32.20,119.76,3.0300,2.16,425.98,1.252917e-04
220,36.4707,140.00,32.51,35.0000,24.3141,10.6859,600.0000,32.52,119.76,3.0300,0.00,425.89,1.258106e-04
221,36.9624,140.00,32.73,35.0000,24.3141,10.6859,600.0000,32.72,119.76,3.0300,2.52,425.79,1.263290e-04
222,36.9286,140.00,32.80,35.0000,24.3141,10.6859,600.0000,32.79,119.76,3.0300,2.68,425.70,1.268470e-04
223,36.6431,140.00,32.73,35.0000,24.3141,10.6859,600.0000,32.73,119.76,3.0300,0.00,425.61,1.273645e-04
224,36.6568,140.00,32.54,35.0000,24.3141,10.6859,600.0000,32.53,119.76,3.0300,2.65,425.51,1.278816e-04
225,37.0069,140.00,32.22,35.0000,24.3141,10.6859,600.0000,32.22,119.76,3.0300,0.00,425.42,1.283982e-04
226,36.7814,140.00,31.81,35.0000,24.3141,10.6859,600.0000,31.81,119.76,3.0300,2.42,425.33,1.289144e-04
227,37.0548,140.00,31.34,35.0000,24.3141,10.6859,600.0000,31.33,119.76,3.0300,2.55,425.23,1.294302e-04
228,36.5413,140.00,30.82,35.0000,24.3141,10.6859,600.0000,30.81,119.76,3.0300,2.40,425.14,1.299455e-04
229,36.4514,140.00,30.30,35.0000,24.3141,10.6859,600.0000,30.30,119.76,3.0300,2.29,425.05,1.304604e-04
230,36.1424,140.00,29.83,35.0000,24.3141,10.6859,600.0000,29.82,119.76,3.0300,2.54,424.95,1.309748e-04
231,36.6991,140.00,29.41,35.0000,24.3141,10.6859,600.0000,29.41,119.76,3.0300,2.10,424.86,1.314888e-04
232,36.3468,140.00,29.09,35.0000,24.3141,10.6859,600.0000,29.10,119.76,3.0300,0.00,424.77,1.320024e-04
233,36.0770,140.00,28.90,35.0000,24.3141,10.6859,600.0000,28.90,119.76,3.0300,2.42,424.68,1.325156e-04
234,36.2859,140.00,28.84,35.0000,24.3141,10.6859,600.0000,28.84,119.76,3.0300,2.56,424.58,1.330283e-04
235,36.1564,140.00,28.90,35.0000,24.3141,10.6859,600.0000,28.91,119.76,3.0300,0.00,424.49,1.335405e-04
236,36.5756,140.00,29.12,35.0000,24.3141,10.6859,600.0000,29.11,119.76,3.0300,2.50,424.40,1.340524e-04
237,36.9744,140.00,29.44,35.0000,24.3141,10.6859,600.0000,29.43,119.76,3.0300,2.55,424.31,1.345638e-04
238,36.2692,140.00,29.86,35.0000,24.3141,10.6859,600.0000,29.85,119.76,3.0300,2.56,424.21,1.350747e-04
239,37.0103,140.00,30.34,35.0000,24.3141,10.6859,600.0000,30.34,119.76,3.0300,2.36,424.12,1.355853e-04
240,36.1881,140.00,30.86,35.0000,24.3141,10.6859,600.0000,30.86,119.76,3.0300,2.47,424.03,1.360954e-04
241,36.6581,140.00,31.38,35.0000,24.3141,10.6859,600.0000,31.38,119.76,3.0300,2.21,423.94,1.366050e-04
242,36.7122,140.00,31.87,35.0000,24.3141,10.6859,600.0000,31.86,119.76,3.0300,2.22,423.85,1.371143e-04
243,36.8040,140.00,32.29,35.0000,24.3141,10.6859,600.0000,32.28,119.76,3.0300,2.69,423.76,1.376231e-04
244,35.9875,140.00,32.59,35.0000,24.3141,10.6859,600.0000,32.60,119.76,3.0300,0.00,423.67,1.381315e-04
245,36.6895,140.00,32.82,35.0000,24.3141,10.6859,600.0000,32.81,119.76,3.0300,2.85,423.57,1.386394e-04
246,36.7640,140.00,32.88,35.0000,24.3141,10.6859,600.0000,32.88,119.76,3.0300,2.55,423.48,1.391469e-04
247,36.2797,140.00,32.83,35.0000,24.3141,10.6859,600.0000,32.81,119.76,3.0300,2.74,423.39,1.396540e-04
248,36.4308,140.00,32.63,35.0000,24.3141,10.6859,600.0000,32.62,119.76,3.0300,2.62,423.30,1.401607e-04
249,36.2041,140.00,32.31,35.0000,24.3141,10.6859,600.0000,32.30,119.76,3.0300,2.35,423.21,1.406669e-04
250,36.6243,140.00,31.90,35.0000,24.3141,10.6859,600.0000,31.89,119.76,3.0300,2.74,423.12,1.411727e-04
251,36.7795,140.00,31.41,35.0000,24.3141,10.6859,600.0000,31.41,119.76,3.0300,2.01,423.03,1.416781e-04
252,36.0818,140.00,30.92,35.0000,24.3141,10.6859,600.0000,30.90,119.76,3.0300,2.85,422.94,1.421830e-04
253,36.1678,140.00,30.38,35.0000,24.3141,10.6859,600.0000,30.38,119.76,3.0300,0.00,422.85,1.426876e-04
254,36.4592,140.00,29.92,35.0000,24.3141,10.6859,600.0000,29.91,119.76,3.0300,2.68,422.76,1.431917e-04
255,36.8521,140.00,29.50,35.0000,24.3141,10.6859,600.0000,29.50,119.76,3.0300,2.53,422.67,1.436954e-04
256,36.5620,140.00,29.19,35.0000,24.3141,10.6859,600.0000,29.18,119.76,3.0300,2.66,422.58,1.441986e-04
257,36.3688,140.00,28.98,35.0000,24.3141,10.6859,600.0000,28.98,119.76,3.0300,0.00,422.49,1.447014e-04
258,36.3774,140.00,28.92,35.0000,24.3141,10.6859,600.0000,28.92,119.76,3.0300,2.39,422.40,1.452038e-04
259,36.6554,140.00,29.00,35.0000,24.3141,10.6859,600.0000,28.99,119.76,3.0300,2.59,422.31,1.457058e-04
260,36.1145,140.00,29.21,35.0000,24.3141,10.6859,600.0000,29.19,119.76,3.0300,2.73,422.22,1.462074e-04
261,36.2538,140.00,29.53,35.0000,24.3141,10.6859,600.0000,29.52,119.76,3.0300,2.89,422.13,1.467085e-04
262,36.3368,140.00,29.94,35.0000,24.3141,10.6859,600.0000,29.93,119.76,3.0300,2.44,422.04,1.472092e-04
263,36.7427,140.00,30.43,35.0000,24.3141,10.6859,600.0000,30.42,119.76,3.0300,2.52,421.95,1.477095e-04
264,35.9713,140.00,30.93,35.0000,24.3141,10.6859,600.0000,30.94,119.76,3.0300,0.00,421.86,1.482094e-04
265,36.5544,140.00,31.47,35.0000,24.3141,10.6859,600.0000,31.46,119.76,3.0300,2.38,421.78,1.487089e-04
266,36.5720,140.00,31.95,35.0000,24.3141,10.6859,600.0000,31.95,119.76,3.0300,0.00,421.69,1.492079e-04
267,36.3114,140.00,32.37,35.0000,24.3141,10.6859,600.0000,32.37,119.76,3.0300,0.00,421.60,1.497065e-04
268,36.5873,140.00,32.69,35.0000,24.3141,10.6859,600.0000,32.69,119.76,3.0300,2.32,421.51,1.502047e-04
269,36.2924,140.00,32.91,35.0000,24.3141,10.6859,600.0000,32.89,119.76,3.0300,2.82,421.42,1.507025e-04
270,36.3221,140.00,32.96,35.0000,24.3141,10.6859,600.0000,32.96,119.76,3.0300,0.00,421.33,1.511999e-04
271,36.2485,140.00,32.91,35.0000,24.3141,10.6859,600.0000,32.90,119.76,3.0300,2.56,421.24,1.516969e-04
272,35.8000,140.00,32.71,35.0000,24.3141,10.6859,600.0000,32.70,119.76,3.0300,2.61,421.16,1.521934e-04
273,36.5702,140.00,32.40,35.0000,24.3141,10.6859,600.0000,32.39,119.76,3.0300,2.66,421.07,1.526895e-04
274,35.8416,140.00,31.99,35.0000,24.3141,10.6859,600.0000,31.98,119.76,3.0300,2.80,420.98,1.531852e-04
275,36.1803,140.00,31.50,35.0000,24.3141,10.6859,600.0000,31.50,119.76,3.0300,2.53,420.89,1.536805e-04
276,35.9810,140.00,30.97,35.0000,24.3141,10.6859,600.0000,30.98,119.76,3.0300,0.00,420.81,1.541754e-04
277,36.2581,140.00,30.47,35.0000,24.3141,10.6859,600.0000,30.47,119.76,3.0300,0.00,420.72,1.546698e-04
278,35.7587,140.00,29.98,35.0000,24.3141,10.6859,600.0000,29.99,119.76,3.0300,0.00,420.63,1.551639e-04
279,36.3280,140.00,29.57,35.0000,24.3141,10.6859,600.0000,29.58,119.76,3.0300,0.00,420.54,1.556575e-04
280,35.7007,140.00,29.26,35.0000,24.3141,10.6859,600.0000,29.27,119.76,3.0300,0.00,420.46,1.561508e-04
281,35.9433,140.00,29.06,35.0000,24.3141,10.6859,600.0000,29.07,119.76,3.0300,0.00,420.37,1.566436e-04
282,36.1227,140.00,29.01,35.0000,24.3141,10.6859,600.0000,29.00,119.76,3.0300,2.52,420.28,1.571360e-04
283,36.5611,140.00,29.08,35.0000,24.3141,10.6859,600.0000,29.08,119.76,3.0300,1.98,420.19,1.576280e-04
284,36.1536,140.00,29.28,35.0000,24.3141,10.6859,600.0000,29.28,119.76,3.0300,0.00,420.11,1.581195e-04
285,36.3997,140.00,29.60,35.0000,24.3141,10.6859,600.0000,29.60,119.76,3.0300,2.20,420.02,1.586107e-04
286,36.3745,140.00,30.02,35.0000,24.3141,10.6859,600.0000,30.02,119.76,3.0300,2.39,419.93,1.591015e-04
287,35.8105,140.00,30.50,35.0000,24.3141,10.6859,600.0000,30.50,119.76,3.0300,0.00,419.85,1.595918e-04
288,36.2950,140.00,31.03,35.0000,24.3141,10.6859,600.0000,31.03,119.76,3.0300,0.00,419.76,1.600818e-04
289,36.1787,140.00,31.54,35.0000,24.3141,10.6859,600.0000,31.55,119.76,3.0300,0.00,419.68,1.605713e-04
290,35.5517,140.00,32.05,35.0000,24.3141,10.6859,600.0000,32.03,119.76,3.0300,2.94,419.59,1.610604e-04
291,35.8736,140.00,32.47,35.0000,24.3141,10.6859,600.0000,32.45,119.76,3.0300,2.85,419.50,1.615492e-04
292,35.5814,140.00,32.79,35.0000,24.3141,10.6859,600.0000,32.77,119.76,3.0300,2.85,419.42,1.620375e-04
293,36.4169,140.00,32.98,35.0000,24.3141,10.6859,600.0000,32.97,119.76,3.0300,2.53,419.33,1.625254e-04
294,36.1994,140.00,33.07,35.0000,24.3141,10.6859,600.0000,33.05,119.76,3.0300,2.92,419.25,1.630129e-04
295,35.7162,140.00,32.97,35.0000,24.3141,10.6859,600.0000,32.98,119.76,3.0300,0.00,419.16,1.635000e-04
296,36.3690,140.00,32.79,35.0000,24.3141,10.6859,600.0000,32.79,119.76,3.0300,2.10,419.07,1.639867e-04
297,35.5935,140.00,32.48,35.0000,24.3141,10.6859,600.0000,32.47,119.76,3.0300,2.50,418.99,1.644730e-04
298,35.4554,140.00,32.06,35.0000,24.3141,10.6859,600.0000,32.06,119.76,3.0300,1.99,418.90,1.649589e-04
299,35.5103,140.00,31.58,35.0000,24.3141,10.6859,600.0000,31.58,119.76,3.0300,0.00,418.82,1.654444e-04
300,35.9489,140.00,31.07,35.0000,24.3141,10.6859,600.0000,31.07,119.76,3.0300,0.00,418.73,1.659295e-04
301,35.5391,140.00,30.58,35.0000,24.3141,10.6859,600.0000,30.55,119.76,3.0300,3.05,418.65,1.664142e-04
302,36.0939,140.00,30.09,35.0000,24.3141,10.6859,600.0000,30.07,119.76,3.0300,2.73,418.56,1.668984e-04
303,36.1152,140.00,29.68,35.0000,24.3141,10.6859,600.0000,29.66,119.76,3.0300,2.85,418.48,1.673823e-04
304,35.6681,140.00,29.35,35.0000,24.3141,10.6859,600.0000,29.35,119.76,3.0300,0.00,418.39,1.678658e-04
305,35.6142,140.00,29.15,35.0000,24.3141,10.6859,600.0000,29.15,119.76,3.0300,2.15,418.31,1.683489e-04
306,36.0911,140.00,29.09,35.0000,24.3141,10.6859,600.0000,29.09,119.76,3.0300,2.31,418.23,1.688316e-04
307,35.4592,140.00,29.18,35.0000,24.3141,10.6859,600.0000,29.16,119.76,3.0300,2.84,418.14,1.693138e-04
308,35.8364,140.00,29.36,35.0000,24.3141,10.6859,600.0000,29.36,119.76,3.0300,0.00,418.06,1.697957e-04
309,35.9080,140.00,29.68,35.0000,24.3141,10.6859,600.0000,29.68,119.76,3.0300,0.00,417.97,1.702772e-04
310,36.2268,140.00,30.12,35.0000,24.3141,10.6859,600.0000,30.10,119.76,3.0300,2.76,417.89,1.707583e-04
311,35.7068,140.00,30.61,35.0000,24.3141,10.6859,600.0000,30.59,119.76,3.0300,2.90,417.80,1.712390e-04
312,35.6156,140.00,31.10,35.0000,24.3141,10.6859,600.0000,31.11,119.76,3.0300,0.00,417.72,1.717193e-04
313,35.6327,140.00,31.61,35.0000,24.3141,10.6859,600.0000,31.63,119.76,3.0300,0.00,417.64,1.721992e-04
314,35.8639,140.00,32.11,35.0000,24.3141,10.6859,600.0000,32.12,119.76,3.0300,0.00,417.55,1.726787e-04
315,35.8733,140.00,32.54,35.0000,24.3141,10.6859,600.0000,32.53,119.76,3.0300,2.49,417.47,1.731578e-04
316,35.3146,140.00,32.89,35.0000,24.3141,10.6859,600.0000,32.86,119.76,3.0300,3.18,417.39,1.736365e-04
317,35.7075,140.00,33.05,35.0000,24.3141,10.6859,600.0000,33.06,119.76,3.0300,0.00,417.30,1.741148e-04
318,35.2427,140.00,33.14,35.0000,24.3141,10.6859,600.0000,33.13,119.76,3.0300,2.72,417.22,1.745928e-04
319,35.2795,140.00,33.08,35.0000,24.3141,10.6859,600.0000,33.07,119.76,3.0300,2.81,417.14,1.750703e-04
320,36.0688,140.00,32.88,35.0000,24.3141,10.6859,600.0000,32.87,119.76,3.0300,2.78,417.05,1.755474e-04
321,35.4791,140.00,32.56,35.0000,24.3141,10.6859,600.0000,32.56,119.76,3.0300,2.64,416.97,1.760242e-04
322,35.6490,140.00,32.15,35.0000,24.3141,10.6859,600.0000,32.14,119.76,3.0300,2.55,416.89,1.765005e-04
323,35.9525,140.00,31.66,35.0000,24.3141,10.6859,600.0000,31.67,119.76,3.0300,0.00,416.81,1.769765e-04
324,36.0211,140.00,31.15,35.0000,24.3141,10.6859,600.0000,31.15,119.76,3.0300,0.00,416.72,1.774521e-04
325,35.5999,140.00,30.63,35.0000,24.3141,10.6859,600.0000,30.64,119.76,3.0300,0.00,416.64,1.779273e-04
326,35.5598,140.00,30.17,35.0000,24.3141,10.6859,600.0000,30.16,119.76,3.0300,2.60,416.56,1.784020e-04
327,35.4413,140.00,29.74,35.0000,24.3141,10.6859,600.0000,29.75,119.76,3.0300,0.00,416.48,1.788764e-04
328,35.3165,140.00,29.45,35.0000,24.3141,10.6859,600.0000,29.43,119.76,3.0300,2.88,416.39,1.793505e-04
329,35.3656,140.00,29.23,35.0000,24.3141,10.6859,600.0000,29.24,119.76,3.0300,0.00,416.31,1.798241e-04
330,34.9627,140.00,29.16,35.0000,24.3141,10.6859,600.0000,29.17,119.76,3.0300,0.00,416.23,1.802973e-04
331,35.1060,140.00,29.23,35.0000,24.3141,10.6859,600.0000,29.24,119.76,3.0300,0.00,416.15,1.807702e-04
332,35.6897,140.00,29.46,35.0000,24.3141,10.6859,600.0000,29.45,119.76,3.0300,2.84,416.07,1.812426e-04
333,35.0123,140.00,29.79,35.0000,24.3141,10.6859,600.0000,29.77,119.76,3.0300,2.85,415.98,1.817147e-04
334,35.2606,140.00,30.21,35.0000,24.3141,10.6859,600.0000,30.19,119.76,3.0300,3.03,415.90,1.821864e-04
335,35.4373,140.00,30.69,35.0000,24.3141,10.6859,600.0000,30.67,119.76,3.0300,2.80,415.82,1.826577e-04
336,35.5635,140.00,31.18,35.0000,24.3141,10.6859,600.0000,31.19,119.76,3.0300,0.00,415.74,1.831286e-04
337,35.1213,140.00,31.72,35.0000,24.3141,10.6859,600.0000,31.71,119.76,3.0300,2.49,415.66,1.835992e-04
338,35.2954,140.00,32.21,35.0000,24.3141,10.6859,600.0000,32.20,119.76,3.0300,2.55,415.58,1.840693e-04
339,34.9339,140.00,32.63,35.0000,24.3141,10.6859,600.0000,32.62,119.76,3.0300,2.76,415.50,1.845391e-04
340,35.3678,140.00,32.96,35.0000,24.3141,10.6859,600.0000,32.94,119.76,3.0300,2.98,415.42,1.850084e-04
341,35.1728,140.00,33.19,35.0000,24.3141,10.6859,600.0000,33.14,119.76,3.0300,3.27,415.33,1.854774e-04
342,34.8165,140.00,33.20,35.0000,24.3141,10.6859,600.0000,33.21,119.76,3.0300,0.00,415.25,1.859461e-04
343,35.6784,140.00,33.16,35.0000,24.3141,10.6859,600.0000,33.15,119.76,3.0300,2.49,415.17,1.864143e-04
344,34.8310,140.00,32.93,35.0000,24.3141,10.6859,600.0000,32.95,119.76,3.0300,0.00,415.09,1.868821e-04
345,35.6376,140.00,32.67,35.0000,24.3141,10.6859,600.0000,32.64,119.76,3.0300,3.13,415.01,1.873496e-04
346,35.1121,140.00,32.21,35.0000,24.3141,10.6859,600.0000,32.23,119.76,3.0300,0.00,414.93,1.878167e-04
347,35.1914,140.00,31.72,35.0000,24.3141,10.6859,600.0000,31.75,119.76,3.0300,0.00,414.85,1.882834e-04
348,34.8948,140.00,31.22,35.0000,24.3141,10.6859,600.0000,31.24,119.76,3.0300,0.00,414.77,1.887497e-04
349,35.2097,140.00,30.75,35.0000,24.3141,10.6859,600.0000,30.72,119.76,3.0300,3.13,414.69,1.892157e-04
350,34.9854,140.00,30.26,35.0000,24.3141,10.6859,600.0000,30.24,119.76,3.0300,2.87,414.61,1.896813e-04
351,35.1773,140.00,29.86,35.0000,24.3141,10.6859,600.0000,29.83,119.76,3.0300,3.08,414.53,1.901465e-04
352,35.4836,140.00,29.53,35.0000,24.3141,10.6859,600.0000,29.52,119.76,3.0300,2.71,414.45,1.906113e-04
353,34.7739,140.00,29.37,35.0000,24.3141,10.6859,600.0000,29.32,119.76,3.0300,3.39,414.37,1.910757e-04
354,34.9996,140.00,29.22,35.0000,24.3141,10.6859,600.0000,29.26,119.76,3.0300,0.00,414.29,1.915398e-04
355,34.7802,140.00,29.32,35.0000,24.3141,10.6859,600.0000,29.33,119.76,3.0300,0.00,414.21,1.920035e-04
356,34.8868,140.00,29.53,35.0000,24.3141,10.6859,600.0000,29.53,119.76,3.0300,0.00,414.13,1.924668e-04
357,35.1944,140.00,29.88,35.0000,24.3141,10.6859,600.0000,29.85,119.76,3.0300,2.98,414.05,1.929297e-04
358,35.4590,140.00,30.26,35.0000,24.3141,10.6859,600.0000,30.27,119.76,3.0300,0.00,413.97,1.933923e-04
359,34.7363,140.00,30.79,35.0000,24.3141,10.6859,600.0000,30.76,119.76,3.0300,3.19,413.89,1.938544e-04
360,35.4302,140.00,31.29,35.0000,24.3141,10.6859,600.0000,31.28,119.76,3.0300,2.88,413.82,1.943162e-04
361,35.3608,140.00,31.79,35.0000,24.3141,10.6859,600.0000,31.80,119.76,3.0300,0.00,413.74,1.947777e-04
362,35.2899,140.00,32.32,35.0000,24.3141,10.6859,600.0000,32.28,119.76,3.0300,3.16,413.66,1.952387e-04
363,35.1422,140.00,32.71,35.0000,24.3141,10.6859,600.0000,32.70,119.76,3.0300,2.64,413.58,1.956994e-04
364,34.6947,140.00,33.02,35.0000,24.3141,10.6859,600.0000,33.02,119.76,3.0300,0.00,413.50,1.961597e-04
365,34.8912,140.00,33.27,35.0000,24.3141,10.6859,600.0000,33.23,119.76,3.0300,3.23,413.42,1.966197e-04
366,35.0798,140.00,33.30,35.0000,24.3141,10.6859,600.0000,33.30,119.76,3.0300,2.51,413.34,1.970793e-04
367,34.8824,140.00,33.25,35.0000,24.3141,10.6859,600.0000,33.23,119.76,3.0300,2.77,413.26,1.975385e-04
368,34.8014,140.00,33.08,35.0000,24.3141,10.6859,600.0000,33.04,119.76,3.0300,3.31,413.19,1.979973e-04
369,34.7152,140.00,32.73,35.0000,24.3141,10.6859,600.0000,32.72,119.76,3.0300,2.49,413.11,1.984557e-04
370,34.9930,140.00,32.32,35.0000,24.3141,10.6859,600.0000,32.31,119.76,3.0300,2.68,413.03,1.989138e-04
371,34.4389,140.00,31.83,35.0000,24.3141,10.6859,600.0000,31.83,119.76,3.0300,0.00,412.95,1.993716e-04
372,35.0177,140.00,31.32,35.0000,24.3141,10.6859,600.0000,31.32,119.76,3.0300,0.00,412.87,1.998289e-04
373,34.3649,140.00,30.80,35.0000,24.3141,10.6859,600.0000,30.80,119.76,3.0300,0.00,412.80,2.002859e-04
374,35.1151,140.00,30.35,35.0000,24.3141,10.6859,600.0000,30.33,119.76,3.0300,2.95,412.72,2.007425e-04
375,34.5878,140.00,29.85,35.0000,24.3141,10.6859,600.0000,29.91,119.76,3.0300,0.00,412.64,2.011987e-04
376,34.7913,140.00,29.60,35.0000,24.3141,10.6859,600.0000,29.60,119.76,3.0300,0.00,412.56,2.016546e-04
377,35.0668,140.00,29.43,35.0000,24.3141,10.6859,600.0000,29.40,119.76,3.0300,3.11,412.48,2.021101e-04
378,34.4641,140.00,29.35,35.0000,24.3141,10.6859,600.0000,29.34,119.76,3.0300,2.68,412.41,2.025653e-04
379,35.1706,140.00,29.41,35.0000,24.3141,10.6859,600.0000,29.41,119.76,3.0300,0.00,412.33,2.030201e-04
380,34.8611,140.00,29.60,35.0000,24.3141,10.6859,600.0000,29.61,119.76,3.0300,0.00,412.25,2.034745e-04
381,35.1068,140.00,29.97,35.0000,24.3141,10.6859,600.0000,29.94,119.76,3.0300,3.20,412.18,2.039285e-04
382,34.4924,140.00,30.35,35.0000,24.3141,10.6859,600.0000,30.35,119.76,3.0300,0.00,412.10,2.043822e-04
383,34.9279,140.00,30.83,35.0000,24.3141,10.6859,600.0000,30.84,119.76,3.0300,0.00,412.02,2.048355e-04
384,34.9653,140.00,31.33,35.0000,24.3141,10.6859,600.0000,31.36,119.76,3.0300,0.00,411.94,2.052885e-04
385,34.3412,140.00,31.93,35.0000,24.3141,10.6859,600.0000,31.88,119.76,3.0300,3.35,411.87,2.057411e-04
386,34.3649,140.00,32.43,35.0000,24.3141,10.6859,600.0000,32.37,119.76,3.0300,3.48,411.79,2.061933e-04
387,34.7749,140.00,32.78,35.0000,24.3141,10.6859,600.0000,32.78,119.76,3.0300,0.00,411.71,2.066452e-04
388,34.1546,140.00,33.14,35.0000,24.3141,10.6859,600.0000,33.11,119.76,3.0300,3.15,411.64,2.070967e-04
389,34.5083,140.00,33.33,35.0000,24.3141,10.6859,600.0000,33.31,119.76,3.0300,2.88,411.56,2.075478e-04
390,34.2615,140.00,33.40,35.0000,24.3141,10.6859,600.0000,33.38,119.76,3.0300,2.99,411.49,2.079986e-04
391,34.1246,140.00,33.39,35.0000,24.3141,10.6859,600.0000,33.32,119.76,3.0300,3.59,411.41,2.084490e-04
392,34.2342,140.00,33.10,35.0000,24.3141,10.6859,600.0000,33.12,119.76,3.0300,0.00,411.33,2.088991e-04
393,34.5564,140.00,32.81,35.0000,24.3141,10.6859,600.0000,32.81,119.76,3.0300,2.64,411.26,2.093488e-04
394,34.6863,140.00,32.45,35.0000,24.3141,10.6859,600.0000,32.39,119.76,3.0300,3.38,411.18,2.097981e-04
395,34.4590,140.00,31.96,35.0000,24.3141,10.6859,600.0000,31.92,119.76,3.0300,3.28,411.10,2.102471e-04
396,34.3600,140.00,31.44,35.0000,24.3141,10.6859,600.0000,31.40,119.76,3.0300,3.21,411.03,2.106957e-04
397,34.8550,140.00,30.94,35.0000,24.3141,10.6859,600.0000,30.89,119.76,3.0300,3.43,410.95,2.111440e-04
398,34.7179,140.00,30.43,35.0000,24.3141,10.6859,600.0000,30.41,119.76,3.0300,2.88,410.88,2.115919e-04
399,34.4572,140.00,30.03,35.0000,24.3141,10.6859,600.0000,30.00,119.76,3.0300,3.09,410.80,2.120394e-04
400,34.2808,140.00,29.66,35.0000,24.3141,10.6859,600.0000,29.68,119.76,3.0300,0.00,410.73,2.124866e-04
401,34.3142,140.00,29.47,35.0000,24.3141,10.6859,600.0000,29.49,119.76,3.0300,0.00,410.65,2.129335e-04
402,34.8136,140.00,29.43,35.0000,24.3141,10.6859,600.0000,29.42,119.76,3.0300,2.57,410.58,2.133800e-04
403,34.2165,140.00,29.55,35.0000,24.3141,10.6859,600.0000,29.49,119.76,3.0300,3.43,410.50,2.138261e-04
404,34.1110,140.00,29.68,35.0000,24.3141,10.6859,600.0000,29.70,119.76,3.0300,0.00,410.43,2.142719e-04
405,34.3585,140.00,30.08,35.0000,24.3141,10.6859,600.0000,30.02,119.76,3.0300,3.49,410.35,2.147173e-04
406,34.3331,140.00,30.50,35.0000,24.3141,10.6859,600.0000,30.44,119.76,3.0300,3.48,410.28,2.151623e-04
407,34.5773,140.00,30.91,35.0000,24.3141,10.6859,600.0000,30.92,119.76,3.0300,0.00,410.20,2.156070e-04
408,34.6607,140.00,31.44,35.0000,24.3141,10.6859,600.0000,31.44,119.76,3.0300,0.00,410.13,2.160514e-04
409,34.1435,140.00,31.95,35.0000,24.3141,10.6859,600.0000,31.96,119.76,3.0300,0.00,410.05,2.164954e-04
410,34.3263,140.00,32.51,35.0000,24.3141,10.6859,600.0000,32.45,119.76,3.0300,3.50,409.98,2.169391e-04
411,34.1462,140.00,32.90,35.0000,24.3141,10.6859,600.0000,32.87,119.76,3.0300,3.22,409.90,2.173824e-04
412,34.5242,140.00,33.16,35.0000,24.3141,10.6859,600.0000,33.19,119.76,3.0300,0.00,409.83,2.178253e-04
413,33.7794,140.00,33.35,35.0000,24.3141,10.6859,600.0000,33.39,119.76,3.0300,0.00,409.75,2.182679e-04
414,34.3307,140.00,33.41,35.0000,24.3141,10.6859,600.0000,33.46,119.76,3.0300,0.00,409.68,2.187101e-04
415,34.1263,140.00,33.47,35.0000,24.3141,10.6859,600.0000,33.40,119.76,3.0300,3.54,409.61,2.191520e-04
416,34.6048,140.00,33.20,35.0000,24.3141,10.6859,600.0000,33.20,119.76,3.0300,1.82,409.53,2.195936e-04
417,34.4682,140.00,32.84,35.0000,24.3141,10.6859,600.0000,32.89,119.76,3.0300,0.00,409.46,2.200348e-04
418,34.1997,140.00,32.43,35.0000,24.3141,10.6859,600.0000,32.48,119.76,3.0300,0.00,409.38,2.204756e-04
419,34.1852,140.00,31.96,35.0000,24.3141,10.6859,600.0000,32.00,119.76,3.0300,0.00,409.31,2.209161e-04
420,34.3529,140.00,31.49,35.0000,24.3141,10.6859,600.0000,31.48,119.76,3.0300,2.55,409.24,2.213562e-04
421,34.5659,140.00,31.02,35.0000,24.3141,10.6859,600.0000,30.97,119.76,3.0300,3.35,409.16,2.217960e-04
422,34.3757,140.00,30.44,35.0000,24.3141,10.6859,600.0000,30.49,119.76,3.0300,0.00,409.09,2.222355e-04
423,34.5690,140.00,30.04,35.0000,24.3141,10.6859,600.0000,30.08,119.76,3.0300,0.00,409.02,2.226746e-04
424,33.6298,140.00,29.91,35.0000,24.3141,10.6859,600.0000,29.77,119.76,3.0300,4.07,408.94,2.231134e-04
425,33.6148,140.00,29.69,35.0000,24.3141,10.6859,600.0000,29.57,119.76,3.0300,3.91,408.87,2.235518e-04
426,33.9305,140.00,29.59,35.0000,24.3141,10.6859,600.0000,29.50,119.76,3.0300,3.68,408.80,2.239898e-04
427,34.0433,140.00,29.67,35.0000,24.3141,10.6859,600.0000,29.58,119.76,3.0300,3.75,408.72,2.244276e-04
428,34.1518,140.00,29.88,35.0000,24.3141,10.6859,600.0000,29.78,119.76,3.0300,3.83,408.65,2.248649e-04
429,33.9742,140.00,30.09,35.0000,24.3141,10.6859,600.0000,30.10,119.76,3.0300,0.00,408.58,2.253020e-04
430,33.9280,140.00,30.49,35.0000,24.3141,10.6859,600.0000,30.52,119.76,3.0300,0.00,408.50,2.257386e-04
431,33.8204,140.00,30.96,35.0000,24.3141,10.6859,600.0000,31.00,119.76,3.0300,0.00,408.43,2.261750e-04
432,34.2617,140.00,31.50,35.0000,24.3141,10.6859,600.0000,31.52,119.76,3.0300,0.00,408.36,2.266110e-04
433,34.3015,140.00,32.08,35.0000,24.3141,10.6859,600.0000,32.05,119.76,3.0300,3.22,408.29,2.270466e-04
434,34.4278,140.00,32.52,35.0000,24.3141,10.6859,600.0000,32.53,119.76,3.0300,0.00,408.21,2.274820e-04
435,33.8318,140.00,32.92,35.0000,24.3141,10.6859,600.0000,32.95,119.76,3.0300,0.00,408.14,2.279169e-04
436,34.1015,140.00,33.28,35.0000,24.3141,10.6859,600.0000,33.27,119.76,3.0300,2.72,408.07,2.283516e-04
437,33.7891,140.00,33.45,35.0000,24.3141,10.6859,600.0000,33.47,119.76,3.0300,0.00,408.00,2.287858e-04
438,33.8802,140.00,33.58,35.0000,24.3141,10.6859,600.0000,33.55,119.76,3.0300,3.18,407.92,2.292198e-04
439,34.1665,140.00,33.50,35.0000,24.3141,10.6859,600.0000,33.48,119.76,3.0300,2.94,407.85,2.296534e-04
440,33.4006,140.00,33.13,35.0000,24.3141,10.6859,600.0000,33.28,119.76,3.0300,0.00,407.78,2.300867e-04
441,33.5856,140.00,33.13,35.0000,24.3141,10.6859,600.0000,32.97,119.76,3.0300,4.13,407.71,2.305196e-04
442,33.4077,140.00,32.52,35.0000,24.3141,10.6859,600.0000,32.56,119.76,3.0300,0.00,407.64,2.309522e-04
443,34.1139,140.00,32.12,35.0000,24.3141,10.6859,600.0000,32.08,119.76,3.0300,3.20,407.56,2.313844e-04
444,33.7621,140.00,31.69,35.0000,24.3141,10.6859,600.0000,31.57,119.76,3.0300,3.98,407.49,2.318163e-04
445,33.3699,140.00,31.06,35.0000,24.3141,10.6859,600.0000,31.05,119.76,3.0300,2.72,407.42,2.322479e-04
446,33.5084,140.00,30.77,35.0000,24.3141,10.6859,600.0000,30.57,119.76,3.0300,4.34,407.35,2.326791e-04
447,33.4426,140.00,30.20,35.0000,24.3141,10.6859,600.0000,30.16,119.76,3.0300,3.23,407.28,2.331100e-04
448,33.4883,140.00,30.06,35.0000,24.3141,10.6859,600.0000,29.85,119.76,3.0300,4.41,407.21,2.335406e-04
449,33.7148,140.00,29.62,35.0000,24.3141,10.6859,600.0000,29.65,119.76,3.0300,0.00,407.13,2.339708e-04
450,34.1753,140.00,29.64,35.0000,24.3141,10.6859,600.0000,29.59,119.76,3.0300,3.42,407.06,2.344007e-04
451,33.4373,140.00,29.73,35.0000,24.3141,10.6859,600.0000,29.66,119.76,3.0300,3.59,406.99,2.348303e-04
452,33.9728,140.00,29.87,35.0000,24.3141,10.6859,600.0000,29.86,119.76,3.0300,2.63,406.92,2.352595e-04
453,33.6172,140.00,30.25,35.0000,24.3141,10.6859,600.0000,30.18,119.76,3.0300,3.50,406.85,2.356883e-04
454,33.3553,140.00,30.61,35.0000,24.3141,10.6859,600.0000,30.60,119.76,3.0300,2.80,406.78,2.361169e-04
455,34.1515,140.00,31.05,35.0000,24.3141,10.6859,600.0000,31.09,119.76,3.0300,0.00,406.71,2.365451e-04
456,34.1882,140.00,31.63,35.0000,24.3141,10.6859,600.0000,31.61,119.76,3.0300,2.91,406.64,2.369730e-04
457,33.3188,140.00,32.18,35.0000,24.3141,10.6859,600.0000,32.13,119.76,3.0300,3.38,406.57,2.374005e-04
458,33.5728,140.00,32.52,35.0000,24.3141,10.6859,600.0000,32.61,119.76,3.0300,0.00,406.50,2.378277e-04
459,33.4738,140.00,33.13,35.0000,24.3141,10.6859,600.0000,33.03,119.76,3.0300,3.77,406.43,2.382546e-04
460,33.2704,140.00,33.46,35.0000,24.3141,10.6859,600.0000,33.35,119.76,3.0300,3.82,406.35,2.386812e-04
461,34.0710,140.00,33.60,35.0000,24.3141,10.6859,600.0000,33.56,119.76,3.0300,3.34,406.28,2.391074e-04
462,33.2513,140.00,33.64,35.0000,24.3141,10.6859,600.0000,33.63,119.76,3.0300,2.75,406.21,2.395333e-04
463,33.3194,140.00,33.44,35.0000,24.3141,10.6859,600.0000,33.56,119.76,3.0300,0.00,406.14,2.399588e-04
464,33.4308,140.00,33.29,35.0000,24.3141,10.6859,600.0000,33.37,119.76,3.0300,0.00,406.07,2.403841e-04
465,33.5054,140.00,33.24,35.0000,24.3141,10.6859,600.0000,33.05,119.76,3.0300,4.29,406.00,2.408089e-04
466,34.0926,140.00,32.70,35.0000,24.3141,10.6859,600.0000,32.64,119.76,3.0300,3.50,405.93,2.412335e-04
467,33.9546,140.00,32.21,35.0000,24.3141,10.6859,600.0000,32.16,119.76,3.0300,3.34,405.86,2.416577e-04
468,33.9903,140.00,31.69,35.0000,24.3141,10.6859,600.0000,31.65,119.76,3.0300,3.24,405.79,2.420817e-04
469,33.2947,140.00,31.22,35.0000,24.3141,10.6859,600.0000,31.13,119.76,3.0300,3.73,405.72,2.425052e-04
470,33.7300,140.00,30.79,35.0000,24.3141,10.6859,600.0000,30.65,119.76,3.0300,4.00,405.65,2.429285e-04
471,33.6088,140.00,30.27,35.0000,24.3141,10.6859,600.0000,30.24,119.76,3.0300,3.11,405.59,2.433514e-04
472,34.0329,140.00,29.95,35.0000,24.3141,10.6859,600.0000,29.93,119.76,3.0300,3.03,405.52,2.437740e-04
473,33.8659,140.00,29.77,35.0000,24.3141,10.6859,600.0000,29.73,119.76,3.0300,3.27,405.45,2.441963e-04
474,33.8951,140.00,29.63,35.0000,24.3141,10.6859,600.0000,29.67,119.76,3.0300,0.00,405.38,2.446182e-04
475,33.7493,140.00,29.81,35.0000,24.3141,10.6859,600.0000,29.74,119.76,3.0300,3.58,405.31,2.450398e-04
476,33.3041,140.00,29.86,35.0000,24.3141,10.6859,600.0000,29.94,119.76,3.0300,0.00,405.24,2.454611e-04
477,33.6896,140.00,30.31,35.0000,24.3141,10.6859,600.0000,30.26,119.76,3.0300,3.35,405.17,2.458821e-04
478,33.5816,140.00,30.83,35.0000,24.3141,10.6859,600.0000,30.68,119.76,3.0300,4.08,405.10,2.463027e-04
479,33.0911,140.00,30.98,35.0000,24.3141,10.6859,600.0000,31.17,119.76,3.0300,0.00,405.03,2.467230e-04
480,33.7574,140.00,31.58,35.0000,24.3141,10.6859,600.0000,31.69,119.76,3.0300,0.00,404.96,2.471430e-04
481,33.0954,140.00,32.32,35.0000,24.3141,10.6859,600.0000,32.21,119.76,3.0300,3.84,404.89,2.475627e-04
482,32.9880,140.00,32.87,35.0000,24.3141,10.6859,600.0000,32.69,119.76,3.0300,4.22,404.82,2.479820e-04
483,33.5793,140.00,33.23,35.0000,24.3141,10.6859,600.0000,33.11,119.76,3.0300,3.92,404.76,2.484011e-04
484,33.3329,140.00,33.37,35.0000,24.3141,10.6859,600.0000,33.43,119.76,3.0300,0.00,404.69,2.488197e-04
485,33.5127,140.00,33.77,35.0000,24.3141,10.6859,600.0000,33.64,119.76,3.0300,4.02,404.62,2.492381e-04
486,33.3150,140.00,33.90,35.0000,24.3141,10.6859,600.0000,33.71,119.76,3.0300,4.30,404.55,2.496562e-04
487,33.7951,140.00,33.62,35.0000,24.3141,10.6859,600.0000,33.64,119.76,3.0300,0.00,404.48,2.500739e-04
488,33.5782,140.00,33.52,35.0000,24.3141,10.6859,600.0000,33.45,119.76,3.0300,3.60,404.41,2.504913e-04
489,33.8448,140.00,33.11,35.0000,24.3141,10.6859,600.0000,33.13,119.76,3.0300,0.00,404.35,2.509084e-04
490,32.9905,140.00,32.90,35.0000,24.3141,10.6859,600.0000,32.72,119.76,3.0300,4.24,404.28,2.513252e-04
491,33.3306,140.00,32.32,35.0000,24.3141,10.6859,600.0000,32.24,119.76,3.0300,3.60,404.21,2.517416e-04
492,33.5148,140.00,31.82,35.0000,24.3141,10.6859,600.0000,31.73,119.76,3.0300,3.73,404.14,2.521578e-04
493,33.1136,140.00,31.09,35.0000,24.3141,10.6859,600.0000,31.21,119.76,3.0300,0.00,404.07,2.525736e-04
494,33.4724,140.00,30.81,35.0000,24.3141,10.6859,600.0000,30.73,119.76,3.0300,3.58,404.01,2.529891e-04
495,33.1792,140.00,30.50,35.0000,24.3141,10.6859,600.0000,30.32,119.76,3.0300,4.23,403.94,2.534042e-04
496,33.8473,140.00,30.16,35.0000,24.3141,10.6859,600.0000,30.01,119.76,3.0300,4.08,403.87,2.538191e-04
497,33.5467,140.00,29.94,35.0000,24.3141,10.6859,600.0000,29.81,119.76,3.0300,3.99,403.80,2.542336e-04
498,33.5511,140.00,29.65,35.0000,24.3141,10.6859,600.0000,29.75,119.76,3.0300,0.00,403.74,2.546479e-04
499,33.2003,140.00,29.75,35.0000,24.3141,10.6859,600.0000,29.82,119.76,3.0300,0.00,403.67,2.550618e-04
500,33.1428,140.00,29.75,35.0000,24.3141,10.6859,600.0000,30.02,119.76,3.0300,0.00,403.60,2.554753e-04
501,33.3621,140.00,30.41,35.0000,24.3141,10.6859,600.0000,30.34,119.76,3.0300,3.49,403.53,2.558886e-04
502,33.4268,140.00,30.69,35.0000,24.3141,10.6859,600.0000,30.76,119.76,3.0300,0.00,403.47,2.563016e-04
503,33.4726,140.00,31.26,35.0000,24.3141,10.6859,600.0000,31.25,119.76,3.0300,2.85,403.40,2.567142e-04
504,33.7212,140.00,31.75,35.0000,24.3141,10.6859,600.0000,31.77,119.76,3.0300,0.00,403.33,2.571265e-04
505,33.6209,140.00,32.37,35.0000,24.3141,10.6859,600.0000,32.29,119.76,3.0300,3.69,403.26,2.575385e-04
506,33.3055,140.00,32.71,35.0000,24.3141,10.6859,600.0000,32.78,119.76,3.0300,0.00,403.20,2.579502e-04
507,33.0290,140.00,32.98,35.0000,24.3141,10.6859,600.0000,33.19,119.76,3.0300,0.00,403.13,2.583616e-04
508,33.1974,140.00,33.38,35.0000,24.3141,10.6859,600.0000,33.51,119.76,3.0300,0.00,403.06,2.587727e-04
509,33.2577,140.00,33.74,35.0000,24.3141,10.6859,600.0000,33.72,119.76,3.0300,2.93,403.00,2.591835e-04
510,32.8306,140.00,60.91,35.0000,24.3141,10.6859,600.0000,33.79,119.76,3.0300,23.51,402.93,2.595939e-04
511,33.5356,140.00,33.64,35.0000,24.3141,10.6859,600.0000,33.72,119.76,3.0300,0.00,402.86,2.600040e-04
512,33.3633,140.00,33.54,35.0000,24.3141,10.6859,600.0000,33.53,119.76,3.0300,2.82,402.80,2.604138e-04
513,32.8511,140.00,32.91,35.0000,24.3141,10.6859,600.0000,33.21,119.76,3.0300,0.00,402.73,2.608234e-04
514,33.1506,140.00,32.61,35.0000,24.3141,10.6859,600.0000,32.80,119.76,3.0300,0.00,402.66,2.612326e-04
515,33.3677,140.00,32.19,35.0000,24.3141,10.6859,600.0000,32.32,119.76,3.0300,0.00,402.60,2.616414e-04
516,33.6716,140.00,31.86,35.0000,24.3141,10.6859,600.0000,31.81,119.76,3.0300,3.40,402.53,2.620500e-04
517,33.5910,140.00,31.40,35.0000,24.3141,10.6859,600.0000,31.29,119.76,3.0300,3.86,402.47,2.624583e-04
518,33.1732,140.00,30.92,35.0000,24.3141,10.6859,600.0000,30.82,119.76,3.0300,3.83,402.40,2.628662e-04
519,33.1234,140.00,30.40,35.0000,24.3141,10.6859,600.0000,30.40,119.76,3.0300,0.00,402.33,2.632739e-04
520,33.3798,140.00,30.23,35.0000,24.3141,10.6859,600.0000,30.09,119.76,3.0300,4.07,402.27,2.636812e-04
521,32.8274,140.00,29.88,35.0000,24.3141,10.6859,600.0000,29.89,119.76,3.0300,0.00,402.20,2.640882e-04
522,33.1045,140.00,29.82,35.0000,24.3141,10.6859,600.0000,29.83,119.76,3.0300,0.00,402.14,2.644950e-04
523,32.8237,140.00,29.87,35.0000,24.3141,10.6859,600.0000,29.90,119.76,3.0300,0.00,402.07,2.649014e-04
524,33.3229,140.00,30.07,35.0000,24.3141,10.6859,600.0000,30.10,119.76,3.0300,0.00,402.01,2.653075e-04
525,33.4447,140.00,30.44,35.0000,24.3141,10.6859,600.0000,30.42,119.76,3.0300,2.89,401.94,2.657133e-04
526,33.2334,140.00,30.77,35.0000,24.3141,10.6859,600.0000,30.84,119.76,3.0300,0.00,401.87,2.661188e-04
527,33.0043,140.00,31.25,35.0000,24.3141,10.6859,600.0000,31.33,119.76,3.0300,0.00,401.81,2.665240e-04
528,33.1532,140.00,31.78,35.0000,24.3141,10.6859,600.0000,31.85,119.76,3.0300,0.00,401.74,2.669288e-04
529,33.3555,140.00,32.19,35.0000,24.3141,10.6859,600.0000,32.37,119.76,3.0300,0.00,401.68,2.673334e-04
530,32.7833,140.00,32.92,35.0000,24.3141,10.6859,600.0000,32.86,119.76,3.0300,3.48,401.61,2.677377e-04
531,33.3791,140.00,33.06,35.0000,24.3141,10.6859,600.0000,33.27,119.76,3.0300,0.00,401.55,2.681416e-04
532,33.0163,140.00,33.74,35.0000,24.3141,10.6859,600.0000,33.59,119.76,3.0300,4.08,401.48,2.685453e-04
533,33.5555,140.00,33.76,35.0000,24.3141,10.6859,600.0000,33.80,119.76,3.0300,0.00,401.42,2.689486e-04
534,33.1712,140.00,34.00,35.0000,24.3141,10.6859,600.0000,33.87,119.76,3.0300,3.98,401.35,2.693517e-04
535,32.9926,140.00,60.92,35.0000,24.3141,10.6859,600.0000,33.80,119.76,3.0300,23.51,401.29,2.697544e-04
536,33.2565,140.00,33.64,35.0000,24.3141,10.6859,600.0000,33.61,119.76,3.0300,3.12,401.22,2.701569e-04
537,32.7821,140.00,33.30,35.0000,24.3141,10.6859,600.0000,33.29,119.76,3.0300,2.38,401.16,2.705590e-04
538,32.7557,140.00,32.86,35.0000,24.3141,10.6859,600.0000,32.88,119.76,3.0300,0.00,401.09,2.709609e-04
539,32.9225,140.00,32.41,35.0000,24.3141,10.6859,600.0000,32.40,119.76,3.0300,2.63,401.03,2.713624e-04
540,33.3355,140.00,31.70,35.0000,24.3141,10.6859,600.0000,31.89,119.76,3.0300,0.00,400.96,2.717636e-04
541,33.2634,140.00,31.34,35.0000,24.3141,10.6859,600.0000,31.37,119.76,3.0300,0.00,400.90,2.721646e-04
542,33.7450,140.00,30.83,35.0000,24.3141,10.6859,600.0000,30.90,119.76,3.0300,0.00,400.84,2.725652e-04
543,32.9761,140.00,30.41,35.0000,24.3141,10.6859,600.0000,30.48,119.76,3.0300,0.00,400.77,2.729655e-04
544,33.2885,140.00,30.02,35.0000,24.3141,10.6859,600.0000,30.17,119.76,3.0300,0.00,400.71,2.733656e-04
545,33.4329,140.00,30.00,35.0000,24.3141,10.6859,600.0000,29.97,119.76,3.0300,3.07,400.64,2.737653e-04
546,33.5541,140.00,30.05,35.0000,24.3141,10.6859,600.0000,29.91,119.76,3.0300,4.06,400.58,2.741647e-04
547,33.3540,140.00,30.05,35.0000,24.3141,10.6859,600.0000,29.98,119.76,3.0300,3.60,400.51,2.745639e-04
548,33.4893,140.00,30.37,35.0000,24.3141,10.6859,600.0000,30.18,119.76,3.0300,4.26,400.45,2.749627e-04
549,32.8017,140.00,30.89,35.0000,24.3141,10.6859,600.0000,30.50,119.76,3.0300,5.03,400.39,2.753612e-04
550,33.7480,140.00,30.87,35.0000,24.3141,10.6859,600.0000,30.92,119.76,3.0300,0.00,400.32,2.757595e-04
551,33.3253,140.00,31.56,35.0000,24.3141,10.6859,600.0000,31.41,119.76,3.0300,4.12,400.26,2.761574e-04
552,33.1155,140.00,32.13,35.0000,24.3141,10.6859,600.0000,31.93,119.76,3.0300,4.35,400.20,2.765550e-04
553,33.3949,140.00,32.38,35.0000,24.3141,10.6859,600.0000,32.45,119.76,3.0300,0.00,400.13,2.769524e-04
554,33.0540,140.00,32.83,35.0000,24.3141,10.6859,600.0000,32.93,119.76,3.0300,0.00,400.07,2.773494e-04
555,32.8024,140.00,33.41,35.0000,24.3141,10.6859,600.0000,33.35,119.76,3.0300,3.45,400.01,2.777462e-04
556,33.6016,140.00,33.53,35.0000,24.3141,10.6859,600.0000,33.67,119.76,3.0300,0.00,399.94,2.781427e-04
557,33.7645,140.00,33.95,35.0000,24.3141,10.6859,600.0000,33.88,119.76,3.0300,3.61,399.88,2.785388e-04
558,32.7792,140.00,33.86,35.0000,24.3141,10.6859,600.0000,33.95,119.76,3.0300,0.00,399.81,2.789347e-04
559,33.7511,140.00,33.92,35.0000,24.3141,10.6859,600.0000,33.88,119.76,3.0300,3.19,399.75,2.793303e-04
560,33.4855,140.00,33.74,35.0000,24.3141,10.6859,600.0000,33.69,119.76,3.0300,3.36,399.69,2.797255e-04
561,33.3780,140.00,33.45,35.0000,24.3141,10.6859,600.0000,33.37,119.76,3.0300,3.63,399.63,2.801205e-04
562,33.0695,140.00,32.90,35.0000,24.3141,10.6859,600.0000,32.96,119.76,3.0300,0.00,399.56,2.805152e-04
563,33.6592,140.00,32.42,35.0000,24.3141,10.6859,600.0000,32.48,119.76,3.0300,0.00,399.50,2.809096e-04
564,33.4871,140.00,31.95,35.0000,24.3141,10.6859,600.0000,31.97,119.76,3.0300,0.00,399.44,2.813037e-04
565,33.5016,140.00,31.54,35.0000,24.3141,10.6859,600.0000,31.45,119.76,3.0300,3.66,399.37,2.816975e-04
566,33.1503,140.00,30.99,35.0000,24.3141,10.6859,600.0000,30.97,119.76,3.0300,2.84,399.31,2.820910e-04
567,33.5927,140.00,30.51,35.0000,24.3141,10.6859,600.0000,30.56,119.76,3.0300,0.00,399.25,2.824842e-04
568,33.0461,140.00,30.01,35.0000,24.3141,10.6859,600.0000,30.25,119.76,3.0300,0.00,399.19,2.828772e-04
569,33.1167,140.00,30.06,35.0000,24.3141,10.6859,600.0000,30.05,119.76,3.0300,2.55,399.12,2.832698e-04
570,33.3429,140.00,30.03,35.0000,24.3141,10.6859,600.0000,29.99,119.76,3.0300,3.24,399.06,2.836622e-04
571,33.2479,140.00,30.12,35.0000,24.3141,10.6859,600.0000,30.06,119.76,3.0300,3.45,399.00,2.840542e-04
572,33.0434,140.00,30.42,35.0000,24.3141,10.6859,600.0000,30.26,119.76,3.0300,4.16,398.94,2.844460e-04
573,32.9884,140.00,30.54,35.0000,24.3141,10.6859,600.0000,30.58,119.76,3.0300,0.00,398.87,2.848375e-04
574,33.4583,140.00,31.00,35.0000,24.3141,10.6859,600.0000,31.00,119.76,3.0300,0.00,398.81,2.852287e-04
575,33.2132,140.00,31.29,35.0000,24.3141,10.6859,600.0000,31.49,119.76,3.0300,0.00,398.75,2.856196e-04
576,33.6977,140.00,31.89,35.0000,24.3141,10.6859,600.0000,32.01,119.76,3.0300,0.00,398.69,2.860102e-04
577,33.4388,140.00,32.58,35.0000,24.3141,10.6859,600.0000,32.53,119.76,3.0300,3.40,398.63,2.864005e-04
578,33.1586,140.00,33.21,35.0000,24.3141,10.6859,600.0000,33.01,119.76,3.0300,4.34,398.56,2.867905e-04
579,33.5123,140.00,33.31,35.0000,24.3141,10.6859,600.0000,33.43,119.76,3.0300,0.00,398.50,2.871803e-04
580,33.2761,140.00,33.82,35.0000,24.3141,10.6859,600.0000,33.75,119.76,3.0300,3.56,398.44,2.875698e-04
581,33.5505,140.00,34.16,35.0000,24.3141,10.6859,600.0000,33.96,119.76,3.0300,4.36,398.38,2.879589e-04
582,33.7426,140.00,34.02,35.0000,24.3141,10.6859,600.0000,34.03,119.76,3.0300,0.00,398.32,2.883478e-04
583,33.1491,140.00,34.01,35.0000,24.3141,10.6859,600.0000,33.96,119.76,3.0300,3.39,398.25,2.887364e-04
584,33.0384,140.00,33.51,35.0000,24.3141,10.6859,600.0000,33.77,119.76,3.0300,0.00,398.19,2.891247e-04
585,33.0332,140.00,33.22,35.0000,24.3141,10.6859,600.0000,33.45,119.76,3.0300,0.00,398.13,2.895127e-04
586,33.3726,140.00,32.83,35.0000,24.3141,10.6859,600.0000,33.04,119.76,3.0300,0.00,398.07,2.899005e-04
587,33.4396,140.00,32.61,35.0000,24.3141,10.6859,600.0000,32.56,119.76,3.0300,3.39,398.01,2.902879e-04
588,33.6393,140.00,31.97,35.0000,24.3141,10.6859,600.0000,32.05,119.76,3.0300,0.00,397.95,2.906751e-04
589,33.3117,140.00,31.63,35.0000,24.3141,10.6859,600.0000,31.53,119.76,3.0300,3.78,397.89,2.910620e-04
590,33.0760,140.00,31.23,35.0000,24.3141,10.6859,600.0000,31.05,119.76,3.0300,4.24,397.82,2.914486e-04
591,33.2489,140.00,30.64,35.0000,24.3141,10.6859,600.0000,30.64,119.76,3.0300,2.03,397.76,2.918349e-04
592,33.6943,140.00,30.38,35.0000,24.3141,10.6859,600.0000,30.33,119.76,3.0300,3.44,397.70,2.922210e-04
593,33.6389,140.00,30.27,35.0000,24.3141,10.6859,600.0000,30.13,119.76,3.0300,4.02,397.64,2.926067e-04
594,33.8219,140.00,30.13,35.0000,24.3141,10.6859,600.0000,30.07,119.76,3.0300,3.49,397.58,2.929922e-04
595,33.3343,140.00,30.13,35.0000,24.3141,10.6859,600.0000,30.14,119.76,3.0300,0.00,397.52,2.933774e-04
596,33.6706,140.00,30.32,35.0000,24.3141,10.6859,600.0000,30.34,119.76,3.0300,0.00,397.46,2.937623e-04
597,33.1492,140.00,30.71,35.0000,24.3141,10.6859,600.0000,30.66,119.76,3.0300,3.32,397.40,2.941469e-04
598,33.0776,140.00,31.26,35.0000,24.3141,10.6859,600.0000,31.08,119.76,3.0300,4.25,397.34,2.945313e-04
599,32.9832,140.00,31.86,35.0000,24.3141,10.6859,600.0000,31.57,119.76,3.0300,4.71,397.28,2.949153e-04
600,33.7951,140.00,32.05,35.0000,24.3141,10.6859,600.0000,32.09,119.76,3.0300,0.00,397.22,2.952991e-04
601,33.7617,140.00,32.61,35.0000,24.3141,10.6859,600.0000,32.61,119.76,3.0300,2.52,397.16,2.956826e-04
602,33.7685,140.00,33.06,35.0000,24.3141,10.6859,600.0000,33.09,119.76,3.0300,0.00,397.10,2.960658e-04
603,33.6994,140.00,33.44,35.0000,24.3141,10.6859,600.0000,33.51,119.76,3.0300,0.00,397.03,2.964488e-04
604,33.3329,140.00,33.72,35.0000,24.3141,10.6859,600.0000,33.83,119.76,3.0300,0.00,396.97,2.968314e-04
605,33.7303,140.00,33.99,35.0000,24.3141,10.6859,600.0000,34.03,119.76,3.0300,0.00,396.91,2.972138e-04
606,33.3775,140.00,34.09,35.0000,24.3141,10.6859,600.0000,34.11,119.76,3.0300,0.00,396.85,2.975959e-04
607,33.2978,140.00,34.14,35.0000,24.3141,10.6859,600.0000,34.04,119.76,3.0300,3.77,396.79,2.979777e-04
608,33.3651,140.00,33.83,35.0000,24.3141,10.6859,600.0000,33.84,119.76,3.0300,0.00,396.73,2.983593e-04
609,33.7987,140.00,33.53,35.0000,24.3141,10.6859,600.0000,33.53,119.76,3.0300,2.25,396.67,2.987406e-04
610,33.8905,140.00,33.04,35.0000,24.3141,10.6859,600.0000,33.12,119.76,3.0300,0.00,396.61,2.991215e-04
611,34.0050,140.00,32.78,35.0000,24.3141,10.6859,600.0000,32.64,119.76,3.0300,4.04,396.55,2.995023e-04
612,33.3548,140.00,32.29,35.0000,24.3141,10.6859,600.0000,32.13,119.76,3.0300,4.16,396.49,2.998827e-04
613,34.0417,140.00,31.64,35.0000,24.3141,10.6859,600.0000,31.61,119.76,3.0300,3.14,396.43,3.002629e-04
614,33.1982,140.00,31.28,35.0000,24.3141,10.6859,600.0000,31.13,119.76,3.0300,4.08,396.37,3.006427e-04
615,33.5311,140.00,30.71,35.0000,24.3141,10.6859,600.0000,30.72,119.76,3.0300,0.00,396.32,3.010224e-04
616,33.4145,140.00,30.33,35.0000,24.3141,10.6859,600.0000,30.41,119.76,3.0300,0.00,396.26,3.014017e-04
617,33.4116,140.00,30.15,35.0000,24.3141,10.6859,600.0000,30.21,119.76,3.0300,0.00,396.20,3.017808e-04
618,33.1912,140.00,30.01,35.0000,24.3141,10.6859,600.0000,30.14,119.76,3.0300,0.00,396.14,3.021595e-04
619,33.4400,140.00,30.24,35.0000,24.3141,10.6859,600.0000,30.22,119.76,3.0300,3.03,396.08,3.025381e-04
620,33.5051,140.00,30.63,35.0000,24.3141,10.6859,600.0000,30.42,119.76,3.0300,4.37,396.02,3.029163e-04
621,33.4114,140.00,30.91,35.0000,24.3141,10.6859,600.0000,30.74,119.76,3.0300,4.22,395.96,3.032943e-04
622,33.9586,140.00,31.16,35.0000,24.3141,10.6859,600.0000,31.16,119.76,3.0300,0.00,395.90,3.036719e-04
623,33.6445,140.00,31.63,35.0000,24.3141,10.6859,600.0000,31.64,119.76,3.0300,0.00,395.84,3.040494e-04
624,34.0049,140.00,32.19,35.0000,24.3141,10.6859,600.0000,32.16,119.76,3.0300,3.00,395.78,3.044265e-04
625,33.8403,140.00,32.71,35.0000,24.3141,10.6859,600.0000,32.68,119.76,3.0300,3.00,395.72,3.048034e-04
626,33.2346,140.00,33.19,35.0000,24.3141,10.6859,600.0000,33.17,119.76,3.0300,2.93,395.66,3.051800e-04
627,33.3889,140.00,33.67,35.0000,24.3141,10.6859,600.0000,33.59,119.76,3.0300,3.67,395.60,3.055563e-04
628,33.9743,140.00,33.98,35.0000,24.3141,10.6859,600.0000,33.91,119.76,3.0300,3.57,395.55,3.059324e-04
629,34.1226,140.00,34.24,35.0000,24.3141,10.6859,600.0000,34.11,119.76,3.0300,3.95,395.49,3.063081e-04
630,33.9841,140.00,34.25,35.0000,24.3141,10.6859,600.0000,34.18,119.76,3.0300,3.50,395.43,3.066837e-04
631,34.1878,140.00,34.12,35.0000,24.3141,10.6859,600.0000,34.12,119.76,3.0300,1.64,395.37,3.070589e-04
632,33.7189,140.00,33.86,35.0000,24.3141,10.6859,600.0000,33.92,119.76,3.0300,0.00,395.31,3.074339e-04
633,33.7464,140.00,33.67,35.0000,24.3141,10.6859,600.0000,33.61,119.76,3.0300,3.45,395.25,3.078086e-04
634,34.0078,140.00,33.28,35.0000,24.3141,10.6859,600.0000,33.20,119.76,3.0300,3.64,395.19,3.081830e-04
635,34.2685,140.00,32.71,35.0000,24.3141,10.6859,600.0000,32.72,119.76,3.0300,0.00,395.14,3.085572e-04
636,33.4944,140.00,32.18,35.0000,24.3141,10.6859,600.0000,32.20,119.76,3.0300,0.00,395.08,3.089311e-04
637,33.4953,140.00,31.73,35.0000,24.3141,10.6859,600.0000,31.69,119.76,3.0300,3.20,395.02,3.093047e-04
638,34.3032,140.00,31.22,35.0000,24.3141,10.6859,600.0000,31.21,119.76,3.0300,2.70,394.96,3.096781e-04
639,33.6027,140.00,30.75,35.0000,24.3141,10.6859,600.0000,30.80,119.76,3.0300,0.00,394.90,3.100512e-04
640,33.3789,140.00,30.58,35.0000,24.3141,10.6859,600.0000,30.48,119.76,3.0300,3.80,394.84,3.104240e-04
641,34.3423,140.00,30.27,35.0000,24.3141,10.6859,600.0000,30.29,119.76,3.0300,0.00,394.79,3.107965e-04
642,34.2221,140.00,30.22,35.0000,24.3141,10.6859,600.0000,30.22,119.76,3.0300,0.00,394.73,3.111688e-04
643,33.7867,140.00,30.22,35.0000,24.3141,10.6859,600.0000,30.29,119.76,3.0300,0.00,394.67,3.115409e-04
644,33.5036,140.00,30.69,35.0000,24.3141,10.6859,600.0000,30.50,119.76,3.0300,4.31,394.61,3.119126e-04
645,34.4264,140.00,30.89,35.0000,24.3141,10.6859,600.0000,30.82,119.76,3.0300,3.55,394.55,3.122841e-04
646,34.0870,140.00,31.14,35.0000,24.3141,10.6859,600.0000,31.23,119.76,3.0300,0.00,394.50,3.126553e-04
647,33.4696,140.00,31.68,35.0000,24.3141,10.6859,600.0000,31.72,119.76,3.0300,0.00,394.44,3.130263e-04
648,34.3458,140.00,32.26,35.0000,24.3141,10.6859,600.0000,32.24,119.76,3.0300,2.93,394.38,3.133970e-04
649,34.3634,140.00,32.77,35.0000,24.3141,10.6859,600.0000,32.76,119.76,3.0300,2.65,394.32,3.137674e-04
650,33.4983,140.00,33.11,35.0000,24.3141,10.6859,600.0000,33.25,119.76,3.0300,0.00,394.27,3.141376e-04
651,34.3674,140.00,33.70,35.0000,24.3141,10.6859,600.0000,33.66,119.76,3.0300,3.13,394.21,3.145075e-04
652,34.1774,140.00,33.97,35.0000,24.3141,10.6859,600.0000,33.99,119.76,3.0300,0.00,394.15,3.148771e-04
653,34.2972,140.00,34.21,35.0000,24.3141,10.6859,600.0000,34.19,119.76,3.0300,2.96,394.09,3.152465e-04
654,34.2105,140.00,34.16,35.0000,24.3141,10.6859,600.0000,34.26,119.76,3.0300,0.00,394.04,3.156156e-04
655,34.5545,140.00,34.23,35.0000,24.3141,10.6859,600.0000,34.20,119.76,3.0300,3.19,393.98,3.159845e-04
656,34.3728,140.00,34.00,35.0000,24.3141,10.6859,600.0000,34.00,119.76,3.0300,2.38,393.92,3.163531e-04
657,33.8650,140.00,33.66,35.0000,24.3141,10.6859,600.0000,33.68,119.76,3.0300,0.00,393.86,3.167214e-04
658,34.4066,140.00,33.23,35.0000,24.3141,10.6859,600.0000,33.27,119.76,3.0300,0.00,393.81,3.170895e-04
659,34.4269,140.00,32.87,35.0000,24.3141,10.6859,600.0000,32.79,119.76,3.0300,3.57,393.75,3.174573e-04
660,33.7918,140.00,32.21,35.0000,24.3141,10.6859,600.0000,32.28,119.76,3.0300,0.00,393.69,3.178248e-04
661,34.2949,140.00,31.82,35.0000,24.3141,10.6859,600.0000,31.77,119.76,3.0300,3.37,393.64,3.181921e-04
662,34.0904,140.00,31.34,35.0000,24.3141,10.6859,600.0000,31.29,119.76,3.0300,3.43,393.58,3.185591e-04
663,33.7150,140.00,30.94,35.0000,24.3141,10.6859,600.0000,30.87,119.76,3.0300,3.49,393.52,3.189259e-04
664,33.8339,140.00,30.61,35.0000,24.3141,10.6859,600.0000,30.56,119.76,3.0300,3.34,393.47,3.192924e-04
665,34.0916,140.00,30.37,35.0000,24.3141,10.6859,600.0000,30.36,119.76,3.0300,2.55,393.41,3.196586e-04
666,34.0155,140.00,30.23,35.0000,24.3141,10.6859,600.0000,30.30,119.76,3.0300,0.00,393.35,3.200246e-04
667,34.0336,140.00,30.35,35.0000,24.3141,10.6859,600.0000,30.37,119.76,3.0300,0.00,393.30,3.203903e-04
668,33.8812,140.00,30.58,35.0000,24.3141,10.6859,600.0000,30.57,119.76,3.0300,2.26,393.24,3.207558e-04
669,34.3277,140.00,30.89,35.0000,24.3141,10.6859,600.0000,30.89,119.76,3.0300,0.00,393.18,3.211210e-04
670,34.2712,140.00,31.34,35.0000,24.3141,10.6859,600.0000,31.31,119.76,3.0300,3.12,393.13,3.214859e-04
671,34.3803,140.00,31.85,35.0000,24.3141,10.6859,600.0000,31.80,119.76,3.0300,3.40,393.07,3.218506e-04
672,34.5674,140.00,32.32,35.0000,24.3141,10.6859,600.0000,32.32,119.76,3.0300,0.00,393.01,3.222150e-04
673,33.8383,140.00,32.84,35.0000,24.3141,10.6859,600.0000,32.84,119.76,3.0300,0.00,392.96,3.225792e-04
674,33.9499,140.00,33.40,35.0000,24.3141,10.6859,600.0000,33.32,119.76,3.0300,3.60,392.90,3.229431e-04
675,34.7002,140.00,33.76,35.0000,24.3141,10.6859,600.0000,33.74,119.76,3.0300,2.81,392.85,3.233068e-04
676,34.7874,140.00,34.02,35.0000,24.3141,10.6859,600.0000,34.06,119.76,3.0300,0.00,392.79,3.236702e-04
677,34.0422,140.00,34.31,35.0000,24.3141,10.6859,600.0000,34.27,119.76,3.0300,3.26,392.73,3.240333e-04
678,34.3395,140.00,34.33,35.0000,24.3141,10.6859,600.0000,34.34,119.76,3.0300,0.00,392.68,3.243962e-04
679,34.1714,140.00,34.20,35.0000,24.3141,10.6859,600.0000,34.27,119.76,3.0300,0.00,392.62,3.247589e-04
680,34.6227,140.00,34.02,35.0000,24.3141,10.6859,600.0000,34.08,119.76,3.0300,0.00,392.57,3.251212e-04
681,34.8505,140.00,33.77,35.0000,24.3141,10.6859,600.0000,33.76,119.76,3.0300,2.72,392.51,3.254834e-04
682,34.0340,140.00,33.32,35.0000,24.3141,10.6859,600.0000,33.35,119.76,3.0300,0.00,392.45,3.258452e-04
683,34.1339,140.00,32.87,35.0000,24.3141,10.6859,600.0000,32.87,119.76,3.0300,2.13,392.40,3.262069e-04
684,34.4355,140.00,32.39,35.0000,24.3141,10.6859,600.0000,32.36,119.76,3.0300,3.16,392.34,3.265682e-04
685,34.0492,140.00,31.87,35.0000,24.3141,10.6859,600.0000,31.84,119.76,3.0300,3.07,392.29,3.269293e-04
686,34.3481,140.00,31.37,35.0000,24.3141,10.6859,600.0000,31.36,119.76,3.0300,2.50,392.23,3.272902e-04
687,34.5162,140.00,30.95,35.0000,24.3141,10.6859,600.0000,30.95,119.76,3.0300,2.25,392.18,3.276508e-04
688,34.9970,140.00,30.65,35.0000,24.3141,10.6859,600.0000,30.64,119.76,3.0300,2.68,392.12,3.280111e-04
689,35.0027,140.00,30.42,35.0000,24.3141,10.6859,600.0000,30.44,119.76,3.0300,0.00,392.07,3.283712e-04
690,34.1538,140.00,30.42,35.0000,24.3141,10.6859,600.0000,30.37,119.76,3.0300,3.36,392.01,3.287311e-04
691,34.6194,140.00,30.43,35.0000,24.3141,10.6859,600.0000,30.45,119.76,3.0300,0.00,391.96,3.290907e-04
692,34.2297,140.00,30.63,35.0000,24.3141,10.6859,600.0000,30.65,119.76,3.0300,0.00,391.90,3.294500e-04
693,34.3581,140.00,31.05,35.0000,24.3141,10.6859,600.0000,30.97,119.76,3.0300,3.64,391.84,3.298091e-04
694,34.7980,140.00,31.37,35.0000,24.3141,10.6859,600.0000,31.39,119.76,3.0300,0.00,391.79,3.301680e-04
695,34.8414,140.00,31.93,35.0000,24.3141,10.6859,600.0000,31.87,119.76,3.0300,3.46,391.73,3.305266e-04
696,34.2561,140.00,32.39,35.0000,24.3141,10.6859,600.0000,32.39,119.76,3.0300,0.00,391.68,3.308849e-04
697,34.7022,140.00,32.95,35.0000,24.3141,10.6859,600.0000,32.91,119.76,3.0300,3.17,391.62,3.312430e-04
698,34.8121,140.00,33.43,35.0000,24.3141,10.6859,600.0000,33.40,119.76,3.0300,3.10,391.57,3.316009e-04
699,34.7593,140.00,33.81,35.0000,24.3141,10.6859,600.0000,33.82,119.76,3.0300,0.00,391.51,3.319584e-04
700,34.3594,140.00,34.21,35.0000,24.3141,10.6859,600.0000,34.14,119.76,3.0300,3.59,391.46,3.323158e-04
701,34.6930,140.00,34.35,35.0000,24.3141,10.6859,600.0000,34.34,119.76,3.0300,2.60,391.41,3.326729e-04
702,35.2018,140.00,34.43,35.0000,24.3141,10.6859,600.0000,34.41,119.76,3.0300,2.88,391.35,3.330297e-04
703,34.7066,140.00,34.39,35.0000,24.3141,10.6859,600.0000,34.35,119.76,3.0300,3.32,391.30,3.333863e-04
704,34.3649,140.00,34.11,35.0000,24.3141,10.6859,600.0000,34.15,119.76,3.0300,0.00,391.24,3.337427e-04
705,34.5040,140.00,33.78,35.0000,24.3141,10.6859,600.0000,33.84,119.76,3.0300,0.00,391.19,3.340988e-04
706,34.5368,140.00,33.40,35.0000,24.3141,10.6859,600.0000,33.43,119.76,3.0300,0.00,391.13,3.344547e-04
707,34.8631,140.00,32.94,35.0000,24.3141,10.6859,600.0000,32.95,119.76,3.0300,0.00,391.08,3.348103e-04
708,34.5772,140.00,32.45,35.0000,24.3141,10.6859,600.0000,32.43,119.76,3.0300,2.79,391.02,3.351656e-04
709,34.4571,140.00,31.95,35.0000,24.3141,10.6859,600.0000,31.92,119.76,3.0300,3.20,390.97,3.355207e-04
710,35.1138,140.00,31.45,35.0000,24.3141,10.6859,600.0000,31.44,119.76,3.0300,2.81,390.92,3.358756e-04
711,35.2476,140.00,31.03,35.0000,24.3141,10.6859,600.0000,31.03,119.76,3.0300,2.22,390.86,3.362302e-04
712,35.2944,140.00,30.73,35.0000,24.3141,10.6859,600.0000,30.71,119.76,3.0300,2.90,390.81,3.365846e-04
713,34.4990,140.00,30.51,35.0000,24.3141,10.6859,600.0000,30.52,119.76,3.0300,0.00,390.75,3.369388e-04
714,34.8021,140.00,30.47,35.0000,24.3141,10.6859,600.0000,30.45,119.76,3.0300,2.97,390.70,3.372927e-04
715,35.3499,140.00,30.53,35.0000,24.3141,10.6859,600.0000,30.52,119.76,3.0300,2.46,390.65,3.376463e-04
716,34.8327,140.00,30.73,35.0000,24.3141,10.6859,600.0000,30.72,119.76,3.0300,2.54,390.59,3.379997e-04
717,35.3315,140.00,31.04,35.0000,24.3141,10.6859,600.0000,31.05,119.76,3.0300,0.00,390.54,3.383529e-04
718,34.9468,140.00,31.44,35.0000,24.3141,10.6859,600.0000,31.46,119.76,3.0300,0.00,390.48,3.387058e-04
719,34.6121,140.00,31.93,35.0000,24.3141,10.6859,600.0000,31.95,119.76,3.0300,0.00,390.43,3.390584e-04
720,35.4016,140.00,32.45,35.0000,24.3141,10.6859,600.0000,32.47,119.76,3.0300,0.00,390.38,3.394109e-04
721,35.0122,140.00,32.97,35.0000,24.3141,10.6859,600.0000,32.99,119.76,3.0300,0.00,390.32,3.397631e-04
722,35.0632,140.00,33.48,35.0000,24.3141,10.6859,600.0000,33.48,119.76,3.0300,2.14,390.27,3.401150e-04
723,35.4054,140.00,33.90,35.0000,24.3141,10.6859,600.0000,33.89,119.76,3.0300,2.54,390.22,3.404667e-04
724,34.6532,140.00,34.22,35.0000,24.3141,10.6859,600.0000,34.21,119.76,3.0300,2.60,390.16,3.408182e-04
725,35.0738,140.00,34.46,35.0000,24.3141,10.6859,600.0000,34.42,119.76,3.0300,3.25,390.11,3.411694e-04
726,35.4880,140.00,34.50,35.0000,24.3141,10.6859,600.0000,34.49,119.76,3.0300,2.77,390.05,3.415204e-04
727,34.7463,140.00,34.48,35.0000,24.3141,10.6859,600.0000,34.42,119.76,3.0300,3.42,390.00,3.418711e-04
728,35.6011,140.00,34.24,35.0000,24.3141,10.6859,600.0000,34.23,119.76,3.0300,2.63,389.95,3.422216e-04
729,35.0165,140.00,33.93,35.0000,24.3141,10.6859,600.0000,33.91,119.76,3.0300,2.82,389.89,3.425718e-04
730,35.1932,140.00,33.50,35.0000,24.3141,10.6859,600.0000,33.50,119.76,3.0300,0.00,389.84,3.429219e-04
731,35.4268,140.00,33.01,35.0000,24.3141,10.6859,600.0000,33.02,119.76,3.0300,0.00,389.79,3.432716e-04
732,35.0716,140.00,32.52,35.0000,24.3141,10.6859,600.0000,32.51,119.76,3.0300,2.83,389.74,3.436212e-04
733,35.1589,140.00,32.02,35.0000,24.3141,10.6859,600.0000,31.99,119.76,3.0300,2.99,389.68,3.439705e-04
734,35.0801,140.00,31.54,35.0000,24.3141,10.6859,600.0000,31.51,119.76,3.0300,3.12,389.63,3.443195e-04
735,35.6746,140.00,31.11,35.0000,24.3141,10.6859,600.0000,31.10,119.76,3.0300,2.76,389.58,3.446683e-04
736,35.3090,140.00,30.79,35.0000,24.3141,10.6859,600.0000,30.79,119.76,3.0300,2.31,389.52,3.450169e-04
737,35.6074,140.00,30.61,35.0000,24.3141,10.6859,600.0000,30.59,119.76,3.0300,3.01,389.47,3.453652e-04
738,35.2305,140.00,30.53,35.0000,24.3141,10.6859,600.0000,30.52,119.76,3.0300,2.49,389.42,3.457134e-04
739,35.6640,140.00,30.60,35.0000,24.3141,10.6859,600.0000,30.60,119.76,3.0300,2.08,389.37,3.460612e-04
740,34.9692,140.00,30.78,35.0000,24.3141,10.6859,600.0000,30.80,119.76,3.0300,0.00,389.31,3.464088e-04
741,35.1354,140.00,31.12,35.0000,24.3141,10.6859,600.0000,31.12,119.76,3.0300,0.00,389.26,3.467562e-04
742,34.8736,140.00,31.58,35.0000,24.3141,10.6859,600.0000,31.54,119.76,3.0300,3.23,389.21,3.471034e-04
743,35.7207,140.00,32.03,35.0000,24.3141,10.6859,600.0000,32.02,119.76,3.0300,2.41,389.15,3.474503e-04
744,35.0673,140.00,32.54,35.0000,24.3141,10.6859,600.0000,32.54,119.76,3.0300,0.00,389.10,3.477970e-04
745,35.3264,140.00,33.05,35.0000,24.3141,10.6859,600.0000,33.06,119.76,3.0300,0.00,389.05,3.481434e-04
746,35.1974,140.00,33.55,35.0000,24.3141,10.6859,600.0000,33.55,119.76,3.0300,2.11,389.00,3.484896e-04
747,35.0326,140.00,33.95,35.0000,24.3141,10.6859,600.0000,33.97,119.76,3.0300,0.00,388.94,3.488356e-04
748,35.1287,140.00,34.30,35.0000,24.3141,10.6859,600.0000,34.29,119.76,3.0300,2.81,388.89,3.491814e-04
749,34.9849,140.00,34.48,35.0000,24.3141,10.6859,600.0000,34.49,119.76,3.0300,0.00,388.84,3.495269e-04
750,35.9418,140.00,34.56,35.0000,24.3141,10.6859,600.0000,34.56,119.76,3.0300,0.00,388.79,3.498721e-04
751,35.0240,140.00,34.52,35.0000,24.3141,10.6859,600.0000,34.50,119.76,3.0300,3.07,388.74,3.502172e-04
752,35.3329,140.00,34.31,35.0000,24.3141,10.6859,600.0000,34.30,119.76,3.0300,2.46,388.68,3.505620e-04
753,35.7112,140.00,34.01,35.0000,24.3141,10.6859,600.0000,33.99,119.76,3.0300,3.06,388.63,3.509065e-04
754,35.1109,140.00,33.57,35.0000,24.3141,10.6859,600.0000,33.57,119.76,3.0300,0.00,388.58,3.512509e-04
755,35.0983,140.00,33.12,35.0000,24.3141,10.6859,600.0000,33.09,119.76,3.0300,2.93,388.53,3.515950e-04
756,35.3186,140.00,32.61,35.0000,24.3141,10.6859,600.0000,32.58,119.76,3.0300,3.07,388.48,3.519389e-04
757,35.2326,140.00,32.07,35.0000,24.3141,10.6859,600.0000,32.07,119.76,3.0300,2.18,388.42,3.522825e-04
758,35.4571,140.00,31.60,35.0000,24.3141,10.6859,600.0000,31.59,119.76,3.0300,2.82,388.37,3.526259e-04
759,35.1288,140.00,31.15,35.0000,24.3141,10.6859,600.0000,31.18,119.76,3.0300,0.00,388.32,3.529691e-04
760,35.7482,140.00,30.87,35.0000,24.3141,10.6859,600.0000,30.86,119.76,3.0300,2.47,388.27,3.533120e-04
761,35.4842,140.00,30.64,35.0000,24.3141,10.6859,600.0000,30.66,119.76,3.0300,0.00,388.22,3.536547e-04
762,36.0603,140.00,30.61,35.0000,24.3141,10.6859,600.0000,30.60,119.76,3.0300,2.76,388.17,3.539972e-04
763,35.5466,140.00,30.67,35.0000,24.3141,10.6859,600.0000,30.67,119.76,3.0300,0.00,388.11,3.543394e-04
764,35.8065,140.00,30.88,35.0000,24.3141,10.6859,600.0000,30.87,119.76,3.0300,2.52,388.06,3.546815e-04
765,35.7154,140.00,31.21,35.0000,24.3141,10.6859,600.0000,31.19,119.76,3.0300,2.76,388.01,3.550232e-04
766,35.5349,140.00,31.63,35.0000,24.3141,10.6859,600.0000,31.61,119.76,3.0300,2.95,387.96,3.553648e-04
767,36.0392,140.00,32.09,35.0000,24.3141,10.6859,600.0000,32.10,119.76,3.0300,0.00,387.91,3.557061e-04
768,35.8143,140.00,32.61,35.0000,24.3141,10.6859,600.0000,32.62,119.76,3.0300,0.00,387.86,3.560472e-04
769,35.5143,140.00,33.17,35.0000,24.3141,10.6859,600.0000,33.14,119.76,3.0300,3.21,387.81,3.563881e-04
770,35.2803,140.00,33.62,35.0000,24.3141,10.6859,600.0000,33.62,119.76,3.0300,2.00,387.75,3.567287e-04
771,35.4296,140.00,34.05,35.0000,24.3141,10.6859,600.0000,34.04,119.76,3.0300,2.52,387.70,3.570692e-04
772,35.4659,140.00,34.38,35.0000,24.3141,10.6859,600.0000,34.36,119.76,3.0300,2.84,387.65,3.574093e-04
773,36.0226,140.00,34.57,35.0000,24.3141,10.6859,600.0000,34.56,119.76,3.0300,2.42,387.60,3.577493e-04
774,35.8796,140.00,34.65,35.0000,24.3141,10.6859,600.0000,34.64,119.76,3.0300,2.70,387.55,3.580890e-04
775,35.3659,140.00,34.58,35.0000,24.3141,10.6859,600.0000,34.57,119.76,3.0300,2.58,387.50,3.584285e-04
776,36.2110,140.00,34.38,35.0000,24.3141,10.6859,600.0000,34.37,119.76,3.0300,2.21,387.45,3.587678e-04
777,35.7685,140.00,34.09,35.0000,24.3141,10.6859,600.0000,34.06,119.76,3.0300,3.06,387.40,3.591068e-04
778,36.0909,140.00,33.65,35.0000,24.3141,10.6859,600.0000,33.65,119.76,3.0300,2.37,387.35,3.594457e-04
779,35.7731,140.00,33.18,35.0000,24.3141,10.6859,600.0000,33.17,119.76,3.0300,2.76,387.30,3.597842e-04
780,35.8756,140.00,32.65,35.0000,24.3141,10.6859,600.0000,32.65,119.76,3.0300,0.00,387.24,3.601226e-04
781,35.4399,140.00,32.13,35.0000,24.3141,10.6859,600.0000,32.14,119.76,3.0300,0.00,387.19,3.604607e-04
782,35.6406,140.00,31.66,35.0000,24.3141,10.6859,600.0000,31.66,119.76,3.0300,2.12,387.14,3.607987e-04
783,35.5719,140.00,31.25,35.0000,24.3141,10.6859,600.0000,31.25,119.76,3.0300,2.48,387.09,3.611364e-04
784,35.8461,140.00,30.95,35.0000,24.3141,10.6859,600.0000,30.93,119.76,3.0300,2.89,387.04,3.614738e-04
785,35.9513,140.00,30.75,35.0000,24.3141,10.6859,600.0000,30.74,119.76,3.0300,2.74,386.99,3.618111e-04
786,36.2826,140.00,30.67,35.0000,24.3141,10.6859,600.0000,30.67,119.76,3.0300,2.26,386.94,3.621481e-04
787,36.4650,140.00,30.74,35.0000,24.3141,10.6859,600.0000,30.74,119.76,3.0300,0.00,386.89,3.624849e-04
788,35.9631,140.00,30.94,35.0000,24.3141,10.6859,600.0000,30.95,119.76,3.0300,0.00,386.84,3.628214e-04
789,36.4217,140.00,31.27,35.0000,24.3141,10.6859,600.0000,31.27,119.76,3.0300,2.38,386.79,3.631578e-04
790,36.2747,140.00,31.68,35.0000,24.3141,10.6859,600.0000,31.68,119.76,3.0300,0.00,386.74,3.634939e-04
791,36.0293,140.00,32.19,35.0000,24.3141,10.6859,600.0000,32.17,119.76,3.0300,2.83,386.69,3.638298e-04
792,35.6336,140.00,32.70,35.0000,24.3141,10.6859,600.0000,32.69,119.76,3.0300,2.77,386.64,3.641655e-04
793,36.0270,140.00,33.20,35.0000,24.3141,10.6859,600.0000,33.21,119.76,3.0300,0.00,386.59,3.645009e-04
794,36.5139,140.00,33.70,35.0000,24.3141,10.6859,600.0000,33.70,119.76,3.0300,2.31,386.54,3.648361e-04
795,35.6444,140.00,34.13,35.0000,24.3141,10.6859,600.0000,34.11,119.76,3.0300,2.94,386.49,3.651711e-04
796,36.0456,140.00,34.46,35.0000,24.3141,10.6859,600.0000,34.43,119.76,3.0300,3.04,386.44,3.655059e-04
797,36.0089,140.00,34.65,35.0000,24.3141,10.6859,600.0000,34.64,119.76,3.0300,2.84,386.39,3.658405e-04
798,36.5053,140.00,34.71,35.0000,24.3141,10.6859,600.0000,34.71,119.76,3.0300,0.00,386.34,3.661748e-04
799,36.2894,140.00,34.65,35.0000,24.3141,10.6859,600.0000,34.64,119.76,3.0300,2.58,386.29,3.665089e-04
800,35.9725,140.00,34.45,35.0000,24.3141,10.6859,600.0000,34.45,119.76,3.0300,2.37,386.24,3.668428e-04
801,36.3352,140.00,34.13,35.0000,24.3141,10.6859,600.0000,34.13,119.76,3.0300,0.00,386.19,3.671765e-04
802,35.8975,140.00,33.74,35.0000,24.3141,10.6859,600.0000,33.72,119.76,3.0300,2.92,386.14,3.675100e-04
803,36.2343,140.00,33.24,35.0000,24.3141,10.6859,600.0000,33.24,119.76,3.0300,0.00,386.09,3.678432e-04
804,36.4772,140.00,32.73,35.0000,24.3141,10.6859,600.0000,32.73,119.76,3.0300,2.52,386.04,3.681762e-04
805,35.6908,140.00,32.22,35.0000,24.3141,10.6859,600.0000,32.21,119.76,3.0300,2.49,385.99,3.685090e-04
806,36.6140,140.00,31.73,35.0000,24.3141,10.6859,600.0000,31.73,119.76,3.0300,2.26,385.94,3.688416e-04
807,36.6950,140.00,31.32,35.0000,24.3141,10.6859,600.0000,31.32,119.76,3.0300,2.04,385.89,3.691740e-04
808,36.3959,140.00,31.01,35.0000,24.3141,10.6859,600.0000,31.01,119.76,3.0300,0.00,385.84,3.695061e-04
809,36.3220,140.00,30.80,35.0000,24.3141,10.6859,600.0000,30.81,119.76,3.0300,0.00,385.79,3.698380e-04
810,36.6121,140.00,30.75,35.0000,24.3141,10.6859,600.0000,30.74,119.76,3.0300,2.60,385.74,3.701697e-04
811,35.8631,140.00,30.80,35.0000,24.3141,10.6859,600.0000,30.82,119.76,3.0300,0.00,385.69,3.705012e-04
812,36.5957,140.00,31.02,35.0000,24.3141,10.6859,600.0000,31.02,119.76,3.0300,0.00,385.65,3.708325e-04
813,35.9114,140.00,31.35,35.0000,24.3141,10.6859,600.0000,31.34,119.76,3.0300,2.54,385.60,3.711636e-04
814,36.2050,140.00,31.76,35.0000,24.3141,10.6859,600.0000,31.76,119.76,3.0300,0.00,385.55,3.714944e-04
815,35.8679,140.00,32.24,35.0000,24.3141,10.6859,600.0000,32.24,119.76,3.0300,0.00,385.50,3.718250e-04
816,36.6091,140.00,32.76,35.0000,24.3141,10.6859,600.0000,32.76,119.76,3.0300,2.19,385.45,3.721554e-04
817,36.2939,140.00,33.30,35.0000,24.3141,10.6859,600.0000,33.28,119.76,3.0300,2.82,385.40,3.724856e-04
818,36.3006,140.00,33.76,35.0000,24.3141,10.6859,600.0000,33.77,119.76,3.0300,0.00,385.35,3.728156e-04
819,36.6284,140.00,34.20,35.0000,24.3141,10.6859,600.0000,34.19,119.76,3.0300,2.66,385.30,3.731453e-04
820,36.5898,140.00,34.51,35.0000,24.3141,10.6859,600.0000,34.51,119.76,3.0300,2.51,385.25,3.734749e-04
821,36.4411,140.00,34.72,35.0000,24.3141,10.6859,600.0000,34.71,119.76,3.0300,2.61,385.20,3.738042e-04
822,36.8182,140.00,34.79,35.0000,24.3141,10.6859,600.0000,34.78,119.76,3.0300,2.62,385.16,3.741333e-04
823,36.4258,140.00,34.72,35.0000,24.3141,10.6859,600.0000,34.71,119.76,3.0300,2.60,385.11,3.744622e-04
824,36.7238,140.00,34.53,35.0000,24.3141,10.6859,600.0000,34.52,119.76,3.0300,2.84,385.06,3.747909e-04
825,36.4848,140.00,34.22,35.0000,24.3141,10.6859,600.0000,34.20,119.76,3.0300,2.74,385.01,3.751193e-04
826,36.3107,140.00,33.81,35.0000,24.3141,10.6859,600.0000,33.79,119.76,3.0300,2.89,384.96,3.754476e-04
827,36.5973,140.00,33.32,35.0000,24.3141,10.6859,600.0000,33.31,119.76,3.0300,2.43,384.91,3.757756e-04
828,36.8088,140.00,32.80,35.0000,24.3141,10.6859,600.0000,32.80,119.76,3.0300,2.44,384.86,3.761034e-04
829,36.6629,140.00,32.29,35.0000,24.3141,10.6859,600.0000,32.28,119.76,3.0300,2.55,384.81,3.764310e-04
830,35.9546,140.00,31.82,35.0000,24.3141,10.6859,600.0000,31.80,119.76,3.0300,2.88,384.77,3.767584e-04
831,36.3935,140.00,31.40,35.0000,24.3141,10.6859,600.0000,31.39,119.76,3.0300,2.63,384.72,3.770856e-04
832,36.2685,140.00,31.08,35.0000,24.3141,10.6859,600.0000,31.08,119.76,3.0300,2.46,384.67,3.774126e-04
833,36.7548,140.00,30.89,35.0000,24.3141,10.6859,600.0000,30.88,119.76,3.0300,2.48,384.62,3.777394e-04
834,36.2312,140.00,30.81,35.0000,24.3141,10.6859,600.0000,30.82,119.76,3.0300,0.00,384.57,3.780659e-04
835,35.9826,140.00,30.89,35.0000,24.3141,10.6859,600.0000,30.89,119.76,3.0300,2.10,384.52,3.783922e-04
836,36.8607,140.00,31.09,35.0000,24.3141,10.6859,600.0000,31.09,119.76,3.0300,0.00,384.48,3.787184e-04
837,36.4065,140.00,31.41,35.0000,24.3141,10.6859,600.0000,31.41,119.76,3.0300,2.36,384.43,3.790443e-04
838,36.9609,140.00,31.83,35.0000,24.3141,10.6859,600.0000,31.83,119.76,3.0300,2.55,384.38,3.793700e-04
839,36.2267,140.00,32.31,35.0000,24.3141,10.6859,600.0000,32.31,119.76,3.0300,0.00,384.33,3.796955e-04
840,36.2911,140.00,32.83,35.0000,24.3141,10.6859,600.0000,32.83,119.76,3.0300,0.00,384.28,3.800207e-04
841,36.6364,140.00,33.36,35.0000,24.3141,10.6859,600.0000,33.35,119.76,3.0300,2.20,384.24,3.803458e-04
842,36.8232,140.00,33.85,35.0000,24.3141,10.6859,600.0000,33.84,119.76,3.0300,2.79,384.19,3.806707e-04
843,36.6475,140.00,34.26,35.0000,24.3141,10.6859,600.0000,34.26,119.76,3.0300,0.00,384.14,3.809953e-04
844,36.2198,140.00,34.60,35.0000,24.3141,10.6859,600.0000,34.58,119.76,3.0300,2.98,384.09,3.813198e-04
845,36.8278,140.00,34.80,35.0000,24.3141,10.6859,600.0000,34.78,119.76,3.0300,2.90,384.04,3.816440e-04
846,36.6599,140.00,34.85,35.0000,24.3141,10.6859,600.0000,34.85,119.76,3.0300,2.29,384.00,3.819680e-04
847,36.0803,140.00,34.80,35.0000,24.3141,10.6859,600.0000,34.79,119.76,3.0300,2.81,383.95,3.822918e-04
848,36.6777,140.00,34.61,35.0000,24.3141,10.6859,600.0000,34.59,119.76,3.0300,2.87,383.90,3.826154e-04
849,36.8828,140.00,34.29,35.0000,24.3141,10.6859,600.0000,34.27,119.76,3.0300,2.76,383.85,3.829388e-04
850,36.6911,140.00,33.86,35.0000,24.3141,10.6859,600.0000,33.86,119.76,3.0300,1.86,383.81,3.832620e-04
851,36.8467,140.00,33.39,35.0000,24.3141,10.6859,600.0000,33.38,119.76,3.0300,2.43,383.76,3.835850e-04
852,36.3350,140.00,32.87,35.0000,24.3141,10.6859,600.0000,32.87,119.76,3.0300,2.34,383.71,3.839078e-04
853,36.3008,140.00,32.35,35.0000,24.3141,10.6859,600.0000,32.35,119.76,3.0300,0.00,383.66,3.842303e-04
854,36.7453,140.00,31.88,35.0000,24.3141,10.6859,600.0000,31.87,119.76,3.0300,2.01,383.62,3.845527e-04
855,36.9135,140.00,31.47,35.0000,24.3141,10.6859,600.0000,31.46,119.76,3.0300,2.61,383.57,3.848749e-04
856,36.9163,140.00,31.15,35.0000,24.3141,10.6859,600.0000,31.15,119.76,3.0300,0.00,383.52,3.851968e-04
857,36.8123,140.00,30.95,35.0000,24.3141,10.6859,600.0000,30.95,119.76,3.0300,2.02,383.47,3.855185e-04
858,36.9065,140.00,30.89,35.0000,24.3141,10.6859,600.0000,30.89,119.76,3.0300,2.12,383.43,3.858401e-04
859,36.5909,140.00,30.97,35.0000,24.3141,10.6859,600.0000,30.96,119.76,3.0300,2.60,383.38,3.861614e-04
860,36.7549,140.00,31.16,35.0000,24.3141,10.6859,600.0000,31.16,119.76,3.0300,2.41,383.33,3.864825e-04
861,36.3936,140.00,31.48,35.0000,24.3141,10.6859,600.0000,31.48,119.76,3.0300,0.00,383.28,3.868035e-04
862,36.9323,140.00,31.91,35.0000,24.3141,10.6859,600.0000,31.90,119.76,3.0300,2.67,383.24,3.871242e-04
863,36.6448,140.00,32.39,35.0000,24.3141,10.6859,600.0000,32.38,119.76,3.0300,2.69,383.19,3.874447e-04
864,36.3675,140.00,32.91,35.0000,24.3141,10.6859,600.0000,32.90,119.76,3.0300,2.35,383.14,3.877650e-04
865,36.6728,140.00,33.43,35.0000,24.3141,10.6859,600.0000,33.42,119.76,3.0300,2.58,383.10,3.880851e-04
866,36.9101,140.00,33.92,35.0000,24.3141,10.6859,600.0000,33.91,119.76,3.0300,2.58,383.05,3.884050e-04
867,37.0575,140.00,34.33,35.0000,24.3141,10.6859,600.0000,34.33,119.76,3.0300,2.32,383.00,3.887247e-04
868,36.5839,140.00,34.66,35.0000,24.3141,10.6859,600.0000,34.65,119.76,3.0300,2.57,382.96,3.890442e-04
869,36.3811,140.00,34.87,35.0000,24.3141,10.6859,600.0000,34.85,119.76,3.0300,2.93,382.91,3.893634e-04
870,36.6503,140.00,34.94,35.0000,24.3141,10.6859,600.0000,34.92,119.76,3.0300,2.92,382.86,3.896825e-04
871,37.1653,140.00,34.87,35.0000,24.3141,10.6859,600.0000,34.86,119.76,3.0300,2.66,382.82,3.900014e-04
872,36.3530,140.00,34.68,35.0000,24.3141,10.6859,600.0000,34.66,119.76,3.0300,2.83,382.77,3.903201e-04
873,37.0248,140.00,34.36,35.0000,24.3141,10.6859,600.0000,34.34,119.76,3.0300,2.81,382.72,3.906386e-04
874,36.4728,140.00,33.95,35.0000,24.3141,10.6859,600.0000,33.93,119.76,3.0300,2.84,382.68,3.909568e-04
875,36.5642,140.00,33.46,35.0000,24.3141,10.6859,600.0000,33.45,119.76,3.0300,2.38,382.63,3.912749e-04
876,36.5501,140.00,32.95,35.0000,24.3141,10.6859,600.0000,32.94,119.76,3.0300,2.74,382.58,3.915928e-04
877,36.5448,140.00,32.43,35.0000,24.3141,10.6859,600.0000,32.42,119.76,3.0300,2.54,382.54,3.919104e-04
878,36.8154,140.00,31.95,35.0000,24.3141,10.6859,600.0000,31.94,119.76,3.0300,2.66,382.49,3.922279e-04
879,37.1341,140.00,31.53,35.0000,24.3141,10.6859,600.0000,31.53,119.76,3.0300,0.00,382.44,3.925452e-04
880,36.6723,140.00,31.23,35.0000,24.3141,10.6859,600.0000,31.22,119.76,3.0300,2.73,382.40,3.928622e-04
881,37.0310,140.00,31.02,35.0000,24.3141,10.6859,600.0000,31.02,119.76,3.0300,0.00,382.35,3.931791e-04
882,36.3834,140.00,30.97,35.0000,24.3141,10.6859,600.0000,30.96,119.76,3.0300,2.62,382.30,3.934958e-04
883,36.7893,140.00,31.03,35.0000,24.3141,10.6859,600.0000,31.03,119.76,3.0300,0.00,382.26,3.938122e-04
884,36.6073,140.00,31.24,35.0000,24.3141,10.6859,600.0000,31.23,119.76,3.0300,2.57,382.21,3.941285e-04
885,36.8199,140.00,31.55,35.0000,24.3141,10.6859,600.0000,31.55,119.76,3.0300,0.00,382.17,3.944446e-04
886,36.3612,140.00,31.96,35.0000,24.3141,10.6859,600.0000,31.97,119.76,3.0300,0.00,382.12,3.947604e-04
887,36.7735,140.00,32.46,35.0000,24.3141,10.6859,600.0000,32.45,119.76,3.0300,2.66,382.07,3.950761e-04
888,36.2461,140.00,32.97,35.0000,24.3141,10.6859,600.0000,32.97,119.76,3.0300,0.00,382.03,3.953916e-04
889,36.7846,140.00,33.51,35.0000,24.3141,10.6859,600.0000,33.49,119.76,3.0300,2.82,381.98,3.957068e-04
890,36.8955,140.00,34.00,35.0000,24.3141,10.6859,600.0000,33.98,119.76,3.0300,2.82,381.94,3.960219e-04
891,36.5115,140.00,34.42,35.0000,24.3141,10.6859,600.0000,34.40,119.76,3.0300,2.90,381.89,3.963368e-04
892,36.4599,140.00,34.71,35.0000,24.3141,10.6859,600.0000,34.72,119.76,3.0300,0.00,381.84,3.966515e-04
893,37.1453,140.00,34.93,35.0000,24.3141,10.6859,600.0000,34.92,119.76,3.0300,2.54,381.80,3.969659e-04
894,36.9262,140.00,34.99,35.0000,24.3141,10.6859,600.0000,34.99,119.76,3.0300,2.00,381.75,3.972802e-04
895,36.5353,140.00,34.94,35.0000,24.3141,10.6859,600.0000,34.93,119.76,3.0300,2.64,381.71,3.975943e-04
896,36.8106,140.00,34.74,35.0000,24.3141,10.6859,600.0000,34.73,119.76,3.0300,2.70,381.66,3.979082e-04
897,36.9904,140.00,34.42,35.0000,24.3141,10.6859,600.0000,34.41,119.76,3.0300,2.47,381.61,3.982219e-04
898,36.4809,140.00,34.01,35.0000,24.3141,10.6859,600.0000,34.00,119.76,3.0300,2.62,381.57,3.985354e-04
899,36.3074,140.00,33.54,35.0000,24.3141,10.6859,600.0000,33.52,119.76,3.0300,2.96,381.52,3.988487e-04
900,36.6904,140.00,33.02,35.0000,24.3141,10.6859,600.0000,33.01,119.76,3.0300,2.66,381.48,3.991618e-04
901,36.3445,140.00,32.50,35.0000,24.3141,10.6859,600.0000,32.49,119.76,3.0300,2.71,381.43,3.994747e-04
902,37.1933,140.00,32.02,35.0000,24.3141,10.6859,600.0000,32.01,119.76,3.0300,2.60,381.39,3.997874e-04
903,36.4922,140.00,31.61,35.0000,24.3141,10.6859,600.0000,31.60,119.76,3.0300,2.73,381.34,4.000999e-04
904,36.3565,140.00,31.28,35.0000,24.3141,10.6859,600.0000,31.29,119.76,3.0300,0.00,381.30,4.004123e-04
905,36.6500,140.00,31.10,35.0000,24.3141,10.6859,600.0000,31.09,119.76,3.0300,2.72,381.25,4.007244e-04
906,36.5838,140.00,31.02,35.0000,24.3141,10.6859,600.0000,31.03,119.76,3.0300,0.00,381.21,4.010363e-04
907,36.7385,140.00,31.11,35.0000,24.3141,10.6859,600.0000,31.10,119.76,3.0300,2.67,381.16,4.013481e-04
908,37.0769,140.00,31.30,35.0000,24.3141,10.6859,600.0000,31.30,119.76,3.0300,2.25,381.11,4.016596e-04
909,36.7888,140.00,31.62,35.0000,24.3141,10.6859,600.0000,31.62,119.76,3.0300,2.30,381.07,4.019709e-04
910,36.7361,140.00,32.04,35.0000,24.3141,10.6859,600.0000,32.04,119.76,3.0300,2.20,381.02,4.022821e-04
911,36.8606,140.00,32.53,35.0000,24.3141,10.6859,600.0000,32.52,119.76,3.0300,2.61,380.98,4.025931e-04
912,36.7728,140.00,33.05,35.0000,24.3141,10.6859,600.0000,33.04,119.76,3.0300,2.68,380.93,4.029038e-04
913,37.1899,140.00,33.56,35.0000,24.3141,10.6859,600.0000,33.56,119.76,3.0300,2.14,380.89,4.032144e-04
914,36.7745,140.00,34.06,35.0000,24.3141,10.6859,600.0000,34.05,119.76,3.0300,2.58,380.84,4.035248e-04
915,37.0893,140.00,34.47,35.0000,24.3141,10.6859,600.0000,34.47,119.76,3.0300,2.54,380.80,4.038350e-04
916,36.7841,140.00,34.80,35.0000,24.3141,10.6859,600.0000,34.79,119.76,3.0300,2.69,380.75,4.041450e-04
917,36.9478,140.00,34.99,35.0000,24.3141,10.6859,600.0000,34.99,119.76,3.0300,2.22,380.71,4.044548e-04
918,36.6825,140.00,35.08,35.0000,24.3141,10.6859,600.0000,35.06,119.76,3.0300,2.83,380.66,4.047644e-04
919,36.3006,140.00,35.01,35.0000,24.3141,10.6859,600.0000,34.99,119.76,3.0300,2.74,380.62,4.050739e-04
920,36.4355,140.00,34.82,35.0000,24.3141,10.6859,600.0000,34.80,119.76,3.0300,2.98,380.57,4.053831e-04
921,36.7142,140.00,34.49,35.0000,24.3141,10.6859,600.0000,34.48,119.76,3.0300,2.73,380.53,4.056921e-04
922,36.3011,140.00,34.09,35.0000,24.3141,10.6859,600.0000,34.07,119.76,3.0300,3.00,380.49,4.060010e-04
923,37.1047,140.00,33.60,35.0000,24.3141,10.6859,600.0000,33.59,119.76,3.0300,2.62,380.44,4.063097e-04
924,36.6428,140.00,33.08,35.0000,24.3141,10.6859,600.0000,33.08,119.76,3.0300,2.36,380.40,4.066181e-04
925,36.4207,140.00,32.57,35.0000,24.3141,10.6859,600.0000,32.56,119.76,3.0300,2.57,380.35,4.069264e-04
926,36.4398,140.00,32.08,35.0000,24.3141,10.6859,600.0000,32.08,119.76,3.0300,0.00,380.31,4.072345e-04
927,37.1775,140.00,31.68,35.0000,24.3141,10.6859,600.0000,31.67,119.76,3.0300,2.45,380.26,4.075424e-04
928,36.8915,140.00,31.35,35.0000,24.3141,10.6859,600.0000,31.36,119.76,3.0300,0.00,380.22,4.078501e-04
929,37.0709,140.00,31.16,35.0000,24.3141,10.6859,600.0000,31.16,119.76,3.0300,2.15,380.17,4.081577e-04
930,37.1646,140.00,31.10,35.0000,24.3141,10.6859,600.0000,31.09,119.76,3.0300,2.34,380.13,4.084650e-04
931,36.3080,140.00,31.16,35.0000,24.3141,10.6859,600.0000,31.16,119.76,3.0300,0.00,380.08,4.087721e-04
932,37.0484,140.00,31.38,35.0000,24.3141,10.6859,600.0000,31.37,119.76,3.0300,2.61,380.04,4.090791e-04
933,36.2762,140.00,31.69,35.0000,24.3141,10.6859,600.0000,31.69,119.76,3.0300,2.26,380.00,4.093859e-04
934,36.4148,140.00,32.11,35.0000,24.3141,10.6859,600.0000,32.10,119.76,3.0300,2.51,379.95,4.096924e-04
935,36.4632,140.00,32.59,35.0000,24.3141,10.6859,600.0000,32.59,119.76,3.0300,2.36,379.91,4.099988e-04
936,36.4707,140.00,33.11,35.0000,24.3141,10.6859,600.0000,33.11,119.76,3.0300,0.00,379.86,4.103051e-04
937,36.2072,140.00,33.62,35.0000,24.3141,10.6859,600.0000,33.63,119.76,3.0300,0.00,379.82,4.106111e-04
938,36.6229,140.00,34.12,35.0000,24.3141,10.6859,600.0000,34.12,119.76,3.0300,2.41,379.77,4.109169e-04
939,36.5391,140.00,34.55,35.0000,24.3141,10.6859,600.0000,34.53,119.76,3.0300,2.84,379.73,4.112226e-04
940,36.9871,140.00,34.86,35.0000,24.3141,10.6859,600.0000,34.85,119.76,3.0300,2.23,379.69,4.115280e-04
941,37.0009,140.00,35.07,35.0000,24.3141,10.6859,600.0000,35.06,119.76,3.0300,2.66,379.64,4.118333e-04
942,36.8413,140.00,35.13,35.0000,24.3141,10.6859,600.0000,35.13,119.76,3.0300,2.49,379.60,4.121384e-04
943,36.8268,140.00,35.07,35.0000,24.3141,10.6859,600.0000,35.06,119.76,3.0300,2.57,379.55,4.124433e-04
944,36.9150,140.00,34.87,35.0000,24.3141,10.6859,600.0000,34.86,119.76,3.0300,2.31,379.51,4.127480e-04
945,36.2618,140.00,34.57,35.0000,24.3141,10.6859,600.0000,34.55,119.76,3.0300,2.87,379.47,4.130525e-04
946,36.1570,140.00,34.15,35.0000,24.3141,10.6859,600.0000,34.14,119.76,3.0300,2.78,379.42,4.133569e-04
947,36.6042,140.00,33.66,35.0000,24.3141,10.6859,600.0000,33.66,119.76,3.0300,0.00,379.38,4.136610e-04
948,36.8558,140.00,33.16,35.0000,24.3141,10.6859,600.0000,33.14,119.76,3.0300,2.86,379.34,4.139650e-04
949,36.9451,140.00,32.64,35.0000,24.3141,10.6859,600.0000,32.63,119.76,3.0300,2.65,379.29,4.142688e-04
950,36.8384,140.00,32.16,35.0000,24.3141,10.6859,600.0000,32.15,119.76,3.0300,2.52,379.25,4.145724e-04
951,36.9632,140.00,31.75,35.0000,24.3141,10.6859,600.0000,31.74,119.76,3.0300,2.71,379.20,4.148758e-04
952,36.6755,140.00,31.42,35.0000,24.3141,10.6859,600.0000,31.42,119.76,3.0300,0.00,379.16,4.151790e-04
953,36.2182,140.00,31.23,35.0000,24.3141,10.6859,600.0000,31.23,119.76,3.0300,2.37,379.12,4.154821e-04
954,36.4688,140.00,31.18,35.0000,24.3141,10.6859,600.0000,31.16,119.76,3.0300,2.81,379.07,4.157850e-04
955,36.9381,140.00,31.23,35.0000,24.3141,10.6859,600.0000,31.23,119.76,3.0300,0.00,379.03,4.160877e-04
956,36.5686,140.00,31.43,35.0000,24.3141,10.6859,600.0000,31.43,119.76,3.0300,0.00,378.99,4.163902e-04
957,36.0570,140.00,31.76,35.0000,24.3141,10.6859,600.0000,31.75,119.76,3.0300,2.54,378.94,4.166925e-04
958,36.6912,140.00,32.17,35.0000,24.3141,10.6859,600.0000,32.17,119.76,3.0300,2.22,378.90,4.169946e-04
959,36.3256,140.00,32.66,35.0000,24.3141,10.6859,600.0000,32.66,119.76,3.0300,2.34,378.86,4.172966e-04
960,36.0463,140.00,33.17,35.0000,24.3141,10.6859,600.0000,33.18,119.76,3.0300,0.00,378.81,4.175983e-04
961,36.9527,140.00,33.70,35.0000,24.3141,10.6859,600.0000,33.70,119.76,3.0300,1.99,378.77,4.178999e-04
962,36.1419,140.00,34.18,35.0000,24.3141,10.6859,600.0000,34.18,119.76,3.0300,0.00,378.73,4.182013e-04
963,36.6053,140.00,34.62,35.0000,24.3141,10.6859,600.0000,34.60,119.76,3.0300,2.85,378.68,4.185026e-04
964,36.8411,140.00,34.92,35.0000,24.3141,10.6859,600.0000,34.92,119.76,3.0300,2.40,378.64,4.188036e-04
965,36.5569,140.00,35.14,35.0000,24.3141,10.6859,600.0000,35.12,119.76,3.0300,2.92,378.60,4.191045e-04
966,36.7160,140.00,35.21,35.0000,24.3141,10.6859,600.0000,35.19,119.76,3.0300,2.87,378.55,4.194052e-04
967,36.7148,140.00,35.14,35.0000,24.3141,10.6859,600.0000,35.13,119.76,3.0300,2.53,378.51,4.197057e-04
968,36.2365,140.00,34.95,35.0000,24.3141,10.6859,600.0000,34.93,119.76,3.0300,2.89,378.47,4.200060e-04
969,36.2071,140.00,34.62,35.0000,24.3141,10.6859,600.0000,34.62,119.76,3.0300,2.60,378.43,4.203061e-04
970,36.7316,140.00,34.20,35.0000,24.3141,10.6859,600.0000,34.20,119.76,3.0300,0.00,378.38,4.206061e-04
971,36.0227,140.00,33.73,35.0000,24.3141,10.6859,600.0000,33.73,119.76,3.0300,2.02,378.34,4.209059e-04
972,36.5985,140.00,33.21,35.0000,24.3141,10.6859,600.0000,33.21,119.76,3.0300,2.35,378.30,4.212055e-04
973,36.6369,140.00,32.70,35.0000,24.3141,10.6859,600.0000,32.70,119.76,3.0300,2.12,378.25,4.215049e-04
974,36.2769,140.00,32.23,35.0000,24.3141,10.6859,600.0000,32.22,119.76,3.0300,2.65,378.21,4.218042e-04
975,36.0628,140.00,31.82,35.0000,24.3141,10.6859,600.0000,31.80,119.76,3.0300,2.87,378.17,4.221032e-04
976,36.0071,140.00,31.49,35.0000,24.3141,10.6859,600.0000,31.49,119.76,3.0300,2.39,378.13,4.224021e-04
977,35.9154,140.00,31.29,35.0000,24.3141,10.6859,600.0000,31.29,119.76,3.0300,0.00,378.08,4.227008e-04
978,36.5417,140.00,31.22,35.0000,24.3141,10.6859,600.0000,31.23,119.76,3.0300,0.00,378.04,4.229993e-04
979,36.2011,140.00,31.29,35.0000,24.3141,10.6859,600.0000,31.30,119.76,3.0300,0.00,378.00,4.232977e-04
980,36.4209,140.00,31.49,35.0000,24.3141,10.6859,600.0000,31.50,119.76,3.0300,0.00,377.95,4.235959e-04
981,36.2577,140.00,31.82,35.0000,24.3141,10.6859,600.0000,31.82,119.76,3.0300,2.21,377.91,4.238939e-04
982,36.8097,140.00,32.24,35.0000,24.3141,10.6859,600.0000,32.24,119.76,3.0300,2.28,377.87,4.241917e-04
983,36.4988,140.00,32.73,35.0000,24.3141,10.6859,600.0000,32.72,119.76,3.0300,2.64,377.83,4.244893e-04
984,36.5819,140.00,33.25,35.0000,24.3141,10.6859,600.0000,33.24,119.76,3.0300,2.55,377.78,4.247868e-04
985,36.1417,140.00,33.76,35.0000,24.3141,10.6859,600.0000,33.76,119.76,3.0300,0.00,377.74,4.250841e-04
986,36.3946,140.00,34.26,35.0000,24.3141,10.6859,600.0000,34.25,119.76,3.0300,2.64,377.70,4.253812e-04
987,36.5080,140.00,34.68,35.0000,24.3141,10.6859,600.0000,34.67,119.76,3.0300,2.71,377.66,4.256781e-04
988,35.8385,140.00,35.01,35.0000,24.3141,10.6859,600.0000,34.99,119.76,3.0300,2.95,377.62,4.259749e-04
989,36.6035,140.00,35.21,35.0000,24.3141,10.6859,600.0000,35.19,119.76,3.0300,2.94,377.57,4.262715e-04
990,36.5713,140.00,35.28,35.0000,24.3141,10.6859,600.0000,35.26,119.76,3.0300,2.90,377.53,4.265679e-04
991,36.1367,140.00,35.19,35.0000,24.3141,10.6859,600.0000,35.19,119.76,3.0300,0.00,377.49,4.268641e-04
992,35.9941,140.00,35.01,35.0000,24.3141,10.6859,600.0000,35.00,119.76,3.0300,2.85,377.45,4.271602e-04
993,36.2554,140.00,34.69,35.0000,24.3141,10.6859,600.0000,34.68,119.76,3.0300,2.50,377.40,4.274560e-04
994,35.7877,140.00,34.29,35.0000,24.3141,10.6859,600.0000,34.27,119.76,3.0300,2.84,377.36,4.277517e-04
995,35.7365,140.00,33.80,35.0000,24.3141,10.6859,600.0000,33.79,119.76,3.0300,2.69,377.32,4.280473e-04
996,35.7457,140.00,33.27,35.0000,24.3141,10.6859,600.0000,33.28,119.76,3.0300,0.00,377.28,4.283426e-04
997,35.6939,140.00,32.78,35.0000,24.3141,10.6859,600.0000,32.76,119.76,3.0300,2.98,377.24,4.286378e-04
998,36.1010,140.00,32.30,35.0000,24.3141,10.6859,600.0000,32.28,119.76,3.0300,2.84,377.19,4.289328e-04
999,36.1879,140.00,31.88,35.0000,24.3141,10.6859,600.0000,31.87,119.76,3.0300,2.64,377.15,4.292277e-04
1000,36.5353,140.00,31.57,35.0000,24.3141,10.6859,600.0000,31.55,119.76,3.0300,2.69,377.11,4.295223e-04
1001,35.9875,140.00,31.35,35.0000,24.3141,10.6859,600.0000,31.36,119.76,3.0300,0.00,377.07,4.298168e-04
1002,36.2079,140.00,31.31,35.0000,24.3141,10.6859,600.0000,31.29,119.76,3.0300,2.77,377.03,4.301111e-04
1003,36.1091,140.00,31.35,35.0000,24.3141,10.6859,600.0000,31.36,119.76,3.0300,0.00,376.98,4.304053e-04
1004,35.6328,140.00,31.59,35.0000,24.3141,10.6859,600.0000,31.57,119.76,3.0300,3.07,376.94,4.306992e-04
1005,35.8837,140.00,31.87,35.0000,24.3141,10.6859,600.0000,31.89,119.76,3.0300,0.00,376.90,4.309930e-04
1006,36.4430,140.00,32.30,35.0000,24.3141,10.6859,600.0000,32.30,119.76,3.0300,2.21,376.86,4.312866e-04
1007,35.5975,140.00,32.81,35.0000,24.3141,10.6859,600.0000,32.79,119.76,3.0300,2.91,376.82,4.315801e-04
1008,36.4330,140.00,33.32,35.0000,24.3141,10.6859,600.0000,33.31,119.76,3.0300,2.62,376.78,4.318734e-04
1009,36.2625,140.00,33.83,35.0000,24.3141,10.6859,600.0000,33.83,119.76,3.0300,0.00,376.73,4.321665e-04
1010,36.2032,140.00,34.33,35.0000,24.3141,10.6859,600.0000,34.31,119.76,3.0300,2.78,376.69,4.324594e-04
1011,35.6686,140.00,34.73,35.0000,24.3141,10.6859,600.0000,34.73,119.76,3.0300,2.36,376.65,4.327522e-04
1012,36.2483,140.00,35.06,35.0000,24.3141,10.6859,600.0000,35.05,119.76,3.0300,2.62,376.61,4.330448e-04
1013,35.5111,140.00,35.27,35.0000,24.3141,10.6859,600.0000,35.25,119.76,3.0300,2.86,376.57,4.333372e-04
1014,35.6481,140.00,35.31,35.0000,24.3141,10.6859,600.0000,35.32,119.76,3.0300,0.00,376.53,4.336294e-04
1015,35.8395,140.00,35.28,35.0000,24.3141,10.6859,600.0000,35.26,119.76,3.0300,2.92,376.49,4.339215e-04
1016,35.4642,140.00,35.07,35.0000,24.3141,10.6859,600.0000,35.06,119.76,3.0300,2.69,376.44,4.342134e-04
1017,36.2232,140.00,34.76,35.0000,24.3141,10.6859,600.0000,34.75,119.76,3.0300,2.61,376.40,4.345052e-04
1018,36.2827,140.00,34.34,35.0000,24.3141,10.6859,600.0000,34.33,119.76,3.0300,2.59,376.36,4.347967e-04
1019,35.5757,140.00,33.84,35.0000,24.3141,10.6859,600.0000,33.86,119.76,3.0300,0.00,376.32,4.350881e-04
1020,36.3208,140.00,33.36,35.0000,24.3141,10.6859,600.0000,33.34,119.76,3.0300,2.80,376.28,4.353794e-04
1021,36.1818,140.00,32.85,35.0000,24.3141,10.6859,600.0000,32.83,119.76,3.0300,2.99,376.24,4.356704e-04
1022,35.9253,140.00,32.34,35.0000,24.3141,10.6859,600.0000,32.35,119.76,3.0300,0.00,376.20,4.359613e-04
1023,35.4670,140.00,31.94,35.0000,24.3141,10.6859,600.0000,31.93,119.76,3.0300,2.38,376.16,4.362520e-04
1024,35.9798,140.00,31.61,35.0000,24.3141,10.6859,600.0000,31.62,119.76,3.0300,0.00,376.11,4.365426e-04
1025,36.1342,140.00,31.43,35.0000,24.3141,10.6859,600.0000,31.42,119.76,3.0300,2.52,376.07,4.368330e-04
1026,36.1197,140.00,31.35,35.0000,24.3141,10.6859,600.0000,31.36,119.76,3.0300,0.00,376.03,4.371232e-04
1027,35.7313,140.00,31.42,35.0000,24.3141,10.6859,600.0000,31.43,119.76,3.0300,0.00,375.99,4.374132e-04
1028,35.9144,140.00,31.64,35.0000,24.3141,10.6859,600.0000,31.63,119.76,3.0300,2.75,375.95,4.377031e-04
1029,35.3171,140.00,31.95,35.0000,24.3141,10.6859,600.0000,31.95,119.76,3.0300,0.00,375.91,4.379928e-04
1030,35.6845,140.00,32.37,35.0000,24.3141,10.6859,600.0000,32.37,119.76,3.0300,2.51,375.87,4.382824e-04
1031,36.1155,140.00,32.87,35.0000,24.3141,10.6859,600.0000,32.85,119.76,3.0300,2.77,375.83,4.385717e-04
1032,35.8801,140.00,33.39,35.0000,24.3141,10.6859,600.0000,33.37,119.76,3.0300,2.84,375.79,4.388610e-04
1033,35.2044,140.00,33.93,35.0000,24.3141,10.6859,600.0000,33.89,119.76,3.0300,3.18,375.75,4.391500e-04
1034,36.1052,140.00,34.38,35.0000,24.3141,10.6859,600.0000,34.38,119.76,3.0300,1.81,375.71,4.394389e-04
1035,35.7246,140.00,34.79,35.0000,24.3141,10.6859,600.0000,34.79,119.76,3.0300,0.00,375.66,4.397276e-04
1036,35.3565,140.00,35.13,35.0000,24.3141,10.6859,600.0000,35.11,119.76,3.0300,2.70,375.62,4.400161e-04
1037,35.6377,140.00,35.32,35.0000,24.3141,10.6859,600.0000,35.32,119.76,3.0300,1.85,375.58,4.403045e-04
1038,35.3465,140.00,35.39,35.0000,24.3141,10.6859,600.0000,35.39,119.76,3.0300,0.00,375.54,4.405927e-04
1039,35.4581,140.00,35.33,35.0000,24.3141,10.6859,600.0000,35.32,119.76,3.0300,2.48,375.50,4.408808e-04
1040,36.0048,140.00,35.15,35.0000,24.3141,10.6859,600.0000,35.13,119.76,3.0300,3.06,375.46,4.411686e-04
1041,35.9642,140.00,34.80,35.0000,24.3141,10.6859,600.0000,34.81,119.76,3.0300,0.00,375.42,4.414564e-04
1042,35.1637,140.00,34.37,35.0000,24.3141,10.6859,600.0000,34.40,119.76,3.0300,0.00,375.38,4.417439e-04
1043,35.4969,140.00,33.94,35.0000,24.3141,10.6859,600.0000,33.92,119.76,3.0300,2.97,375.34,4.420313e-04
1044,35.6772,140.00,33.41,35.0000,24.3141,10.6859,600.0000,33.40,119.76,3.0300,2.60,375.30,4.423185e-04
1045,35.8153,140.00,32.88,35.0000,24.3141,10.6859,600.0000,32.89,119.76,3.0300,0.00,375.26,4.426056e-04
1046,35.7741,140.00,32.41,35.0000,24.3141,10.6859,600.0000,32.41,119.76,3.0300,2.44,375.22,4.428925e-04
1047,35.3047,140.00,32.00,35.0000,24.3141,10.6859,600.0000,32.00,119.76,3.0300,2.50,375.18,4.431792e-04
1048,35.9600,140.00,31.67,35.0000,24.3141,10.6859,600.0000,31.68,119.76,3.0300,0.00,375.14,4.434658e-04
1049,35.7981,140.00,31.50,35.0000,24.3141,10.6859,600.0000,31.49,119.76,3.0300,2.74,375.10,4.437522e-04
1050,35.1155,140.00,31.44,35.0000,24.3141,10.6859,600.0000,31.42,119.76,3.0300,2.97,375.06,4.440384e-04
1051,35.9253,140.00,31.49,35.0000,24.3141,10.6859,600.0000,31.49,119.76,3.0300,0.70,375.02,4.443245e-04
1052,35.9100,140.00,31.69,35.0000,24.3141,10.6859,600.0000,31.69,119.76,3.0300,0.00,374.98,4.446104e-04
1053,35.3601,140.00,32.03,35.0000,24.3141,10.6859,600.0000,32.01,119.76,3.0300,2.78,374.94,4.448961e-04
1054,35.8197,140.00,32.43,35.0000,24.3141,10.6859,600.0000,32.43,119.76,3.0300,0.00,374.90,4.451817e-04
1055,35.6049,140.00,32.90,35.0000,24.3141,10.6859,600.0000,32.92,119.76,3.0300,0.00,374.86,4.454671e-04
1056,35.6755,140.00,33.43,35.0000,24.3141,10.6859,600.0000,33.44,119.76,3.0300,0.00,374.82,4.457524e-04
1057,34.9098,140.00,33.95,35.0000,24.3141,10.6859,600.0000,33.96,119.76,3.0300,0.00,374.78,4.460375e-04
1058,35.2150,140.00,34.43,35.0000,24.3141,10.6859,600.0000,34.44,119.76,3.0300,0.00,374.74,4.463224e-04
1059,35.3273,140.00,34.88,35.0000,24.3141,10.6859,600.0000,34.86,119.76,3.0300,2.93,374.70,4.466072e-04
1060,34.9164,140.00,35.18,35.0000,24.3141,10.6859,600.0000,35.18,119.76,3.0300,2.45,374.66,4.468918e-04
1061,35.4063,140.00,35.39,35.0000,24.3141,10.6859,600.0000,35.38,119.76,3.0300,2.49,374.62,4.471762e-04
1062,35.1835,140.00,35.46,35.0000,24.3141,10.6859,600.0000,35.45,119.76,3.0300,2.48,374.58,4.474605e-04
1063,35.2008,140.00,35.39,35.0000,24.3141,10.6859,600.0000,35.39,119.76,3.0300,1.99,374.54,4.477447e-04
1064,35.2728,140.00,35.18,35.0000,24.3141,10.6859,600.0000,35.19,119.76,3.0300,0.00,374.50,4.480286e-04
1065,34.7515,140.00,34.88,35.0000,24.3141,10.6859,600.0000,34.87,119.76,3.0300,2.62,374.46,4.483124e-04
1066,35.6201,140.00,34.45,35.0000,24.3141,10.6859,600.0000,34.46,119.76,3.0300,0.00,374.42,4.485961e-04
1067,35.1303,140.00,33.98,35.0000,24.3141,10.6859,600.0000,33.98,119.76,3.0300,0.00,374.38,4.488796e-04
1068,35.4051,140.00,33.48,35.0000,24.3141,10.6859,600.0000,33.47,119.76,3.0300,2.74,374.34,4.491629e-04
1069,34.9346,140.00,32.93,35.0000,24.3141,10.6859,600.0000,32.95,119.76,3.0300,0.00,374.30,4.494460e-04
1070,35.3530,140.00,32.46,35.0000,24.3141,10.6859,600.0000,32.47,119.76,3.0300,0.00,374.26,4.497291e-04
1071,35.1512,140.00,32.05,35.0000,24.3141,10.6859,600.0000,32.06,119.76,3.0300,0.00,374.22,4.500119e-04
1072,34.8580,140.00,31.71,35.0000,24.3141,10.6859,600.0000,31.74,119.76,3.0300,0.00,374.18,4.502946e-04
1073,35.2389,140.00,31.57,35.0000,24.3141,10.6859,600.0000,31.55,119.76,3.0300,3.03,374.14,4.505771e-04
1074,35.0992,140.00,31.51,35.0000,24.3141,10.6859,600.0000,31.48,119.76,3.0300,3.08,374.10,4.508595e-04
1075,35.5116,140.00,31.56,35.0000,24.3141,10.6859,600.0000,31.55,119.76,3.0300,2.32,374.06,4.511417e-04
1076,35.3235,140.00,31.74,35.0000,24.3141,10.6859,600.0000,31.75,119.76,3.0300,0.00,374.02,4.514237e-04
1077,35.4795,140.00,32.10,35.0000,24.3141,10.6859,600.0000,32.08,119.76,3.0300,2.99,373.98,4.517056e-04
1078,34.6965,140.00,32.47,35.0000,24.3141,10.6859,600.0000,32.49,119.76,3.0300,0.00,373.94,4.519874e-04
1079,34.8465,140.00,33.00,35.0000,24.3141,10.6859,600.0000,32.98,119.76,3.0300,2.92,373.90,4.522689e-04
1080,35.2241,140.00,33.52,35.0000,24.3141,10.6859,600.0000,33.50,119.76,3.0300,3.03,373.86,4.525504e-04
1081,34.9049,140.00,34.07,35.0000,24.3141,10.6859,600.0000,34.02,119.76,3.0300,3.40,373.82,4.528316e-04
1082,35.1567,140.00,34.50,35.0000,24.3141,10.6859,600.0000,34.50,119.76,3.0300,2.17,373.78,4.531127e-04
1083,35.4141,140.00,34.91,35.0000,24.3141,10.6859,600.0000,34.92,119.76,3.0300,0.00,373.75,4.533937e-04
1084,34.5586,140.00,35.25,35.0000,24.3141,10.6859,600.0000,35.24,119.76,3.0300,2.73,373.71,4.536745e-04
1085,34.6222,140.00,35.50,35.0000,24.3141,10.6859,600.0000,35.44,119.76,3.0300,3.40,373.67,4.539551e-04
1086,35.2437,140.00,35.49,35.0000,24.3141,10.6859,600.0000,35.51,119.76,3.0300,0.00,373.63,4.542356e-04
1087,35.1484,140.00,35.48,35.0000,24.3141,10.6859,600.0000,35.45,119.76,3.0300,3.20,373.59,4.545159e-04
1088,34.4254,140.00,35.23,35.0000,24.3141,10.6859,600.0000,35.25,119.76,3.0300,0.00,373.55,4.547960e-04
1089,35.0981,140.00,34.97,35.0000,24.3141,10.6859,600.0000,34.93,119.76,3.0300,3.20,373.51,4.550761e-04
1090,34.5186,140.00,34.52,35.0000,24.3141,10.6859,600.0000,34.52,119.76,3.0300,0.00,373.47,4.553559e-04
1091,35.2719,140.00,34.02,35.0000,24.3141,10.6859,600.0000,34.04,119.76,3.0300,0.00,373.43,4.556356e-04
1092,35.0343,140.00,33.57,35.0000,24.3141,10.6859,600.0000,33.53,119.76,3.0300,3.32,373.39,4.559151e-04
1093,35.2917,140.00,33.02,35.0000,24.3141,10.6859,600.0000,33.01,119.76,3.0300,2.29,373.35,4.561945e-04
1094,34.6233,140.00,32.57,35.0000,24.3141,10.6859,600.0000,32.53,119.76,3.0300,3.22,373.32,4.564738e-04
1095,34.3634,140.00,32.09,35.0000,24.3141,10.6859,600.0000,32.12,119.76,3.0300,0.00,373.28,4.567528e-04
1096,34.7478,140.00,31.84,35.0000,24.3141,10.6859,600.0000,31.81,119.76,3.0300,3.21,373.24,4.570317e-04
1097,34.9884,140.00,31.62,35.0000,24.3141,10.6859,600.0000,31.61,119.76,3.0300,2.69,373.20,4.573105e-04
1098,34.7283,140.00,31.55,35.0000,24.3141,10.6859,600.0000,31.54,119.76,3.0300,2.64,373.16,4.575891e-04
1099,34.3069,140.00,31.59,35.0000,24.3141,10.6859,600.0000,31.61,119.76,3.0300,0.00,373.12,4.578676e-04
1100,35.0001,140.00,31.84,35.0000,24.3141,10.6859,600.0000,31.82,119.76,3.0300,2.95,373.08,4.581459e-04
1101,34.5742,140.00,32.08,35.0000,24.3141,10.6859,600.0000,32.14,119.76,3.0300,0.00,373.04,4.584240e-04
1102,34.8747,140.00,32.55,35.0000,24.3141,10.6859,600.0000,32.55,119.76,3.0300,0.00,373.01,4.587020e-04
1103,35.0070,140.00,33.07,35.0000,24.3141,10.6859,600.0000,33.04,119.76,3.0300,3.11,372.97,4.589799e-04
1104,34.3197,140.00,33.59,35.0000,24.3141,10.6859,600.0000,33.56,119.76,3.0300,3.19,372.93,4.592576e-04
1105,34.9776,140.00,34.10,35.0000,24.3141,10.6859,600.0000,34.08,119.76,3.0300,3.02,372.89,4.595351e-04
1106,34.4081,140.00,34.59,35.0000,24.3141,10.6859,600.0000,34.56,119.76,3.0300,3.10,372.85,4.598125e-04
1107,34.8664,140.00,34.95,35.0000,24.3141,10.6859,600.0000,34.98,119.76,3.0300,0.00,372.81,4.600897e-04
1108,34.6514,140.00,35.35,35.0000,24.3141,10.6859,600.0000,35.30,119.76,3.0300,3.38,372.77,4.603668e-04
1109,34.3518,140.00,35.50,35.0000,24.3141,10.6859,600.0000,35.50,119.76,3.0300,0.00,372.74,4.606437e-04
1110,34.6979,140.00,35.62,35.0000,24.3141,10.6859,600.0000,35.57,119.76,3.0300,3.27,372.70,4.609205e-04
1111,34.3573,140.00,35.52,35.0000,24.3141,10.6859,600.0000,35.51,119.76,3.0300,2.67,372.66,4.611971e-04
1112,34.7382,140.00,35.31,35.0000,24.3141,10.6859,600.0000,35.31,119.76,3.0300,2.16,372.62,4.614736e-04
1113,34.7259,140.00,35.01,35.0000,24.3141,10.6859,600.0000,35.00,119.76,3.0300,2.71,372.58,4.617499e-04
1114,34.7024,140.00,34.59,35.0000,24.3141,10.6859,600.0000,34.58,119.76,3.0300,2.23,372.54,4.620260e-04
1115,34.9458,140.00,34.11,35.0000,24.3141,10.6859,600.0000,34.10,119.76,3.0300,2.47,372.51,4.623020e-04
1116,34.0453,140.00,33.56,35.0000,24.3141,10.6859,600.0000,33.59,119.76,3.0300,0.00,372.47,4.625779e-04
1117,34.7482,140.00,33.04,35.0000,24.3141,10.6859,600.0000,33.07,119.76,3.0300,0.00,372.43,4.628536e-04
1118,34.7123,140.00,32.61,35.0000,24.3141,10.6859,600.0000,32.59,119.76,3.0300,2.76,372.39,4.631292e-04
1119,34.0701,140.00,32.23,35.0000,24.3141,10.6859,600.0000,32.18,119.76,3.0300,3.38,372.35,4.634046e-04
1120,34.1394,140.00,31.85,35.0000,24.3141,10.6859,600.0000,31.87,119.76,3.0300,0.00,372.31,4.636798e-04
1121,34.4854,140.00,31.71,35.0000,24.3141,10.6859,600.0000,31.67,119.76,3.0300,3.24,372.28,4.639550e-04
1122,34.4517,140.00,31.66,35.0000,24.3141,10.6859,600.0000,31.60,119.76,3.0300,3.43,372.24,4.642299e-04
1123,34.1438,140.00,31.70,35.0000,24.3141,10.6859,600.0000,31.67,119.76,3.0300,2.98,372.20,4.645047e-04
1124,34.6195,140.00,31.89,35.0000,24.3141,10.6859,600.0000,31.88,119.76,3.0300,2.63,372.16,4.647794e-04
1125,34.3519,140.00,32.24,35.0000,24.3141,10.6859,600.0000,32.20,119.76,3.0300,3.29,372.12,4.650539e-04
1126,33.9936,140.00,32.72,35.0000,24.3141,10.6859,600.0000,32.61,119.76,3.0300,3.86,372.09,4.653283e-04
1127,34.0011,140.00,33.17,35.0000,24.3141,10.6859,600.0000,33.10,119.76,3.0300,3.58,372.05,4.656025e-04
1128,34.0177,140.00,33.67,35.0000,24.3141,10.6859,600.0000,33.62,119.76,3.0300,3.42,372.01,4.658765e-04
1129,34.4494,140.00,34.10,35.0000,24.3141,10.6859,600.0000,34.14,119.76,3.0300,0.00,371.97,4.661504e-04
1130,34.1048,140.00,34.63,35.0000,24.3141,10.6859,600.0000,34.62,119.76,3.0300,2.47,371.93,4.664242e-04
1131,34.3540,140.00,35.11,35.0000,24.3141,10.6859,600.0000,35.04,119.76,3.0300,3.53,371.90,4.666978e-04
1132,34.5039,140.00,35.31,35.0000,24.3141,10.6859,600.0000,35.36,119.76,3.0300,0.00,371.86,4.669713e-04
1133,34.2350,140.00,35.50,35.0000,24.3141,10.6859,600.0000,35.56,119.76,3.0300,0.00,371.82,4.672446e-04
1134,34.3605,140.00,35.63,35.0000,24.3141,10.6859,600.0000,35.63,119.76,3.0300,2.10,371.78,4.675178e-04
1135,34.6136,140.00,35.58,35.0000,24.3141,10.6859,600.0000,35.57,119.76,3.0300,2.73,371.75,4.677908e-04
1136,34.6489,140.00,35.41,35.0000,24.3141,10.6859,600.0000,35.37,119.76,3.0300,3.18,371.71,4.680637e-04
1137,34.3675,140.00,35.03,35.0000,24.3141,10.6859,600.0000,35.05,119.76,3.0300,0.00,371.67,4.683364e-04
1138,34.3977,140.00,34.63,35.0000,24.3141,10.6859,600.0000,34.64,119.76,3.0300,0.00,371.63,4.686090e-04
1139,34.4978,140.00,34.15,35.0000,24.3141,10.6859,600.0000,34.16,119.76,3.0300,0.00,371.59,4.688814e-04
1140,34.4113,140.00,33.69,35.0000,24.3141,10.6859,600.0000,33.65,119.76,3.0300,3.22,371.56,4.691537e-04
1141,34.2264,140.00,33.08,35.0000,24.3141,10.6859,600.0000,33.13,119.76,3.0300,0.00,371.52,4.694259e-04
1142,33.7626,140.00,32.66,35.0000,24.3141,10.6859,600.0000,32.65,119.76,3.0300,2.35,371.48,4.696979e-04
1143,33.5967,140.00,32.26,35.0000,24.3141,10.6859,600.0000,32.24,119.76,3.0300,2.89,371.44,4.699697e-04
1144,34.3718,140.00,31.94,35.0000,24.3141,10.6859,600.0000,31.93,119.76,3.0300,2.75,371.41,4.702414e-04
1145,33.5636,140.00,31.71,35.0000,24.3141,10.6859,600.0000,31.73,119.76,3.0300,0.00,371.37,4.705130e-04
1146,33.8436,140.00,31.62,35.0000,24.3141,10.6859,600.0000,31.66,119.76,3.0300,0.00,371.33,4.707844e-04
1147,34.1594,140.00,31.80,35.0000,24.3141,10.6859,600.0000,31.73,119.76,3.0300,3.49,371.29,4.710557e-04
1148,33.7914,140.00,31.90,35.0000,24.3141,10.6859,600.0000,31.94,119.76,3.0300,0.00,371.26,4.713268e-04
1149,34.1459,140.00,32.22,35.0000,24.3141,10.6859,600.0000,32.26,119.76,3.0300,0.00,371.22,4.715977e-04
1150,34.0483,140.00,32.76,35.0000,24.3141,10.6859,600.0000,32.67,119.76,3.0300,3.74,371.18,4.718686e-04
1151,34.0050,140.00,33.23,35.0000,24.3141,10.6859,600.0000,33.16,119.76,3.0300,3.62,371.15,4.721393e-04
1152,33.5361,140.00,33.88,35.0000,24.3141,10.6859,600.0000,33.68,119.76,3.0300,4.34,371.11,4.724098e-04
1153,34.4563,140.00,34.17,35.0000,24.3141,10.6859,600.0000,34.20,119.76,3.0300,0.00,371.07,4.726802e-04
1154,34.2875,140.00,34.75,35.0000,24.3141,10.6859,600.0000,34.68,119.76,3.0300,3.52,371.03,4.729505e-04
1155,33.7962,140.00,35.10,35.0000,24.3141,10.6859,600.0000,35.10,119.76,3.0300,2.31,371.00,4.732206e-04
1156,34.3608,140.00,35.45,35.0000,24.3141,10.6859,600.0000,35.42,119.76,3.0300,3.14,370.96,4.734905e-04
1157,33.6619,140.00,35.64,35.0000,24.3141,10.6859,600.0000,35.62,119.76,3.0300,3.00,370.92,4.737603e-04
1158,34.1635,140.00,35.71,35.0000,24.3141,10.6859,600.0000,35.69,119.76,3.0300,2.97,370.89,4.740300e-04
1159,33.8103,140.00,35.60,35.0000,24.3141,10.6859,600.0000,35.63,119.76,3.0300,0.00,370.85,4.742996e-04
1160,34.3232,140.00,35.49,35.0000,24.3141,10.6859,600.0000,35.43,119.76,3.0300,3.48,370.81,4.745689e-04
1161,34.3437,140.00,35.14,35.0000,24.3141,10.6859,600.0000,35.11,119.76,3.0300,3.07,370.77,4.748382e-04
1162,33.8182,140.00,34.82,35.0000,24.3141,10.6859,600.0000,34.70,119.76,3.0300,3.93,370.74,4.751073e-04
1163,33.6032,140.00,34.27,35.0000,24.3141,10.6859,600.0000,34.22,119.76,3.0300,3.34,370.70,4.753762e-04
1164,34.0354,140.00,33.63,35.0000,24.3141,10.6859,600.0000,33.71,119.76,3.0300,0.00,370.66,4.756451e-04
1165,34.0382,140.00,33.19,35.0000,24.3141,10.6859,600.0000,33.19,119.76,3.0300,0.00,370.63,4.759137e-04
1166,33.9594,140.00,32.71,35.0000,24.3141,10.6859,600.0000,32.71,119.76,3.0300,0.00,370.59,4.761823e-04
1167,34.0742,140.00,32.35,35.0000,24.3141,10.6859,600.0000,32.30,119.76,3.0300,3.36,370.55,4.764507e-04
1168,33.6103,140.00,32.07,35.0000,24.3141,10.6859,600.0000,31.98,119.76,3.0300,3.72,370.52,4.767189e-04
1169,33.5755,140.00,31.79,35.0000,24.3141,10.6859,600.0000,31.79,119.76,3.0300,2.52,370.48,4.769870e-04
1170,33.5040,140.00,31.78,35.0000,24.3141,10.6859,600.0000,31.72,119.76,3.0300,3.47,370.44,4.772550e-04
1171,33.5232,140.00,31.90,35.0000,24.3141,10.6859,600.0000,31.79,119.76,3.0300,3.86,370.41,4.775228e-04
1172,34.0575,140.00,32.03,35.0000,24.3141,10.6859,600.0000,31.99,119.76,3.0300,3.19,370.37,4.777905e-04
1173,33.7927,140.00,32.24,35.0000,24.3141,10.6859,600.0000,32.31,119.76,3.0300,0.00,370.33,4.780580e-04
1174,33.7357,140.00,32.87,35.0000,24.3141,10.6859,600.0000,32.73,119.76,3.0300,4.02,370.30,4.783254e-04
1175,33.7004,140.00,33.19,35.0000,24.3141,10.6859,600.0000,33.21,119.76,3.0300,0.00,370.26,4.785927e-04
1176,34.0246,140.00,33.80,35.0000,24.3141,10.6859,600.0000,33.73,119.76,3.0300,3.47,370.22,4.788598e-04
1177,33.6030,140.00,34.30,35.0000,24.3141,10.6859,600.0000,34.25,119.76,3.0300,3.28,370.19,4.791268e-04
1178,34.0361,140.00,34.70,35.0000,24.3141,10.6859,600.0000,34.74,119.76,3.0300,0.00,370.15,4.793936e-04
1179,33.5824,140.00,35.29,35.0000,24.3141,10.6859,600.0000,35.16,119.76,3.0300,4.00,370.11,4.796603e-04
1180,33.6170,140.00,35.39,35.0000,24.3141,10.6859,600.0000,35.48,119.76,3.0300,0.00,370.08,4.799269e-04
1181,33.6392,140.00,35.90,35.0000,24.3141,10.6859,600.0000,35.68,119.76,3.0300,4.43,370.04,4.801933e-04
1182,33.3159,140.00,35.67,35.0000,24.3141,10.6859,600.0000,35.75,119.76,3.0300,0.00,370.00,4.804596e-04
1183,33.5580,140.00,35.67,35.0000,24.3141,10.6859,600.0000,35.68,119.76,3.0300,0.00,369.97,4.807257e-04
1184,33.2373,140.00,35.59,35.0000,24.3141,10.6859,600.0000,35.49,119.76,3.0300,3.80,369.93,4.809917e-04
1185,33.2862,140.00,35.08,35.0000,24.3141,10.6859,600.0000,35.17,119.76,3.0300,0.00,369.89,4.812576e-04
1186,33.8536,140.00,34.76,35.0000,24.3141,10.6859,600.0000,34.76,119.76,3.0300,1.92,369.86,4.815233e-04
1187,33.1720,140.00,34.36,35.0000,24.3141,10.6859,600.0000,34.28,119.76,3.0300,3.63,369.82,4.817889e-04
1188,33.6196,140.00,33.92,35.0000,24.3141,10.6859,600.0000,33.76,119.76,3.0300,4.13,369.78,4.820543e-04
1189,33.1023,140.00,33.25,35.0000,24.3141,10.6859,600.0000,33.25,119.76,3.0300,2.29,369.75,4.823196e-04
1190,33.6744,140.00,32.72,35.0000,24.3141,10.6859,600.0000,32.77,119.76,3.0300,0.00,369.71,4.825848e-04
1191,33.4681,140.00,32.23,35.0000,24.3141,10.6859,600.0000,32.36,119.76,3.0300,0.00,369.68,4.828498e-04
1192,33.5717,140.00,32.01,35.0000,24.3141,10.6859,600.0000,32.04,119.76,3.0300,0.00,369.64,4.831147e-04
1193,33.9662,140.00,31.79,35.0000,24.3141,10.6859,600.0000,31.84,119.76,3.0300,0.00,369.60,4.833795e-04
1194,33.6240,140.00,31.69,35.0000,24.3141,10.6859,600.0000,31.78,119.76,3.0300,0.00,369.57,4.836441e-04
1195,33.5682,140.00,31.83,35.0000,24.3141,10.6859,600.0000,31.85,119.76,3.0300,0.00,369.53,4.839086e-04
1196,33.9081,140.00,32.16,35.0000,24.3141,10.6859,600.0000,32.05,119.76,3.0300,3.84,369.50,4.841729e-04
1197,33.0880,140.00,32.44,35.0000,24.3141,10.6859,600.0000,32.37,119.76,3.0300,3.52,369.46,4.844371e-04
1198,33.9168,140.00,32.83,35.0000,24.3141,10.6859,600.0000,32.79,119.76,3.0300,3.30,369.42,4.847012e-04
1199,33.6789,140.00,33.17,35.0000,24.3141,10.6859,600.0000,33.27,119.76,3.0300,0.00,369.39,4.849651e-04
1200,33.5040,140.00,33.88,35.0000,24.3141,10.6859,600.0000,33.79,119.76,3.0300,3.73,369.35,4.852289e-04
1201,33.4137,140.00,34.37,35.0000,24.3141,10.6859,600.0000,34.31,119.76,3.0300,3.49,369.32,4.854926e-04
1202,33.6151,140.00,34.80,35.0000,24.3141,10.6859,600.0000,34.80,119.76,3.0300,2.45,369.28,4.857561e-04
1203,33.0627,140.00,35.28,35.0000,24.3141,10.6859,600.0000,35.21,119.76,3.0300,3.53,369.24,4.860195e-04
1204,33.1851,140.00,35.48,35.0000,24.3141,10.6859,600.0000,35.53,119.76,3.0300,0.00,369.21,4.862827e-04
1205,33.1122,140.00,35.87,35.0000,24.3141,10.6859,600.0000,35.74,119.76,3.0300,4.01,369.17,4.865458e-04
1206,33.3086,140.00,35.69,35.0000,24.3141,10.6859,600.0000,35.81,119.76,3.0300,0.00,369.14,4.868088e-04
1207,33.6558,140.00,35.73,35.0000,24.3141,10.6859,600.0000,35.74,119.76,3.0300,0.00,369.10,4.870716e-04
1208,33.0998,140.00,35.67,35.0000,24.3141,10.6859,600.0000,35.54,119.76,3.0300,3.97,369.06,4.873343e-04
1209,33.1713,140.00,35.17,35.0000,24.3141,10.6859,600.0000,35.23,119.76,3.0300,0.00,369.03,4.875969e-04
1210,33.0483,140.00,34.89,35.0000,24.3141,10.6859,600.0000,34.81,119.76,3.0300,3.64,368.99,4.878594e-04
1211,33.7143,140.00,34.44,35.0000,24.3141,10.6859,600.0000,34.33,119.76,3.0300,3.81,368.96,4.881217e-04
1212,33.4239,140.00,33.98,35.0000,24.3141,10.6859,600.0000,33.82,119.76,3.0300,4.13,368.92,4.883838e-04
1213,33.8196,140.00,33.40,35.0000,24.3141,10.6859,600.0000,33.30,119.76,3.0300,3.74,368.89,4.886459e-04
1214,33.2896,140.00,32.71,35.0000,24.3141,10.6859,600.0000,32.82,119.76,3.0300,0.00,368.85,4.889078e-04
1215,32.9276,140.00,32.44,35.0000,24.3141,10.6859,600.0000,32.41,119.76,3.0300,3.00,368.81,4.891695e-04
1216,33.2621,140.00,31.98,35.0000,24.3141,10.6859,600.0000,32.10,119.76,3.0300,0.00,368.78,4.894311e-04
1217,33.1435,140.00,31.79,35.0000,24.3141,10.6859,600.0000,31.90,119.76,3.0300,0.00,368.74,4.896926e-04
1218,33.1279,140.00,31.69,35.0000,24.3141,10.6859,600.0000,31.83,119.76,3.0300,0.00,368.71,4.899540e-04
1219,33.1238,140.00,32.13,35.0000,24.3141,10.6859,600.0000,31.90,119.76,3.0300,4.47,368.67,4.902152e-04
1220,33.0566,140.00,32.11,35.0000,24.3141,10.6859,600.0000,32.11,119.76,3.0300,1.97,368.64,4.904763e-04
1221,32.9746,140.00,32.59,35.0000,24.3141,10.6859,600.0000,32.43,119.76,3.0300,4.18,368.60,4.907373e-04
1222,32.9773,140.00,32.97,35.0000,24.3141,10.6859,600.0000,32.84,119.76,3.0300,3.95,368.57,4.909981e-04
1223,33.3041,140.00,33.54,35.0000,24.3141,10.6859,600.0000,33.33,119.76,3.0300,4.38,368.53,4.912588e-04
1224,33.3743,140.00,33.85,35.0000,24.3141,10.6859,600.0000,33.85,119.76,3.0300,2.57,368.49,4.915194e-04
1225,33.0833,140.00,34.61,35.0000,24.3141,10.6859,600.0000,34.37,119.76,3.0300,4.52,368.46,4.917798e-04
1226,33.1100,140.00,35.11,35.0000,24.3141,10.6859,600.0000,34.85,119.76,3.0300,4.57,368.42,4.920401e-04
1227,32.8404,140.00,35.19,35.0000,24.3141,10.6859,600.0000,35.27,119.76,3.0300,0.00,368.39,4.923003e-04
1228,33.6760,140.00,35.66,35.0000,24.3141,10.6859,600.0000,35.59,119.76,3.0300,3.55,368.35,4.925603e-04
1229,33.5411,140.00,36.01,35.0000,24.3141,10.6859,600.0000,35.79,119.76,3.0300,4.43,368.32,4.928202e-04
1230,33.6160,140.00,35.99,35.0000,24.3141,10.6859,600.0000,35.86,119.76,3.0300,3.97,368.28,4.930800e-04
1231,33.2847,140.00,35.99,35.0000,24.3141,10.6859,600.0000,35.79,119.76,3.0300,4.31,368.25,4.933396e-04
1232,32.8396,140.00,62.41,35.0000,24.3141,10.6859,600.0000,35.60,119.76,3.0300,23.37,368.21,4.935991e-04
1233,33.0709,140.00,35.36,35.0000,24.3141,10.6859,600.0000,35.28,119.76,3.0300,3.65,368.18,4.938585e-04
1234,33.6739,140.00,35.03,35.0000,24.3141,10.6859,600.0000,34.87,119.76,3.0300,4.17,368.14,4.941177e-04
1235,33.7645,140.00,34.40,35.0000,24.3141,10.6859,600.0000,34.39,119.76,3.0300,2.60,368.11,4.943769e-04
1236,33.3272,140.00,33.74,35.0000,24.3141,10.6859,600.0000,33.87,119.76,3.0300,0.00,368.07,4.946358e-04
1237,33.7787,140.00,33.32,35.0000,24.3141,10.6859,600.0000,33.36,119.76,3.0300,0.00,368.04,4.948947e-04
1238,33.0933,140.00,32.90,35.0000,24.3141,10.6859,600.0000,32.88,119.76,3.0300,2.94,368.00,4.951534e-04
1239,33.0070,140.00,32.27,35.0000,24.3141,10.6859,600.0000,32.47,119.76,3.0300,0.00,367.97,4.954120e-04
1240,33.4153,140.00,32.18,35.0000,24.3141,10.6859,600.0000,32.15,119.76,3.0300,3.06,367.93,4.956705e-04
1241,33.1962,140.00,32.00,35.0000,24.3141,10.6859,600.0000,31.95,119.76,3.0300,3.35,367.90,4.959288e-04
1242,33.6866,140.00,31.98,35.0000,24.3141,10.6859,600.0000,31.89,119.76,3.0300,3.71,367.86,4.961870e-04
1243,33.5617,140.00,32.17,35.0000,24.3141,10.6859,600.0000,31.96,119.76,3.0300,4.37,367.83,4.964451e-04
1244,33.3255,140.00,32.23,35.0000,24.3141,10.6859,600.0000,32.16,119.76,3.0300,3.54,367.79,4.967030e-04
1245,33.0164,140.00,32.31,35.0000,24.3141,10.6859,600.0000,32.48,119.76,3.0300,0.00,367.76,4.969608e-04
1246,33.1780,140.00,32.78,35.0000,24.3141,10.6859,600.0000,32.90,119.76,3.0300,0.00,367.72,4.972185e-04
1247,33.3034,140.00,33.58,35.0000,24.3141,10.6859,600.0000,33.38,119.76,3.0300,4.33,367.69,4.974760e-04
1248,33.1406,140.00,33.94,35.0000,24.3141,10.6859,600.0000,33.90,119.76,3.0300,3.17,367.65,4.977335e-04
1249,33.2512,140.00,34.33,35.0000,24.3141,10.6859,600.0000,34.42,119.76,3.0300,0.00,367.62,4.979908e-04
1250,32.9754,140.00,61.83,35.0000,24.3141,10.6859,600.0000,34.91,119.76,3.0300,23.42,367.58,4.982479e-04
1251,33.3433,140.00,35.38,35.0000,24.3141,10.6859,600.0000,35.32,119.76,3.0300,3.42,367.55,4.985050e-04
1252,33.6683,140.00,35.68,35.0000,24.3141,10.6859,600.0000,35.64,119.76,3.0300,3.23,367.51,4.987619e-04
1253,33.3316,140.00,35.79,35.0000,24.3141,10.6859,600.0000,35.84,119.76,3.0300,0.00,367.48,4.990187e-04
1254,33.7128,140.00,36.04,35.0000,24.3141,10.6859,600.0000,35.91,119.76,3.0300,3.95,367.44,4.992753e-04
1255,33.0642,140.00,35.83,35.0000,24.3141,10.6859,600.0000,35.85,119.76,3.0300,0.00,367.41,4.995318e-04
1256,33.6697,140.00,35.69,35.0000,24.3141,10.6859,600.0000,35.65,119.76,3.0300,3.27,367.38,4.997882e-04
1257,32.8892,140.00,62.19,35.0000,24.3141,10.6859,600.0000,35.34,119.76,3.0300,23.39,367.34,5.000445e-04
1258,32.7768,140.00,61.85,35.0000,24.3141,10.6859,600.0000,34.92,119.76,3.0300,23.42,367.31,5.003007e-04
1259,33.2876,140.00,34.46,35.0000,24.3141,10.6859,600.0000,34.44,119.76,3.0300,2.78,367.27,5.005567e-04
1260,33.4635,140.00,33.88,35.0000,24.3141,10.6859,600.0000,33.93,119.76,3.0300,0.00,367.24,5.008126e-04
1261,33.6116,140.00,33.33,35.0000,24.3141,10.6859,600.0000,33.41,119.76,3.0300,0.00,367.20,5.010683e-04
1262,33.1393,140.00,33.09,35.0000,24.3141,10.6859,600.0000,32.93,119.76,3.0300,4.11,367.17,5.013240e-04
1263,32.9328,140.00,32.55,35.0000,24.3141,10.6859,600.0000,32.52,119.76,3.0300,3.05,367.13,5.015795e-04
1264,32.8388,140.00,31.98,35.0000,24.3141,10.6859,600.0000,32.21,119.76,3.0300,0.00,367.10,5.018348e-04
1265,33.6559,140.00,31.99,35.0000,24.3141,10.6859,600.0000,32.01,119.76,3.0300,0.00,367.07,5.020901e-04
1266,32.9210,140.00,32.00,35.0000,24.3141,10.6859,600.0000,31.94,119.76,3.0300,3.45,367.03,5.023452e-04
1267,33.4273,140.00,32.09,35.0000,24.3141,10.6859,600.0000,32.01,119.76,3.0300,3.64,367.00,5.026002e-04
1268,33.6325,140.00,32.34,35.0000,24.3141,10.6859,600.0000,32.21,119.76,3.0300,3.98,366.96,5.028551e-04
1269,33.0202,140.00,32.83,35.0000,24.3141,10.6859,600.0000,32.53,119.76,3.0300,4.70,366.93,5.031099e-04
1270,32.7773,140.00,32.98,35.0000,24.3141,10.6859,600.0000,32.95,119.76,3.0300,3.12,366.89,5.033645e-04
1271,33.4676,140.00,33.46,35.0000,24.3141,10.6859,600.0000,33.43,119.76,3.0300,3.08,366.86,5.036190e-04
1272,33.2685,140.00,33.98,35.0000,24.3141,10.6859,600.0000,33.95,119.76,3.0300,2.96,366.82,5.038734e-04
1273,33.7042,140.00,34.53,35.0000,24.3141,10.6859,600.0000,34.47,119.76,3.0300,3.42,366.79,5.041276e-04
1274,32.7790,140.00,61.88,35.0000,24.3141,10.6859,600.0000,34.96,119.76,3.0300,23.42,366.76,5.043817e-04
1275,33.6419,140.00,35.38,35.0000,24.3141,10.6859,600.0000,35.38,119.76,3.0300,2.20,366.72,5.046357e-04
1276,32.7931,140.00,35.42,35.0000,24.3141,10.6859,600.0000,35.70,119.76,3.0300,0.00,366.69,5.048896e-04
1277,32.8139,140.00,62.66,35.0000,24.3141,10.6859,600.0000,35.90,119.76,3.0300,23.35,366.65,5.051434e-04
1278,33.4024,140.00,36.10,35.0000,24.3141,10.6859,600.0000,35.97,119.76,3.0300,3.99,366.62,5.053970e-04
1279,33.0008,140.00,62.66,35.0000,24.3141,10.6859,600.0000,35.90,119.76,3.0300,23.35,366.59,5.056505e-04
1280,33.1765,140.00,35.60,35.0000,24.3141,10.6859,600.0000,35.70,119.76,3.0300,0.00,366.55,5.059039e-04
1281,32.9330,140.00,62.23,35.0000,24.3141,10.6859,600.0000,35.39,119.76,3.0300,23.39,366.52,5.061571e-04
1282,33.2255,140.00,35.12,35.0000,24.3141,10.6859,600.0000,34.98,119.76,3.0300,4.04,366.48,5.064102e-04
1283,33.7511,140.00,34.45,35.0000,24.3141,10.6859,600.0000,34.50,119.76,3.0300,0.00,366.45,5.066633e-04
1284,33.7634,140.00,34.04,35.0000,24.3141,10.6859,600.0000,33.98,119.76,3.0300,3.46,366.42,5.069161e-04
1285,33.7225,140.00,33.47,35.0000,24.3141,10.6859,600.0000,33.47,119.76,3.0300,2.48,366.38,5.071689e-04
1286,33.5912,140.00,33.16,35.0000,24.3141,10.6859,600.0000,32.99,119.76,3.0300,4.20,366.35,5.074215e-04
1287,32.8721,140.00,32.41,35.0000,24.3141,10.6859,600.0000,32.57,119.76,3.0300,0.00,366.31,5.076740e-04
1288,33.8003,140.00,32.21,35.0000,24.3141,10.6859,600.0000,32.26,119.76,3.0300,0.00,366.28,5.079264e-04
1289,33.0793,140.00,32.14,35.0000,24.3141,10.6859,600.0000,32.06,119.76,3.0300,3.61,366.25,5.081787e-04
1290,33.6457,140.00,31.95,35.0000,24.3141,10.6859,600.0000,31.99,119.76,3.0300,0.00,366.21,5.084308e-04
1291,33.5477,140.00,32.22,35.0000,24.3141,10.6859,600.0000,32.06,119.76,3.0300,4.11,366.18,5.086829e-04
1292,33.2428,140.00,32.42,35.0000,24.3141,10.6859,600.0000,32.27,119.76,3.0300,4.12,366.15,5.089348e-04
1293,33.7331,140.00,32.51,35.0000,24.3141,10.6859,600.0000,32.59,119.76,3.0300,0.00,366.11,5.091865e-04
1294,33.6270,140.00,33.02,35.0000,24.3141,10.6859,600.0000,33.00,119.76,3.0300,2.87,366.08,5.094382e-04
1295,33.3543,140.00,33.48,35.0000,24.3141,10.6859,600.0000,33.49,119.76,3.0300,0.00,366.04,5.096897e-04
1296,32.8678,140.00,61.09,35.0000,24.3141,10.6859,600.0000,34.01,119.76,3.0300,23.49,366.01,5.099411e-04
1297,33.1354,140.00,34.46,35.0000,24.3141,10.6859,600.0000,34.53,119.76,3.0300,0.00,365.98,5.101924e-04
1298,33.5523,140.00,35.08,35.0000,24.3141,10.6859,600.0000,35.01,119.76,3.0300,3.54,365.94,5.104436e-04
1299,33.2934,140.00,35.32,35.0000,24.3141,10.6859,600.0000,35.43,119.76,3.0300,0.00,365.91,5.106946e-04
1300,33.0375,140.00,35.67,35.0000,24.3141,10.6859,600.0000,35.75,119.76,3.0300,0.00,365.88,5.109456e-04
1301,33.6252,140.00,36.09,35.0000,24.3141,10.6859,600.0000,35.95,119.76,3.0300,4.04,365.84,5.111964e-04
1302,33.1759,140.00,36.29,35.0000,24.3141,10.6859,600.0000,36.02,119.76,3.0300,4.64,365.81,5.114471e-04
1303,33.0267,140.00,35.81,35.0000,24.3141,10.6859,600.0000,35.95,119.76,3.0300,0.00,365.78,5.116976e-04
1304,33.4928,140.00,35.85,35.0000,24.3141,10.6859,600.0000,35.76,119.76,3.0300,3.72,365.74,5.119481e-04
1305,33.4875,140.00,35.26,35.0000,24.3141,10.6859,600.0000,35.44,119.76,3.0300,0.00,365.71,5.121984e-04
1306,33.6206,140.00,35.02,35.0000,24.3141,10.6859,600.0000,35.03,119.76,3.0300,0.00,365.67,5.124486e-04
1307,33.7455,140.00,34.48,35.0000,24.3141,10.6859,600.0000,34.55,119.76,3.0300,0.00,365.64,5.126987e-04
1308,33.5612,140.00,33.98,35.0000,24.3141,10.6859,600.0000,34.03,119.76,3.0300,0.00,365.61,5.129486e-04
1309,33.5054,140.00,33.65,35.0000,24.3141,10.6859,600.0000,33.52,119.76,3.0300,3.98,365.57,5.131985e-04
1310,33.4157,140.00,33.27,35.0000,24.3141,10.6859,600.0000,33.04,119.76,3.0300,4.48,365.54,5.134482e-04
1311,33.3640,140.00,32.44,35.0000,24.3141,10.6859,600.0000,32.62,119.76,3.0300,0.00,365.51,5.136978e-04
1312,33.3998,140.00,32.27,35.0000,24.3141,10.6859,600.0000,32.31,119.76,3.0300,0.00,365.47,5.139473e-04
1313,33.0280,140.00,32.02,35.0000,24.3141,10.6859,600.0000,32.11,119.76,3.0300,0.00,365.44,5.141966e-04
1314,33.0112,140.00,32.37,35.0000,24.3141,10.6859,600.0000,32.05,119.76,3.0300,4.81,365.41,5.144459e-04
1315,33.6259,140.00,32.24,35.0000,24.3141,10.6859,600.0000,32.12,119.76,3.0300,3.93,365.37,5.146950e-04
1316,33.6025,140.00,32.34,35.0000,24.3141,10.6859,600.0000,32.32,119.76,3.0300,3.05,365.34,5.149440e-04
1317,33.8367,140.00,32.66,35.0000,24.3141,10.6859,600.0000,32.64,119.76,3.0300,2.90,365.31,5.151929e-04
1318,33.2011,140.00,32.99,35.0000,24.3141,10.6859,600.0000,33.05,119.76,3.0300,0.00,365.27,5.154417e-04
1319,33.2683,140.00,33.61,35.0000,24.3141,10.6859,600.0000,33.54,119.76,3.0300,3.60,365.24,5.156903e-04
1320,33.7790,140.00,34.15,35.0000,24.3141,10.6859,600.0000,34.06,119.76,3.0300,3.75,365.21,5.159389e-04
1321,33.5238,140.00,34.62,35.0000,24.3141,10.6859,600.0000,34.58,119.76,3.0300,3.30,365.18,5.161873e-04
1322,33.8114,140.00,35.11,35.0000,24.3141,10.6859,600.0000,35.06,119.76,3.0300,3.38,365.14,5.164356e-04
1323,33.3976,140.00,35.34,35.0000,24.3141,10.6859,600.0000,35.48,119.76,3.0300,0.00,365.11,5.166838e-04
1324,33.0860,140.00,35.85,35.0000,24.3141,10.6859,600.0000,35.80,119.76,3.0300,3.37,365.08,5.169318e-04
1325,33.8095,140.00,36.14,35.0000,24.3141,10.6859,600.0000,36.00,119.76,3.0300,4.04,365.04,5.171798e-04
1326,33.3355,140.00,36.00,35.0000,24.3141,10.6859,600.0000,36.07,119.76,3.0300,0.00,365.01,5.174276e-04
1327,33.6622,140.00,35.97,35.0000,24.3141,10.6859,600.0000,36.00,119.76,3.0300,0.00,364.98,5.176753e-04
1328,33.7118,140.00,35.70,35.0000,24.3141,10.6859,600.0000,35.81,119.76,3.0300,0.00,364.94,5.179229e-04
1329,33.6107,140.00,35.66,35.0000,24.3141,10.6859,600.0000,35.49,119.76,3.0300,4.18,364.91,5.181704e-04
1330,33.5442,140.00,35.11,35.0000,24.3141,10.6859,600.0000,35.08,119.76,3.0300,3.18,364.88,5.184177e-04
1331,33.6725,140.00,34.55,35.0000,24.3141,10.6859,600.0000,34.60,119.76,3.0300,0.00,364.85,5.186650e-04
1332,33.4621,140.00,34.01,35.0000,24.3141,10.6859,600.0000,34.08,119.76,3.0300,0.00,364.81,5.189121e-04
1333,33.9908,140.00,33.55,35.0000,24.3141,10.6859,600.0000,33.57,119.76,3.0300,0.00,364.78,5.191591e-04
1334,33.7384,140.00,33.19,35.0000,24.3141,10.6859,600.0000,33.09,119.76,3.0300,3.79,364.75,5.194060e-04
1335,33.4490,140.00,32.74,35.0000,24.3141,10.6859,600.0000,32.67,119.76,3.0300,3.53,364.71,5.196527e-04
1336,33.4034,140.00,32.33,35.0000,24.3141,10.6859,600.0000,32.36,119.76,3.0300,0.00,364.68,5.198994e-04
1337,34.0546,140.00,32.17,35.0000,24.3141,10.6859,600.0000,32.16,119.76,3.0300,2.55,364.65,5.201460e-04
1338,33.2507,140.00,31.94,35.0000,24.3141,10.6859,600.0000,32.10,119.76,3.0300,0.00,364.62,5.203924e-04
1339,34.0889,140.00,32.12,35.0000,24.3141,10.6859,600.0000,32.17,119.76,3.0300,0.00,364.58,5.206387e-04
1340,33.3923,140.00,32.30,35.0000,24.3141,10.6859,600.0000,32.37,119.76,3.0300,0.00,364.55,5.208849e-04
1341,34.0179,140.00,32.69,35.0000,24.3141,10.6859,600.0000,32.69,119.76,3.0300,1.90,364.52,5.211310e-04
1342,34.0186,140.00,33.23,35.0000,24.3141,10.6859,600.0000,33.10,119.76,3.0300,3.94,364.48,5.213769e-04
1343,33.4217,140.00,33.77,35.0000,24.3141,10.6859,600.0000,33.59,119.76,3.0300,4.25,364.45,5.216228e-04
1344,34.0843,140.00,34.12,35.0000,24.3141,10.6859,600.0000,34.11,119.76,3.0300,2.82,364.42,5.218685e-04
1345,33.7084,140.00,34.67,35.0000,24.3141,10.6859,600.0000,34.63,119.76,3.0300,3.32,364.39,5.221141e-04
1346,33.7209,140.00,35.13,35.0000,24.3141,10.6859,600.0000,35.11,119.76,3.0300,2.83,364.35,5.223596e-04
1347,33.9852,140.00,35.60,35.0000,24.3141,10.6859,600.0000,35.53,119.76,3.0300,3.54,364.32,5.226050e-04
1348,33.9810,140.00,35.86,35.0000,24.3141,10.6859,600.0000,35.85,119.76,3.0300,2.67,364.29,5.228503e-04
1349,33.6274,140.00,36.18,35.0000,24.3141,10.6859,600.0000,36.05,119.76,3.0300,4.00,364.26,5.230955e-04
1350,33.6590,140.00,36.06,35.0000,24.3141,10.6859,600.0000,36.12,119.76,3.0300,0.00,364.22,5.233405e-04
1351,34.2300,140.00,36.05,35.0000,24.3141,10.6859,600.0000,36.05,119.76,3.0300,0.00,364.19,5.235855e-04
1352,34.1811,140.00,35.90,35.0000,24.3141,10.6859,600.0000,35.86,119.76,3.0300,3.33,364.16,5.238303e-04
1353,34.2045,140.00,35.54,35.0000,24.3141,10.6859,600.0000,35.54,119.76,3.0300,2.29,364.13,5.240750e-04
1354,33.4100,140.00,35.07,35.0000,24.3141,10.6859,600.0000,35.13,119.76,3.0300,0.00,364.09,5.243196e-04
1355,33.9631,140.00,34.78,35.0000,24.3141,10.6859,600.0000,34.65,119.76,3.0300,3.97,364.06,5.245641e-04
1356,33.4828,140.00,34.12,35.0000,24.3141,10.6859,600.0000,34.13,119.76,3.0300,0.00,364.03,5.248084e-04
1357,34.3011,140.00,33.59,35.0000,24.3141,10.6859,600.0000,33.62,119.76,3.0300,0.00,364.00,5.250527e-04
1358,33.4314,140.00,33.40,35.0000,24.3141,10.6859,600.0000,33.14,119.76,3.0300,4.62,363.96,5.252968e-04
1359,33.8576,140.00,32.60,35.0000,24.3141,10.6859,600.0000,32.72,119.76,3.0300,0.00,363.93,5.255408e-04
1360,34.2901,140.00,32.37,35.0000,24.3141,10.6859,600.0000,32.41,119.76,3.0300,0.00,363.90,5.257848e-04
1361,33.5330,140.00,32.30,35.0000,24.3141,10.6859,600.0000,32.21,119.76,3.0300,3.73,363.87,5.260286e-04
1362,33.8757,140.00,32.14,35.0000,24.3141,10.6859,600.0000,32.14,119.76,3.0300,0.00,363.84,5.262722e-04
1363,33.7276,140.00,32.16,35.0000,24.3141,10.6859,600.0000,32.21,119.76,3.0300,0.00,363.80,5.265158e-04
1364,33.6639,140.00,32.38,35.0000,24.3141,10.6859,600.0000,32.42,119.76,3.0300,0.00,363.77,5.267593e-04
1365,34.3328,140.00,32.78,35.0000,24.3141,10.6859,600.0000,32.74,119.76,3.0300,3.34,363.74,5.270026e-04
1366,33.8108,140.00,33.03,35.0000,24.3141,10.6859,600.0000,33.15,119.76,3.0300,0.00,363.71,5.272459e-04
1367,33.6439,140.00,33.62,35.0000,24.3141,10.6859,600.0000,33.64,119.76,3.0300,0.00,363.67,5.274890e-04
1368,34.0062,140.00,34.29,35.0000,24.3141,10.6859,600.0000,34.16,119.76,3.0300,3.99,363.64,5.277320e-04
1369,33.5416,140.00,34.76,35.0000,24.3141,10.6859,600.0000,34.68,119.76,3.0300,3.66,363.61,5.279749e-04
1370,34.2015,140.00,35.21,35.0000,24.3141,10.6859,600.0000,35.16,119.76,3.0300,3.34,363.58,5.282177e-04
1371,33.8196,140.00,35.58,35.0000,24.3141,10.6859,600.0000,35.58,119.76,3.0300,2.28,363.55,5.284604e-04
1372,33.9551,140.00,35.83,35.0000,24.3141,10.6859,600.0000,35.90,119.76,3.0300,0.00,363.51,5.287030e-04
1373,34.0114,140.00,140.00,35.0000,35.0000,0.0000,600.0000,36.10,36.10,0.0000,103.90,363.48,5.289454e-04
1374,34.4339,140.00,36.17,35.0000,24.3141,10.6859,600.0000,36.17,119.76,3.0300,0.00,363.45,5.291878e-04
1375,33.8528,140.00,36.12,35.0000,24.3141,10.6859,600.0000,36.10,119.76,3.0300,2.93,363.42,5.294300e-04
1376,34.0105,140.00,35.99,35.0000,24.3141,10.6859,600.0000,35.90,119.76,3.0300,3.68,363.39,5.296722e-04
1377,34.1240,140.00,35.68,35.0000,24.3141,10.6859,600.0000,35.59,119.76,3.0300,3.72,363.35,5.299142e-04
1378,34.1405,140.00,35.21,35.0000,24.3141,10.6859,600.0000,35.18,119.76,3.0300,3.12,363.32,5.301561e-04
1379,34.1045,140.00,34.69,35.0000,24.3141,10.6859,600.0000,34.70,119.76,3.0300,0.00,363.29,5.303979e-04
1380,34.1046,140.00,34.08,35.0000,24.3141,10.6859,600.0000,34.18,119.76,3.0300,0.00,363.26,5.306396e-04
1381,34.0849,140.00,33.58,35.0000,24.3141,10.6859,600.0000,33.66,119.76,3.0300,0.00,363.23,5.308812e-04
1382,34.3492,140.00,33.22,35.0000,24.3141,10.6859,600.0000,33.18,119.76,3.0300,3.25,363.19,5.311226e-04
1383,34.5210,140.00,32.79,35.0000,24.3141,10.6859,600.0000,32.77,119.76,3.0300,2.79,363.16,5.313640e-04
1384,34.3783,140.00,32.43,35.0000,24.3141,10.6859,600.0000,32.46,119.76,3.0300,0.00,363.13,5.316052e-04
1385,34.1250,140.00,32.31,35.0000,24.3141,10.6859,600.0000,32.26,119.76,3.0300,3.35,363.10,5.318464e-04
1386,33.8876,140.00,32.22,35.0000,24.3141,10.6859,600.0000,32.19,119.76,3.0300,3.08,363.07,5.320874e-04
1387,34.5143,140.00,32.21,35.0000,24.3141,10.6859,600.0000,32.26,119.76,3.0300,0.00,363.04,5.323283e-04
1388,34.4880,140.00,32.53,35.0000,24.3141,10.6859,600.0000,32.46,119.76,3.0300,3.50,363.00,5.325691e-04
1389,34.3728,140.00,32.82,35.0000,24.3141,10.6859,600.0000,32.78,119.76,3.0300,3.17,362.97,5.328098e-04
1390,33.9780,140.00,33.19,35.0000,24.3141,10.6859,600.0000,33.20,119.76,3.0300,0.00,362.94,5.330504e-04
1391,34.0618,140.00,33.69,35.0000,24.3141,10.6859,600.0000,33.68,119.76,3.0300,2.45,362.91,5.332909e-04
1392,34.5840,140.00,34.22,35.0000,24.3141,10.6859,600.0000,34.20,119.76,3.0300,2.77,362.88,5.335313e-04
1393,34.7929,140.00,34.69,35.0000,24.3141,10.6859,600.0000,34.72,119.76,3.0300,0.00,362.85,5.337716e-04
1394,34.4720,140.00,35.21,35.0000,24.3141,10.6859,600.0000,35.21,119.76,3.0300,1.96,362.81,5.340117e-04
1395,34.4488,140.00,35.62,35.0000,24.3141,10.6859,600.0000,35.62,119.76,3.0300,0.00,362.78,5.342518e-04
1396,34.7215,140.00,36.00,35.0000,24.3141,10.6859,600.0000,35.94,119.76,3.0300,3.40,362.75,5.344917e-04
1397,34.8050,140.00,36.12,35.0000,24.3141,10.6859,600.0000,36.14,119.76,3.0300,0.00,362.72,5.347315e-04
1398,34.6246,140.00,36.27,35.0000,24.3141,10.6859,600.0000,36.21,119.76,3.0300,3.39,362.69,5.349713e-04
1399,33.9539,140.00,36.23,35.0000,24.3141,10.6859,600.0000,36.15,119.76,3.0300,3.69,362.66,5.352109e-04
1400,34.1411,140.00,36.04,35.0000,24.3141,10.6859,600.0000,35.95,119.76,3.0300,3.68,362.62,5.354504e-04
1401,34.0784,140.00,35.59,35.0000,24.3141,10.6859,600.0000,35.63,119.76,3.0300,0.00,362.59,5.356898e-04
1402,34.5284,140.00,35.26,35.0000,24.3141,10.6859,600.0000,35.22,119.76,3.0300,3.26,362.56,5.359291e-04
1403,34.0691,140.00,34.80,35.0000,24.3141,10.6859,600.0000,34.74,119.76,3.0300,3.41,362.53,5.361683e-04
1404,34.9102,140.00,34.19,35.0000,24.3141,10.6859,600.0000,34.23,119.76,3.0300,0.00,362.50,5.364074e-04
1405,34.8880,140.00,33.68,35.0000,24.3141,10.6859,600.0000,33.71,119.76,3.0300,0.00,362.47,5.366464e-04
1406,34.7842,140.00,33.20,35.0000,24.3141,10.6859,600.0000,33.23,119.76,3.0300,0.00,362.44,5.368852e-04
1407,34.6250,140.00,32.83,35.0000,24.3141,10.6859,600.0000,32.82,119.76,3.0300,2.62,362.40,5.371240e-04
1408,34.8202,140.00,32.50,35.0000,24.3141,10.6859,600.0000,32.50,119.76,3.0300,2.19,362.37,5.373627e-04
1409,34.2906,140.00,32.28,35.0000,24.3141,10.6859,600.0000,32.30,119.76,3.0300,0.00,362.34,5.376012e-04
1410,34.8450,140.00,32.26,35.0000,24.3141,10.6859,600.0000,32.24,119.76,3.0300,3.05,362.31,5.378397e-04
1411,35.0271,140.00,32.35,35.0000,24.3141,10.6859,600.0000,32.31,119.76,3.0300,3.27,362.28,5.380780e-04
1412,34.9489,140.00,32.51,35.0000,24.3141,10.6859,600.0000,32.51,119.76,3.0300,0.00,362.25,5.383162e-04
1413,34.7245,140.00,32.85,35.0000,24.3141,10.6859,600.0000,32.83,119.76,3.0300,2.92,362.22,5.385544e-04
1414,34.5614,140.00,33.21,35.0000,24.3141,10.6859,600.0000,33.25,119.76,3.0300,0.00,362.19,5.387924e-04
1415,34.7577,140.00,33.73,35.0000,24.3141,10.6859,600.0000,33.73,119.76,3.0300,2.20,362.15,5.390303e-04
1416,34.3686,140.00,34.33,35.0000,24.3141,10.6859,600.0000,34.25,119.76,3.0300,3.69,362.12,5.392681e-04
1417,34.7923,140.00,34.82,35.0000,24.3141,10.6859,600.0000,34.77,119.76,3.0300,3.34,362.09,5.395058e-04
1418,34.9793,140.00,35.27,35.0000,24.3141,10.6859,600.0000,35.25,119.76,3.0300,2.83,362.06,5.397434e-04
1419,34.9633,140.00,35.66,35.0000,24.3141,10.6859,600.0000,35.67,119.76,3.0300,0.00,362.03,5.399809e-04
1420,34.4744,140.00,36.00,35.0000,24.3141,10.6859,600.0000,35.99,119.76,3.0300,2.77,362.00,5.402183e-04
1421,35.0835,140.00,36.21,35.0000,24.3141,10.6859,600.0000,36.19,119.76,3.0300,2.93,361.97,5.404556e-04
1422,34.3768,140.00,36.35,35.0000,24.3141,10.6859,600.0000,36.26,119.76,3.0300,3.70,361.94,5.406928e-04
1423,34.8447,140.00,36.18,35.0000,24.3141,10.6859,600.0000,36.19,119.76,3.0300,0.00,361.91,5.409298e-04
1424,34.9062,140.00,36.01,35.0000,24.3141,10.6859,600.0000,36.00,119.76,3.0300,2.89,361.87,5.411668e-04
1425,35.0665,140.00,35.73,35.0000,24.3141,10.6859,600.0000,35.68,119.76,3.0300,3.35,361.84,5.414037e-04
1426,34.9871,140.00,35.30,35.0000,24.3141,10.6859,600.0000,35.27,119.76,3.0300,3.18,361.81,5.416404e-04
1427,34.4538,140.00,34.80,35.0000,24.3141,10.6859,600.0000,34.79,119.76,3.0300,2.57,361.78,5.418771e-04
1428,35.2100,140.00,34.27,35.0000,24.3141,10.6859,600.0000,34.27,119.76,3.0300,1.99,361.75,5.421137e-04
1429,34.4800,140.00,33.75,35.0000,24.3141,10.6859,600.0000,33.76,119.76,3.0300,0.00,361.72,5.423501e-04
1430,35.2229,140.00,33.27,35.0000,24.3141,10.6859,600.0000,33.28,119.76,3.0300,0.00,361.69,5.425865e-04
1431,35.2343,140.00,32.88,35.0000,24.3141,10.6859,600.0000,32.86,119.76,3.0300,2.95,361.66,5.428227e-04
1432,34.6982,140.00,32.52,35.0000,24.3141,10.6859,600.0000,32.55,119.76,3.0300,0.00,361.63,5.430588e-04
1433,34.8954,140.00,32.36,35.0000,24.3141,10.6859,600.0000,32.35,119.76,3.0300,2.56,361.60,5.432949e-04
1434,34.5259,140.00,32.27,35.0000,24.3141,10.6859,600.0000,32.28,119.76,3.0300,0.00,361.57,5.435308e-04
1435,34.5160,140.00,32.40,35.0000,24.3141,10.6859,600.0000,32.35,119.76,3.0300,3.37,361.53,5.437667e-04
1436,35.1865,140.00,32.59,35.0000,24.3141,10.6859,600.0000,32.55,119.76,3.0300,3.19,361.50,5.440024e-04
1437,34.5517,140.00,32.86,35.0000,24.3141,10.6859,600.0000,32.87,119.76,3.0300,0.00,361.47,5.442380e-04
1438,34.6858,140.00,33.32,35.0000,24.3141,10.6859,600.0000,33.29,119.76,3.0300,3.13,361.44,5.444735e-04
1439,34.5077,140.00,33.73,35.0000,24.3141,10.6859,600.0000,33.77,119.76,3.0300,0.00,361.41,5.447089e-04
1440,35.3949,140.00,34.32,35.0000,24.3141,10.6859,600.0000,34.29,119.76,3.0300,3.00,361.38,5.449443e-04
1441,35.1866,140.00,34.79,35.0000,24.3141,10.6859,600.0000,34.81,119.76,3.0300,0.00,361.35,5.451795e-04
1442,35.3686,140.00,35.32,35.0000,24.3141,10.6859,600.0000,35.30,119.76,3.0300,2.89,361.32,5.454146e-04
1443,35.1909,140.00,35.70,35.0000,24.3141,10.6859,600.0000,35.71,119.76,3.0300,0.00,361.29,5.456496e-04
1444,35.3354,140.00,36.07,35.0000,24.3141,10.6859,600.0000,36.03,119.76,3.0300,3.23,361.26,5.458845e-04
1445,34.8969,140.00,36.28,35.0000,24.3141,10.6859,600.0000,36.23,119.76,3.0300,3.25,361.23,5.461193e-04
1446,34.8142,140.00,36.28,35.0000,24.3141,10.6859,600.0000,36.30,119.76,3.0300,0.00,361.20,5.463540e-04
1447,34.7304,140.00,36.18,35.0000,24.3141,10.6859,600.0000,36.24,119.76,3.0300,0.00,361.17,5.465886e-04
1448,35.3003,140.00,36.04,35.0000,24.3141,10.6859,600.0000,36.04,119.76,3.0300,0.00,361.14,5.468231e-04
1449,35.0410,140.00,35.77,35.0000,24.3141,10.6859,600.0000,35.72,119.76,3.0300,3.30,361.10,5.470575e-04
1450,34.9565,140.00,35.33,35.0000,24.3141,10.6859,600.0000,35.31,119.76,3.0300,2.92,361.07,5.472918e-04
1451,35.6591,140.00,34.84,35.0000,24.3141,10.6859,600.0000,34.83,119.76,3.0300,2.38,361.04,5.475260e-04
1452,35.1027,140.00,34.32,35.0000,24.3141,10.6859,600.0000,34.32,119.76,3.0300,2.28,361.01,5.477601e-04
1453,35.2200,140.00,33.83,35.0000,24.3141,10.6859,600.0000,33.80,119.76,3.0300,3.14,360.98,5.479941e-04
1454,35.6767,140.00,33.34,35.0000,24.3141,10.6859,600.0000,33.32,119.76,3.0300,2.88,360.95,5.482280e-04
1455,35.1008,140.00,32.90,35.0000,24.3141,10.6859,600.0000,32.91,119.76,3.0300,0.00,360.92,5.484618e-04
1456,35.7332,140.00,32.60,35.0000,24.3141,10.6859,600.0000,32.59,119.76,3.0300,2.59,360.89,5.486955e-04
1457,35.6914,140.00,32.38,35.0000,24.3141,10.6859,600.0000,32.39,119.76,3.0300,0.00,360.86,5.489291e-04
1458,34.7748,140.00,32.30,35.0000,24.3141,10.6859,600.0000,32.33,119.76,3.0300,0.00,360.83,5.491626e-04
1459,34.8082,140.00,32.38,35.0000,24.3141,10.6859,600.0000,32.40,119.76,3.0300,0.00,360.80,5.493960e-04
1460,35.4434,140.00,32.59,35.0000,24.3141,10.6859,600.0000,32.60,119.76,3.0300,0.00,360.77,5.496293e-04
1461,35.7202,140.00,32.92,35.0000,24.3141,10.6859,600.0000,32.92,119.76,3.0300,2.33,360.74,5.498625e-04
1462,35.3900,140.00,33.37,35.0000,24.3141,10.6859,600.0000,33.33,119.76,3.0300,3.19,360.71,5.500956e-04
1463,35.4331,140.00,33.82,35.0000,24.3141,10.6859,600.0000,33.82,119.76,3.0300,0.00,360.68,5.503286e-04
1464,35.8196,140.00,34.36,35.0000,24.3141,10.6859,600.0000,34.34,119.76,3.0300,3.00,360.65,5.505615e-04
1465,35.3772,140.00,34.86,35.0000,24.3141,10.6859,600.0000,34.86,119.76,3.0300,1.70,360.62,5.507943e-04
1466,35.3921,140.00,35.36,35.0000,24.3141,10.6859,600.0000,35.34,119.76,3.0300,3.00,360.59,5.510270e-04
1467,35.6481,140.00,35.76,35.0000,24.3141,10.6859,600.0000,35.76,119.76,3.0300,2.52,360.56,5.512596e-04
1468,35.1728,140.00,36.09,35.0000,24.3141,10.6859,600.0000,36.08,119.76,3.0300,2.71,360.53,5.514921e-04
1469,35.2390,140.00,36.31,35.0000,24.3141,10.6859,600.0000,36.28,119.76,3.0300,3.17,360.50,5.517245e-04
1470,35.3521,140.00,36.33,35.0000,24.3141,10.6859,600.0000,36.35,119.76,3.0300,0.00,360.47,5.519568e-04
1471,35.7782,140.00,36.28,35.0000,24.3141,10.6859,600.0000,36.28,119.76,3.0300,0.00,360.44,5.521890e-04
1472,35.6865,140.00,36.10,35.0000,24.3141,10.6859,600.0000,36.08,119.76,3.0300,2.92,360.41,5.524211e-04
1473,35.8789,140.00,35.79,35.0000,24.3141,10.6859,600.0000,35.77,119.76,3.0300,2.87,360.38,5.526531e-04
1474,35.0664,140.00,35.38,35.0000,24.3141,10.6859,600.0000,35.36,119.76,3.0300,3.04,360.35,5.528850e-04
1475,35.7388,140.00,34.89,35.0000,24.3141,10.6859,600.0000,34.87,119.76,3.0300,2.93,360.32,5.531168e-04
1476,35.9565,140.00,34.36,35.0000,24.3141,10.6859,600.0000,34.36,119.76,3.0300,2.29,360.29,5.533485e-04
1477,35.9562,140.00,33.85,35.0000,24.3141,10.6859,600.0000,33.84,119.76,3.0300,2.63,360.26,5.535801e-04
1478,35.3716,140.00,33.34,35.0000,24.3141,10.6859,600.0000,33.36,119.76,3.0300,0.00,360.23,5.538116e-04
1479,35.3788,140.00,32.95,35.0000,24.3141,10.6859,600.0000,32.95,119.76,3.0300,2.33,360.20,5.540431e-04
1480,35.4793,140.00,32.63,35.0000,24.3141,10.6859,600.0000,32.63,119.76,3.0300,1.96,360.17,5.542744e-04
1481,35.2756,140.00,32.46,35.0000,24.3141,10.6859,600.0000,32.44,119.76,3.0300,3.06,360.14,5.545056e-04
1482,35.3075,140.00,32.34,35.0000,24.3141,10.6859,600.0000,32.37,119.76,3.0300,0.00,360.11,5.547367e-04
1483,35.7268,140.00,32.45,35.0000,24.3141,10.6859,600.0000,32.44,119.76,3.0300,2.60,360.08,5.549678e-04
1484,36.1114,140.00,32.64,35.0000,24.3141,10.6859,600.0000,32.64,119.76,3.0300,2.20,360.05,5.551987e-04
1485,35.3912,140.00,33.00,35.0000,24.3141,10.6859,600.0000,32.96,119.76,3.0300,3.21,360.02,5.554295e-04
1486,35.7061,140.00,33.39,35.0000,24.3141,10.6859,600.0000,33.38,119.76,3.0300,2.86,359.99,5.556603e-04
1487,36.1446,140.00,33.88,35.0000,24.3141,10.6859,600.0000,33.86,119.76,3.0300,2.86,359.96,5.558909e-04
1488,35.9671,140.00,34.38,35.0000,24.3141,10.6859,600.0000,34.38,119.76,3.0300,0.00,359.93,5.561214e-04
1489,35.9213,140.00,34.89,35.0000,24.3141,10.6859,600.0000,34.90,119.76,3.0300,0.00,359.90,5.563519e-04
1490,35.9052,140.00,35.39,35.0000,24.3141,10.6859,600.0000,35.38,119.76,3.0300,2.62,359.87,5.565822e-04
1491,35.7211,140.00,35.79,35.0000,24.3141,10.6859,600.0000,35.80,119.76,3.0300,0.00,359.84,5.568125e-04
1492,35.9849,140.00,36.13,35.0000,24.3141,10.6859,600.0000,36.12,119.76,3.0300,2.84,359.81,5.570426e-04
1493,35.3843,140.00,36.34,35.0000,24.3141,10.6859,600.0000,36.32,119.76,3.0300,2.87,359.78,5.572727e-04
1494,35.9859,140.00,36.40,35.0000,24.3141,10.6859,600.0000,36.39,119.76,3.0300,2.66,359.75,5.575027e-04
1495,35.4127,140.00,36.36,35.0000,24.3141,10.6859,600.0000,36.32,119.76,3.0300,3.24,359.72,5.577325e-04
1496,35.7154,140.00,36.14,35.0000,24.3141,10.6859,600.0000,36.13,119.76,3.0300,2.65,359.69,5.579623e-04
1497,35.7330,140.00,35.83,35.0000,24.3141,10.6859,600.0000,35.81,119.76,3.0300,3.01,359.66,5.581920e-04
1498,35.9623,140.00,35.40,35.0000,24.3141,10.6859,600.0000,35.40,119.76,3.0300,0.00,359.63,5.584216e-04
1499,36.0711,140.00,34.95,35.0000,24.3141,10.6859,600.0000,34.92,119.76,3.0300,3.09,359.60,5.586511e-04
1500,35.4653,140.00,34.41,35.0000,24.3141,10.6859,600.0000,34.40,119.76,3.0300,2.65,359.57,5.588804e-04
1501,36.1146,140.00,33.90,35.0000,24.3141,10.6859,600.0000,33.88,119.76,3.0300,2.70,359.54,5.591097e-04
1502,36.1737,140.00,33.41,35.0000,24.3141,10.6859,600.0000,33.40,119.76,3.0300,2.29,359.51,5.593389e-04
1503,36.2168,140.00,32.99,35.0000,24.3141,10.6859,600.0000,32.99,119.76,3.0300,2.27,359.48,5.595680e-04
1504,35.7392,140.00,32.69,35.0000,24.3141,10.6859,600.0000,32.67,119.76,3.0300,2.80,359.45,5.597971e-04
1505,36.0238,140.00,32.47,35.0000,24.3141,10.6859,600.0000,32.48,119.76,3.0300,0.00,359.42,5.600260e-04
1506,35.7842,140.00,32.41,35.0000,24.3141,10.6859,600.0000,32.41,119.76,3.0300,0.00,359.39,5.602548e-04
1507,36.3830,140.00,32.50,35.0000,24.3141,10.6859,600.0000,32.48,119.76,3.0300,2.81,359.36,5.604835e-04
1508,36.0161,140.00,32.68,35.0000,24.3141,10.6859,600.0000,32.68,119.76,3.0300,2.01,359.33,5.607122e-04
1509,36.3916,140.00,33.00,35.0000,24.3141,10.6859,600.0000,33.00,119.76,3.0300,0.00,359.30,5.609407e-04
1510,36.0360,140.00,33.41,35.0000,24.3141,10.6859,600.0000,33.42,119.76,3.0300,0.00,359.27,5.611691e-04
1511,36.2521,140.00,33.91,35.0000,24.3141,10.6859,600.0000,33.90,119.76,3.0300,2.53,359.24,5.613975e-04
1512,35.6330,140.00,34.41,35.0000,24.3141,10.6859,600.0000,34.42,119.76,3.0300,0.00,359.22,5.616257e-04
1513,35.9847,140.00,34.94,35.0000,24.3141,10.6859,600.0000,34.94,119.76,3.0300,0.00,359.19,5.618539e-04
1514,35.8386,140.00,35.42,35.0000,24.3141,10.6859,600.0000,35.42,119.76,3.0300,0.00,359.16,5.620820e-04
1515,36.4961,140.00,35.85,35.0000,24.3141,10.6859,600.0000,35.84,119.76,3.0300,2.76,359.13,5.623099e-04
1516,35.9155,140.00,36.15,35.0000,24.3141,10.6859,600.0000,36.16,119.76,3.0300,0.00,359.10,5.625378e-04
1517,35.6470,140.00,36.36,35.0000,24.3141,10.6859,600.0000,36.36,119.76,3.0300,0.00,359.07,5.627656e-04
1518,36.0778,140.00,36.46,35.0000,24.3141,10.6859,600.0000,36.43,119.76,3.0300,3.10,359.04,5.629933e-04
1519,36.4518,140.00,36.37,35.0000,24.3141,10.6859,600.0000,36.36,119.76,3.0300,2.59,359.01,5.632209e-04
1520,35.8393,140.00,36.16,35.0000,24.3141,10.6859,600.0000,36.17,119.76,3.0300,0.00,358.98,5.634484e-04
1521,36.5748,140.00,35.87,35.0000,24.3141,10.6859,600.0000,35.85,119.76,3.0300,2.90,358.95,5.636758e-04
1522,36.4736,140.00,35.45,35.0000,24.3141,10.6859,600.0000,35.44,119.76,3.0300,2.74,358.92,5.639032e-04
1523,35.7906,140.00,34.96,35.0000,24.3141,10.6859,600.0000,34.96,119.76,3.0300,2.19,358.89,5.641304e-04
1524,35.8671,140.00,34.44,35.0000,24.3141,10.6859,600.0000,34.44,119.76,3.0300,2.37,358.86,5.643575e-04
1525,36.6795,140.00,33.94,35.0000,24.3141,10.6859,600.0000,33.92,119.76,3.0300,2.68,358.83,5.645846e-04
1526,36.5456,140.00,33.45,35.0000,24.3141,10.6859,600.0000,33.44,119.76,3.0300,2.65,358.80,5.648115e-04
1527,35.8354,140.00,33.03,35.0000,24.3141,10.6859,600.0000,33.03,119.76,3.0300,1.82,358.78,5.650384e-04
1528,36.6717,140.00,32.71,35.0000,24.3141,10.6859,600.0000,32.71,119.76,3.0300,0.00,358.75,5.652652e-04
1529,36.1861,140.00,32.52,35.0000,24.3141,10.6859,600.0000,32.52,119.76,3.0300,0.00,358.72,5.654918e-04
1530,35.9778,140.00,32.46,35.0000,24.3141,10.6859,600.0000,32.45,119.76,3.0300,2.54,358.69,5.657184e-04
1531,35.9276,140.00,32.53,35.0000,24.3141,10.6859,600.0000,32.52,119.76,3.0300,2.47,358.66,5.659449e-04
1532,36.7180,140.00,32.73,35.0000,24.3141,10.6859,600.0000,32.72,119.76,3.0300,2.64,358.63,5.661713e-04
1533,35.8934,140.00,33.04,35.0000,24.3141,10.6859,600.0000,33.04,119.76,3.0300,0.00,358.60,5.663976e-04
1534,36.3804,140.00,33.47,35.0000,24.3141,10.6859,600.0000,33.46,119.76,3.0300,2.70,358.57,5.666238e-04
1535,36.6941,140.00,33.96,35.0000,24.3141,10.6859,600.0000,33.94,119.76,3.0300,2.80,358.54,5.668500e-04
1536,36.1727,140.00,34.47,35.0000,24.3141,10.6859,600.0000,34.46,119.76,3.0300,2.76,358.51,5.670760e-04
1537,36.0392,140.00,34.97,35.0000,24.3141,10.6859,600.0000,34.98,119.76,3.0300,0.00,358.48,5.673019e-04
1538,36.5513,140.00,35.48,35.0000,24.3141,10.6859,600.0000,35.46,119.76,3.0300,2.78,358.46,5.675278e-04
1539,36.2272,140.00,35.89,35.0000,24.3141,10.6859,600.0000,35.88,119.76,3.0300,2.62,358.43,5.677535e-04
1540,36.0136,140.00,36.22,35.0000,24.3141,10.6859,600.0000,36.20,119.76,3.0300,2.86,358.40,5.679792e-04
1541,36.1990,140.00,36.41,35.0000,24.3141,10.6859,600.0000,36.40,119.76,3.0300,2.78,358.37,5.682048e-04
1542,36.4128,140.00,36.47,35.0000,24.3141,10.6859,600.0000,36.47,119.76,3.0300,1.86,358.34,5.684303e-04
1543,36.1651,140.00,36.41,35.0000,24.3141,10.6859,600.0000,36.40,119.76,3.0300,2.48,358.31,5.686557e-04
1544,36.8064,140.00,36.21,35.0000,24.3141,10.6859,600.0000,36.20,119.76,3.0300,2.52,358.28,5.688810e-04
1545,36.6103,140.00,35.90,35.0000,24.3141,10.6859,600.0000,35.89,119.76,3.0300,2.70,358.25,5.691062e-04
1546,36.2107,140.00,35.47,35.0000,24.3141,10.6859,600.0000,35.48,119.76,3.0300,0.00,358.22,5.693313e-04
1547,36.2843,140.00,35.01,35.0000,24.3141,10.6859,600.0000,35.00,119.76,3.0300,2.84,358.19,5.695564e-04
1548,36.3476,140.00,34.48,35.0000,24.3141,10.6859,600.0000,34.48,119.76,3.0300,2.38,358.17,5.697813e-04
1549,36.5682,140.00,33.97,35.0000,24.3141,10.6859,600.0000,33.96,119.76,3.0300,2.31,358.14,5.700062e-04
1550,36.3525,140.00,33.48,35.0000,24.3141,10.6859,600.0000,33.48,119.76,3.0300,0.00,358.11,5.702309e-04
1551,36.6255,140.00,33.08,35.0000,24.3141,10.6859,600.0000,33.07,119.76,3.0300,2.61,358.08,5.704556e-04
1552,36.4014,140.00,32.77,35.0000,24.3141,10.6859,600.0000,32.75,119.76,3.0300,2.72,358.05,5.706802e-04
1553,36.7607,140.00,32.56,35.0000,24.3141,10.6859,600.0000,32.56,119.76,3.0300,2.56,358.02,5.709047e-04
1554,36.5344,140.00,32.50,35.0000,24.3141,10.6859,600.0000,32.49,119.76,3.0300,2.53,357.99,5.711291e-04
1555,36.0174,140.00,32.55,35.0000,24.3141,10.6859,600.0000,32.56,119.76,3.0300,0.00,357.96,5.713534e-04
1556,36.7270,140.00,32.77,35.0000,24.3141,10.6859,600.0000,32.76,119.76,3.0300,2.77,357.94,5.715777e-04
1557,36.9756,140.00,33.09,35.0000,24.3141,10.6859,600.0000,33.08,119.76,3.0300,2.68,357.91,5.718018e-04
1558,36.9892,140.00,33.50,35.0000,24.3141,10.6859,600.0000,33.50,119.76,3.0300,2.55,357.88,5.720259e-04
1559,36.4852,140.00,33.98,35.0000,24.3141,10.6859,600.0000,33.98,119.76,3.0300,2.39,357.85,5.722498e-04
1560,36.5267,140.00,34.51,35.0000,24.3141,10.6859,600.0000,34.50,119.76,3.0300,2.54,357.82,5.724737e-04
1561,36.9073,140.00,35.02,35.0000,24.3141,10.6859,600.0000,35.02,119.76,3.0300,2.38,357.79,5.726975e-04
1562,36.7174,140.00,35.51,35.0000,24.3141,10.6859,600.0000,35.50,119.76,3.0300,2.68,357.76,5.729212e-04
1563,36.7527,140.00,35.93,35.0000,24.3141,10.6859,600.0000,35.92,119.76,3.0300,2.60,357.73,5.731448e-04
1564,36.7955,140.00,36.24,35.0000,24.3141,10.6859,600.0000,36.24,119.76,3.0300,2.49,357.71,5.733683e-04
1565,36.8272,140.00,36.45,35.0000,24.3141,10.6859,600.0000,36.44,119.76,3.0300,2.61,357.68,5.735918e-04
1566,36.3840,140.00,36.52,35.0000,24.3141,10.6859,600.0000,36.51,119.76,3.0300,2.66,357.65,5.738151e-04
1567,36.9491,140.00,36.44,35.0000,24.3141,10.6859,600.0000,36.44,119.76,3.0300,2.35,357.62,5.740384e-04
1568,36.4092,140.00,36.27,35.0000,24.3141,10.6859,600.0000,36.24,119.76,3.0300,3.02,357.59,5.742615e-04
1569,36.6544,140.00,35.94,35.0000,24.3141,10.6859,600.0000,35.93,119.76,3.0300,2.68,357.56,5.744846e-04
1570,36.2128,140.00,35.51,35.0000,24.3141,10.6859,600.0000,35.51,119.76,3.0300,0.00,357.53,5.747076e-04
1571,37.0726,140.00,35.04,35.0000,24.3141,10.6859,600.0000,35.03,119.76,3.0300,2.56,357.51,5.749305e-04
1572,36.6527,140.00,34.53,35.0000,24.3141,10.6859,600.0000,34.52,119.76,3.0300,2.75,357.48,5.751533e-04
1573,36.7603,140.00,34.01,35.0000,24.3141,10.6859,600.0000,34.00,119.76,3.0300,2.55,357.45,5.753761e-04
1574,36.8067,140.00,33.52,35.0000,24.3141,10.6859,600.0000,33.52,119.76,3.0300,0.00,357.42,5.755987e-04
1575,36.9863,140.00,33.12,35.0000,24.3141,10.6859,600.0000,33.11,119.76,3.0300,2.67,357.39,5.758213e-04
1576,36.6840,140.00,32.79,35.0000,24.3141,10.6859,600.0000,32.79,119.76,3.0300,2.32,357.36,5.760437e-04
1577,36.2158,140.00,32.59,35.0000,24.3141,10.6859,600.0000,32.59,119.76,3.0300,2.10,357.34,5.762661e-04
1578,37.0234,140.00,32.53,35.0000,24.3141,10.6859,600.0000,32.53,119.76,3.0300,2.57,357.31,5.764884e-04
1579,36.9516,140.00,32.60,35.0000,24.3141,10.6859,600.0000,32.60,119.76,3.0300,2.47,357.28,5.767106e-04
1580,36.8596,140.00,32.80,35.0000,24.3141,10.6859,600.0000,32.80,119.76,3.0300,1.80,357.25,5.769328e-04
1581,36.2509,140.00,33.13,35.0000,24.3141,10.6859,600.0000,33.12,119.76,3.0300,2.67,357.22,5.771548e-04
1582,36.6353,140.00,33.54,35.0000,24.3141,10.6859,600.0000,33.53,119.76,3.0300,2.68,357.19,5.773768e-04
1583,36.9712,140.00,34.02,35.0000,24.3141,10.6859,600.0000,34.02,119.76,3.0300,2.59,357.17,5.775986e-04
1584,37.0585,140.00,34.54,35.0000,24.3141,10.6859,600.0000,34.54,119.76,3.0300,2.25,357.14,5.778204e-04
1585,36.2298,140.00,35.06,35.0000,24.3141,10.6859,600.0000,35.05,119.76,3.0300,2.60,357.11,5.780421e-04
1586,36.8483,140.00,35.55,35.0000,24.3141,10.6859,600.0000,35.54,119.76,3.0300,2.68,357.08,5.782637e-04
1587,36.1973,140.00,35.95,35.0000,24.3141,10.6859,600.0000,35.95,119.76,3.0300,0.00,357.05,5.784852e-04
1588,36.8593,140.00,36.28,35.0000,24.3141,10.6859,600.0000,36.27,119.76,3.0300,2.53,357.02,5.787066e-04
1589,36.8536,140.00,36.48,35.0000,24.3141,10.6859,600.0000,36.47,119.76,3.0300,2.59,357.00,5.789280e-04
1590,37.0732,140.00,36.55,35.0000,24.3141,10.6859,600.0000,36.54,119.76,3.0300,2.34,356.97,5.791493e-04
1591,36.3014,140.00,36.49,35.0000,24.3141,10.6859,600.0000,36.48,119.76,3.0300,2.76,356.94,5.793704e-04
1592,36.7911,140.00,36.28,35.0000,24.3141,10.6859,600.0000,36.28,119.76,3.0300,2.39,356.91,5.795915e-04
1593,36.9220,140.00,35.98,35.0000,24.3141,10.6859,600.0000,35.96,119.76,3.0300,2.93,356.88,5.798125e-04
1594,37.0814,140.00,35.56,35.0000,24.3141,10.6859,600.0000,35.55,119.76,3.0300,2.52,356.86,5.800335e-04
1595,36.7387,140.00,35.08,35.0000,24.3141,10.6859,600.0000,35.07,119.76,3.0300,2.72,356.83,5.802543e-04
1596,37.2095,140.00,34.56,35.0000,24.3141,10.6859,600.0000,34.55,119.76,3.0300,2.63,356.80,5.804751e-04
1597,36.9216,140.00,34.05,35.0000,24.3141,10.6859,600.0000,34.04,119.76,3.0300,2.59,356.77,5.806957e-04
1598,36.3152,140.00,33.55,35.0000,24.3141,10.6859,600.0000,33.56,119.76,3.0300,0.00,356.74,5.809163e-04
1599,36.9593,140.00,33.14,35.0000,24.3141,10.6859,600.0000,33.14,119.76,3.0300,0.00,356.71,5.811368e-04
1600,37.1446,140.00,32.83,35.0000,24.3141,10.6859,600.0000,32.83,119.76,3.0300,2.52,356.69,5.813572e-04
1601,37.0079,140.00,32.63,35.0000,24.3141,10.6859,600.0000,32.63,119.76,3.0300,2.23,356.66,5.815775e-04
1602,36.2347,140.00,32.57,35.0000,24.3141,10.6859,600.0000,32.56,119.76,3.0300,2.68,356.63,5.817978e-04
1603,36.6029,140.00,32.63,35.0000,24.3141,10.6859,600.0000,32.63,119.76,3.0300,2.01,356.60,5.820179e-04
1604,36.7127,140.00,32.85,35.0000,24.3141,10.6859,600.0000,32.83,119.76,3.0300,2.74,356.57,5.822380e-04
1605,36.9361,140.00,33.15,35.0000,24.3141,10.6859,600.0000,33.15,119.76,3.0300,0.00,356.55,5.824580e-04
1606,36.9094,140.00,33.58,35.0000,24.3141,10.6859,600.0000,33.57,119.76,3.0300,2.64,356.52,5.826779e-04
1607,36.2716,140.00,34.07,35.0000,24.3141,10.6859,600.0000,34.05,119.76,3.0300,2.83,356.49,5.828978e-04
1608,36.6453,140.00,34.57,35.0000,24.3141,10.6859,600.0000,34.57,119.76,3.0300,2.29,356.46,5.831175e-04
1609,36.8486,140.00,35.09,35.0000,24.3141,10.6859,600.0000,35.09,119.76,3.0300,1.86,356.44,5.833371e-04
1610,37.0745,140.00,35.58,35.0000,24.3141,10.6859,600.0000,35.57,119.76,3.0300,2.68,356.41,5.835567e-04
1611,36.9492,140.00,35.99,35.0000,24.3141,10.6859,600.0000,35.99,119.76,3.0300,2.01,356.38,5.837762e-04
1612,36.9603,140.00,36.32,35.0000,24.3141,10.6859,600.0000,36.31,119.76,3.0300,2.64,356.35,5.839956e-04
1613,37.0447,140.00,36.51,35.0000,24.3141,10.6859,600.0000,36.51,119.76,3.0300,2.24,356.32,5.842149e-04
1614,36.2864,140.00,36.56,35.0000,24.3141,10.6859,600.0000,36.58,119.76,3.0300,0.00,356.30,5.844342e-04
1615,36.7215,140.00,36.52,35.0000,24.3141,10.6859,600.0000,36.51,119.76,3.0300,2.56,356.27,5.846533e-04
1616,36.9745,140.00,36.32,35.0000,24.3141,10.6859,600.0000,36.31,119.76,3.0300,2.30,356.24,5.848724e-04
1617,36.9786,140.00,36.00,35.0000,24.3141,10.6859,600.0000,36.00,119.76,3.0300,2.45,356.21,5.850914e-04
1618,37.0203,140.00,35.60,35.0000,24.3141,10.6859,600.0000,35.59,119.76,3.0300,2.70,356.18,5.853103e-04
1619,36.8396,140.00,35.11,35.0000,24.3141,10.6859,600.0000,35.10,119.76,3.0300,2.43,356.16,5.855291e-04
1620,36.8825,140.00,34.60,35.0000,24.3141,10.6859,600.0000,34.59,119.76,3.0300,2.75,356.13,5.857479e-04
1621,36.4107,140.00,34.09,35.0000,24.3141,10.6859,600.0000,34.07,119.76,3.0300,2.76,356.10,5.859665e-04
1622,36.7757,140.00,33.60,35.0000,24.3141,10.6859,600.0000,33.59,119.76,3.0300,2.64,356.07,5.861851e-04
1623,37.0172,140.00,33.19,35.0000,24.3141,10.6859,600.0000,33.18,119.76,3.0300,2.62,356.05,5.864036e-04
1624,37.1373,140.00,32.87,35.0000,24.3141,10.6859,600.0000,32.86,119.76,3.0300,2.43,356.02,5.866220e-04
1625,36.7815,140.00,32.67,35.0000,24.3141,10.6859,600.0000,32.66,119.76,3.0300,2.50,355.99,5.868404e-04
1626,37.1976,140.00,32.60,35.0000,24.3141,10.6859,600.0000,32.60,119.76,3.0300,2.32,355.96,5.870586e-04
1627,36.8749,140.00,32.67,35.0000,24.3141,10.6859,600.0000,32.67,119.76,3.0300,2.24,355.94,5.872768e-04
1628,36.8891,140.00,32.87,35.0000,24.3141,10.6859,600.0000,32.87,119.76,3.0300,2.23,355.91,5.874949e-04
1629,36.5166,140.00,33.19,35.0000,24.3141,10.6859,600.0000,33.19,119.76,3.0300,1.94,355.88,5.877129e-04
1630,36.2612,140.00,33.60,35.0000,24.3141,10.6859,600.0000,33.60,119.76,3.0300,0.00,355.85,5.879308e-04
1631,36.4581,140.00,34.08,35.0000,24.3141,10.6859,600.0000,34.09,119.76,3.0300,0.00,355.82,5.881486e-04
1632,37.2396,140.00,34.61,35.0000,24.3141,10.6859,600.0000,34.60,119.76,3.0300,2.39,355.80,5.883664e-04
1633,36.8119,140.00,35.13,35.0000,24.3141,10.6859,600.0000,35.12,119.76,3.0300,2.48,355.77,5.885841e-04
1634,36.7357,140.00,35.62,35.0000,24.3141,10.6859,600.0000,35.61,119.76,3.0300,2.64,355.74,5.888017e-04
1635,36.6393,140.00,36.03,35.0000,24.3141,10.6859,600.0000,36.02,119.76,3.0300,2.71,355.71,5.890192e-04
1636,37.0647,140.00,36.36,35.0000,24.3141,10.6859,600.0000,36.34,119.76,3.0300,2.74,355.69,5.892366e-04
1637,36.4736,140.00,36.56,35.0000,24.3141,10.6859,600.0000,36.54,119.76,3.0300,2.83,355.66,5.894540e-04
1638,36.8202,140.00,36.63,35.0000,24.3141,10.6859,600.0000,36.61,119.76,3.0300,2.72,355.63,5.896713e-04
1639,36.8855,140.00,36.55,35.0000,24.3141,10.6859,600.0000,36.55,119.76,3.0300,2.19,355.60,5.898885e-04
1640,36.5898,140.00,36.35,35.0000,24.3141,10.6859,600.0000,36.35,119.76,3.0300,2.30,355.58,5.901056e-04
1641,36.7116,140.00,36.03,35.0000,24.3141,10.6859,600.0000,36.03,119.76,3.0300,2.30,355.55,5.903226e-04
1642,36.4440,140.00,35.63,35.0000,24.3141,10.6859,600.0000,35.62,119.76,3.0300,2.75,355.52,5.905396e-04
1643,36.3066,140.00,35.15,35.0000,24.3141,10.6859,600.0000,35.14,119.76,3.0300,2.59,355.50,5.907564e-04
1644,36.9962,140.00,34.63,35.0000,24.3141,10.6859,600.0000,34.62,119.76,3.0300,2.47,355.47,5.909732e-04
1645,36.7418,140.00,34.11,35.0000,24.3141,10.6859,600.0000,34.11,119.76,3.0300,2.54,355.44,5.911899e-04
1646,36.3953,140.00,33.63,35.0000,24.3141,10.6859,600.0000,33.62,119.76,3.0300,2.64,355.41,5.914066e-04
1647,36.7193,140.00,33.23,35.0000,24.3141,10.6859,600.0000,33.21,119.76,3.0300,2.80,355.39,5.916231e-04
1648,36.2308,140.00,32.90,35.0000,24.3141,10.6859,600.0000,32.89,119.76,3.0300,2.47,355.36,5.918396e-04
1649,36.9656,140.00,32.70,35.0000,24.3141,10.6859,600.0000,32.70,119.76,3.0300,2.47,355.33,5.920560e-04
1650,36.9207,140.00,32.63,35.0000,24.3141,10.6859,600.0000,32.63,119.76,3.0300,0.00,355.30,5.922723e-04
1651,36.4159,140.00,32.70,35.0000,24.3141,10.6859,600.0000,32.70,119.76,3.0300,0.00,355.28,5.924885e-04
1652,36.4389,140.00,32.92,35.0000,24.3141,10.6859,600.0000,32.90,119.76,3.0300,2.84,355.25,5.927047e-04
1653,36.1995,140.00,33.22,35.0000,24.3141,10.6859,600.0000,33.22,119.76,3.0300,0.00,355.22,5.929208e-04
1654,36.1975,140.00,33.65,35.0000,24.3141,10.6859,600.0000,33.64,119.76,3.0300,2.77,355.19,5.931368e-04
1655,37.0569,140.00,34.12,35.0000,24.3141,10.6859,600.0000,34.12,119.76,3.0300,2.43,355.17,5.933527e-04
1656,37.1561,140.00,34.64,35.0000,24.3141,10.6859,600.0000,34.64,119.76,3.0300,2.41,355.14,5.935685e-04
1657,36.7181,140.00,35.17,35.0000,24.3141,10.6859,600.0000,35.16,119.76,3.0300,2.71,355.11,5.937843e-04
1658,36.2357,140.00,35.66,35.0000,24.3141,10.6859,600.0000,35.64,119.76,3.0300,2.82,355.09,5.940000e-04
1659,36.2886,140.00,36.07,35.0000,24.3141,10.6859,600.0000,36.06,119.76,3.0300,2.90,355.06,5.942156e-04
1660,36.3635,140.00,36.38,35.0000,24.3141,10.6859,600.0000,36.38,119.76,3.0300,1.73,355.03,5.944311e-04
1661,37.0397,140.00,36.60,35.0000,24.3141,10.6859,600.0000,36.58,119.76,3.0300,2.91,355.00,5.946465e-04
1662,36.8925,140.00,36.65,35.0000,24.3141,10.6859,600.0000,36.65,119.76,3.0300,2.41,354.98,5.948619e-04
1663,36.7139,140.00,36.59,35.0000,24.3141,10.6859,600.0000,36.58,119.76,3.0300,2.75,354.95,5.950772e-04
1664,36.3289,140.00,36.38,35.0000,24.3141,10.6859,600.0000,36.38,119.76,3.0300,2.33,354.92,5.952924e-04
1665,36.2569,140.00,36.07,35.0000,24.3141,10.6859,600.0000,36.06,119.76,3.0300,2.63,354.90,5.955075e-04
1666,37.0994,140.00,35.66,35.0000,24.3141,10.6859,600.0000,35.65,119.76,3.0300,2.76,354.87,5.957226e-04
1667,36.9373,140.00,35.17,35.0000,24.3141,10.6859,600.0000,35.17,119.76,3.0300,2.40,354.84,5.959375e-04
1668,36.5009,140.00,34.67,35.0000,24.3141,10.6859,600.0000,34.65,119.76,3.0300,2.78,354.81,5.961524e-04
1669,36.5749,140.00,34.15,35.0000,24.3141,10.6859,600.0000,34.14,119.76,3.0300,2.84,354.79,5.963673e-04
1670,36.5131,140.00,33.66,35.0000,24.3141,10.6859,600.0000,33.66,119.76,3.0300,2.50,354.76,5.965820e-04
1671,36.9280,140.00,33.25,35.0000,24.3141,10.6859,600.0000,33.24,119.76,3.0300,2.50,354.73,5.967967e-04
1672,36.8356,140.00,32.93,35.0000,24.3141,10.6859,600.0000,32.93,119.76,3.0300,2.37,354.71,5.970112e-04
1673,36.3545,140.00,32.74,35.0000,24.3141,10.6859,600.0000,32.73,119.76,3.0300,2.67,354.68,5.972257e-04
1674,36.0968,140.00,32.67,35.0000,24.3141,10.6859,600.0000,32.66,119.76,3.0300,2.70,354.65,5.974402e-04
1675,36.0619,140.00,32.74,35.0000,24.3141,10.6859,600.0000,32.73,119.76,3.0300,2.73,354.63,5.976545e-04
1676,36.3013,140.00,32.94,35.0000,24.3141,10.6859,600.0000,32.93,119.76,3.0300,2.74,354.60,5.978688e-04
1677,36.1171,140.00,33.27,35.0000,24.3141,10.6859,600.0000,33.25,119.76,3.0300,2.93,354.57,5.980830e-04
1678,36.6453,140.00,33.67,35.0000,24.3141,10.6859,600.0000,33.67,119.76,3.0300,2.30,354.54,5.982971e-04
1679,36.3186,140.00,34.17,35.0000,24.3141,10.6859,600.0000,34.15,119.76,3.0300,2.81,354.52,5.985112e-04
1680,36.7649,140.00,34.68,35.0000,24.3141,10.6859,600.0000,34.67,119.76,3.0300,2.57,354.49,5.987251e-04
1681,36.2936,140.00,35.20,35.0000,24.3141,10.6859,600.0000,35.19,119.76,3.0300,2.77,354.46,5.989390e-04
1682,36.8218,140.00,35.69,35.0000,24.3141,10.6859,600.0000,35.67,119.76,3.0300,2.80,354.44,5.991528e-04
1683,36.2738,140.00,36.09,35.0000,24.3141,10.6859,600.0000,36.09,119.76,3.0300,1.90,354.41,5.993666e-04
1684,36.7026,140.00,36.42,35.0000,24.3141,10.6859,600.0000,36.41,119.76,3.0300,2.66,354.38,5.995802e-04
1685,36.8294,140.00,36.61,35.0000,24.3141,10.6859,600.0000,36.61,119.76,3.0300,2.39,354.36,5.997938e-04
1686,36.1369,140.00,36.68,35.0000,24.3141,10.6859,600.0000,36.68,119.76,3.0300,2.13,354.33,6.000073e-04
1687,36.1279,140.00,36.63,35.0000,24.3141,10.6859,600.0000,36.61,119.76,3.0300,2.85,354.30,6.002208e-04
1688,36.5202,140.00,36.42,35.0000,24.3141,10.6859,600.0000,36.41,119.76,3.0300,2.68,354.28,6.004341e-04
1689,36.7925,140.00,36.11,35.0000,24.3141,10.6859,600.0000,36.09,119.76,3.0300,2.91,354.25,6.006474e-04
1690,36.3834,140.00,35.70,35.0000,24.3141,10.6859,600.0000,35.68,119.76,3.0300,2.90,354.22,6.008606e-04
1691,36.3893,140.00,35.22,35.0000,24.3141,10.6859,600.0000,35.20,119.76,3.0300,2.81,354.20,6.010737e-04
1692,36.4973,140.00,34.68,35.0000,24.3141,10.6859,600.0000,34.68,119.76,3.0300,1.86,354.17,6.012868e-04
1693,36.5022,140.00,34.17,35.0000,24.3141,10.6859,600.0000,34.17,119.76,3.0300,2.46,354.14,6.014998e-04
1694,36.3633,140.00,33.69,35.0000,24.3141,10.6859,600.0000,33.69,119.76,3.0300,0.00,354.12,6.017127e-04
1695,36.5107,140.00,33.28,35.0000,24.3141,10.6859,600.0000,33.27,119.76,3.0300,2.69,354.09,6.019255e-04
1696,36.4245,140.00,32.97,35.0000,24.3141,10.6859,600.0000,32.96,119.76,3.0300,2.65,354.06,6.021383e-04
1697,36.7571,140.00,32.76,35.0000,24.3141,10.6859,600.0000,32.76,119.76,3.0300,2.30,354.04,6.023509e-04
1698,36.5161,140.00,32.70,35.0000,24.3141,10.6859,600.0000,32.69,119.76,3.0300,2.43,354.01,6.025635e-04
1699,36.1737,140.00,32.77,35.0000,24.3141,10.6859,600.0000,32.76,119.76,3.0300,2.61,353.98,6.027761e-04
1700,36.7854,140.00,32.97,35.0000,24.3141,10.6859,600.0000,32.96,119.76,3.0300,2.65,353.96,6.029885e-04
1701,36.7818,140.00,33.29,35.0000,24.3141,10.6859,600.0000,33.28,119.76,3.0300,2.43,353.93,6.032009e-04
1702,36.3771,140.00,33.71,35.0000,24.3141,10.6859,600.0000,33.70,119.76,3.0300,2.77,353.90,6.034132e-04
1703,36.6847,140.00,34.19,35.0000,24.3141,10.6859,600.0000,34.18,119.76,3.0300,2.56,353.88,6.036254e-04
1704,36.4701,140.00,34.70,35.0000,24.3141,10.6859,600.0000,34.70,119.76,3.0300,2.47,353.85,6.038376e-04
1705,36.2370,140.00,35.22,35.0000,24.3141,10.6859,600.0000,35.22,119.76,3.0300,2.41,353.82,6.040497e-04
1706,36.4722,140.00,35.71,35.0000,24.3141,10.6859,600.0000,35.70,119.76,3.0300,2.72,353.80,6.042617e-04
1707,36.5434,140.00,36.13,35.0000,24.3141,10.6859,600.0000,36.12,119.76,3.0300,2.80,353.77,6.044736e-04
1708,36.6022,140.00,36.44,35.0000,24.3141,10.6859,600.0000,36.44,119.76,3.0300,2.28,353.74,6.046854e-04
1709,36.4592,140.00,36.64,35.0000,24.3141,10.6859,600.0000,36.64,119.76,3.0300,2.56,353.72,6.048972e-04
1710,36.4106,140.00,36.73,35.0000,24.3141,10.6859,600.0000,36.71,119.76,3.0300,3.03,353.69,6.051089e-04
1711,36.6536,140.00,36.65,35.0000,24.3141,10.6859,600.0000,36.64,119.76,3.0300,2.66,353.66,6.053206e-04
1712,36.4445,140.00,36.46,35.0000,24.3141,10.6859,600.0000,36.44,119.76,3.0300,2.94,353.64,6.055321e-04
1713,35.7353,140.00,36.15,35.0000,24.3141,10.6859,600.0000,36.12,119.76,3.0300,2.99,353.61,6.057436e-04
1714,35.7624,140.00,35.71,35.0000,24.3141,10.6859,600.0000,35.71,119.76,3.0300,2.26,353.58,6.059550e-04
1715,36.2800,140.00,35.23,35.0000,24.3141,10.6859,600.0000,35.23,119.76,3.0300,0.00,353.56,6.061663e-04
1716,35.8425,140.00,34.71,35.0000,24.3141,10.6859,600.0000,34.71,119.76,3.0300,2.04,353.53,6.063776e-04
1717,36.3785,140.00,34.21,35.0000,24.3141,10.6859,600.0000,34.20,119.76,3.0300,2.82,353.51,6.065888e-04
1718,35.7323,140.00,33.73,35.0000,24.3141,10.6859,600.0000,33.72,119.76,3.0300,2.63,353.48,6.067999e-04
1719,36.3687,140.00,33.30,35.0000,24.3141,10.6859,600.0000,33.30,119.76,3.0300,0.00,353.45,6.070110e-04
1720,36.4553,140.00,33.00,35.0000,24.3141,10.6859,600.0000,32.99,119.76,3.0300,2.70,353.43,6.072219e-04
1721,36.1853,140.00,32.80,35.0000,24.3141,10.6859,600.0000,32.79,119.76,3.0300,2.76,353.40,6.074328e-04
1722,35.9824,140.00,32.74,35.0000,24.3141,10.6859,600.0000,32.72,119.76,3.0300,2.83,353.37,6.076437e-04
1723,36.3612,140.00,32.79,35.0000,24.3141,10.6859,600.0000,32.79,119.76,3.0300,1.84,353.35,6.078544e-04
1724,36.0154,140.00,33.01,35.0000,24.3141,10.6859,600.0000,32.99,119.76,3.0300,2.86,353.32,6.080651e-04
1725,36.2352,140.00,33.32,35.0000,24.3141,10.6859,600.0000,33.31,119.76,3.0300,2.76,353.29,6.082757e-04
1726,36.3911,140.00,33.73,35.0000,24.3141,10.6859,600.0000,33.73,119.76,3.0300,2.48,353.27,6.084862e-04
1727,36.1576,140.00,34.22,35.0000,24.3141,10.6859,600.0000,34.21,119.76,3.0300,2.50,353.24,6.086967e-04
1728,36.1046,140.00,34.73,35.0000,24.3141,10.6859,600.0000,34.73,119.76,3.0300,2.45,353.22,6.089071e-04
1729,36.0792,140.00,35.28,35.0000,24.3141,10.6859,600.0000,35.25,119.76,3.0300,3.14,353.19,6.091174e-04
1730,35.5966,140.00,35.73,35.0000,24.3141,10.6859,600.0000,35.73,119.76,3.0300,0.69,353.16,6.093276e-04
1731,35.9087,140.00,36.15,35.0000,24.3141,10.6859,600.0000,36.15,119.76,3.0300,2.55,353.14,6.095378e-04
1732,35.8684,140.00,36.49,35.0000,24.3141,10.6859,600.0000,36.46,119.76,3.0300,3.03,353.11,6.097479e-04
1733,36.3683,140.00,36.68,35.0000,24.3141,10.6859,600.0000,36.67,119.76,3.0300,2.79,353.08,6.099579e-04
1734,36.4407,140.00,36.74,35.0000,24.3141,10.6859,600.0000,36.73,119.76,3.0300,2.65,353.06,6.101679e-04
1735,36.2208,140.00,36.67,35.0000,24.3141,10.6859,600.0000,36.67,119.76,3.0300,2.35,353.03,6.103778e-04
1736,36.0389,140.00,36.48,35.0000,24.3141,10.6859,600.0000,36.47,119.76,3.0300,2.72,353.01,6.105876e-04
1737,36.3016,140.00,36.17,35.0000,24.3141,10.6859,600.0000,36.15,119.76,3.0300,2.79,352.98,6.107973e-04
1738,35.8540,140.00,35.76,35.0000,24.3141,10.6859,600.0000,35.74,119.76,3.0300,3.02,352.95,6.110070e-04
1739,36.0232,140.00,35.26,35.0000,24.3141,10.6859,600.0000,35.26,119.76,3.0300,0.00,352.93,6.112166e-04
1740,35.3978,140.00,34.76,35.0000,24.3141,10.6859,600.0000,34.74,119.76,3.0300,2.95,352.90,6.114261e-04
1741,35.5113,140.00,34.20,35.0000,24.3141,10.6859,600.0000,34.23,119.76,3.0300,0.00,352.88,6.116355e-04
1742,35.9783,140.00,33.74,35.0000,24.3141,10.6859,600.0000,33.74,119.76,3.0300,0.00,352.85,6.118449e-04
1743,35.4904,140.00,33.32,35.0000,24.3141,10.6859,600.0000,33.33,119.76,3.0300,0.00,352.82,6.120542e-04
1744,36.2387,140.00,33.03,35.0000,24.3141,10.6859,600.0000,33.01,119.76,3.0300,2.74,352.80,6.122635e-04
1745,36.1312,140.00,32.83,35.0000,24.3141,10.6859,600.0000,32.82,119.76,3.0300,2.66,352.77,6.124726e-04
1746,36.0231,140.00,32.76,35.0000,24.3141,10.6859,600.0000,32.75,119.76,3.0300,2.72,352.75,6.126817e-04
1747,35.5198,140.00,32.82,35.0000,24.3141,10.6859,600.0000,32.82,119.76,3.0300,2.45,352.72,6.128908e-04
1748,35.8897,140.00,33.01,35.0000,24.3141,10.6859,600.0000,33.02,119.76,3.0300,0.00,352.69,6.130997e-04
1749,35.6528,140.00,33.36,35.0000,24.3141,10.6859,600.0000,33.34,119.76,3.0300,3.04,352.67,6.133086e-04
1750,35.7874,140.00,33.77,35.0000,24.3141,10.6859,600.0000,33.75,119.76,3.0300,2.76,352.64,6.135174e-04
1751,35.2483,140.00,34.23,35.0000,24.3141,10.6859,600.0000,34.24,119.76,3.0300,0.00,352.62,6.137262e-04
1752,35.9062,140.00,34.76,35.0000,24.3141,10.6859,600.0000,34.76,119.76,3.0300,2.14,352.59,6.139348e-04
1753,35.7805,140.00,35.28,35.0000,24.3141,10.6859,600.0000,35.27,119.76,3.0300,2.25,352.56,6.141434e-04
1754,35.6761,140.00,35.76,35.0000,24.3141,10.6859,600.0000,35.76,119.76,3.0300,0.00,352.54,6.143520e-04
1755,35.9013,140.00,36.19,35.0000,24.3141,10.6859,600.0000,36.17,119.76,3.0300,2.86,352.51,6.145604e-04
1756,35.8513,140.00,36.50,35.0000,24.3141,10.6859,600.0000,36.49,119.76,3.0300,2.73,352.49,6.147688e-04
1757,35.9734,140.00,36.69,35.0000,24.3141,10.6859,600.0000,36.69,119.76,3.0300,0.00,352.46,6.149772e-04
1758,35.9357,140.00,36.75,35.0000,24.3141,10.6859,600.0000,36.76,119.76,3.0300,0.00,352.43,6.151854e-04
1759,35.3985,140.00,36.69,35.0000,24.3141,10.6859,600.0000,36.69,119.76,3.0300,0.00,352.41,6.153936e-04
1760,35.3559,140.00,36.52,35.0000,24.3141,10.6859,600.0000,36.50,119.76,3.0300,3.00,352.38,6.156017e-04
1761,36.0395,140.00,36.18,35.0000,24.3141,10.6859,600.0000,36.18,119.76,3.0300,0.00,352.36,6.158097e-04
1762,35.5846,140.00,35.77,35.0000,24.3141,10.6859,600.0000,35.77,119.76,3.0300,2.50,352.33,6.160177e-04
1763,35.1924,140.00,35.28,35.0000,24.3141,10.6859,600.0000,35.28,119.76,3.0300,0.00,352.31,6.162256e-04
1764,35.8538,140.00,34.79,35.0000,24.3141,10.6859,600.0000,34.77,119.76,3.0300,3.00,352.28,6.164335e-04
1765,35.0733,140.00,34.25,35.0000,24.3141,10.6859,600.0000,34.25,119.76,3.0300,0.00,352.25,6.166412e-04
1766,35.9484,140.00,33.77,35.0000,24.3141,10.6859,600.0000,33.77,119.76,3.0300,0.00,352.23,6.168489e-04
1767,35.6268,140.00,33.39,35.0000,24.3141,10.6859,600.0000,33.36,119.76,3.0300,3.11,352.20,6.170565e-04
1768,35.7760,140.00,33.04,35.0000,24.3141,10.6859,600.0000,33.04,119.76,3.0300,2.24,352.18,6.172641e-04
1769,35.7313,140.00,32.85,35.0000,24.3141,10.6859,600.0000,32.84,119.76,3.0300,2.58,352.15,6.174716e-04
1770,35.5009,140.00,32.78,35.0000,24.3141,10.6859,600.0000,32.77,119.76,3.0300,1.85,352.12,6.176790e-04
1771,35.2827,140.00,32.84,35.0000,24.3141,10.6859,600.0000,32.84,119.76,3.0300,0.00,352.10,6.178864e-04
1772,35.2273,140.00,33.08,35.0000,24.3141,10.6859,600.0000,33.04,119.76,3.0300,3.18,352.07,6.180936e-04
1773,35.6197,140.00,33.37,35.0000,24.3141,10.6859,600.0000,33.36,119.76,3.0300,2.65,352.05,6.183009e-04
1774,35.1767,140.00,33.81,35.0000,24.3141,10.6859,600.0000,33.78,119.76,3.0300,3.13,352.02,6.185080e-04
1775,35.7146,140.00,34.26,35.0000,24.3141,10.6859,600.0000,34.26,119.76,3.0300,0.00,352.00,6.187151e-04
1776,35.4622,140.00,34.78,35.0000,24.3141,10.6859,600.0000,34.78,119.76,3.0300,0.00,351.97,6.189221e-04
1777,35.4165,140.00,35.29,35.0000,24.3141,10.6859,600.0000,35.30,119.76,3.0300,0.00,351.95,6.191290e-04
1778,35.7500,140.00,35.78,35.0000,24.3141,10.6859,600.0000,35.78,119.76,3.0300,0.00,351.92,6.193359e-04
1779,35.6431,140.00,36.21,35.0000,24.3141,10.6859,600.0000,36.20,119.76,3.0300,2.73,351.89,6.195427e-04
1780,35.3259,140.00,36.51,35.0000,24.3141,10.6859,600.0000,36.52,119.76,3.0300,0.00,351.87,6.197494e-04
1781,35.2145,140.00,36.74,35.0000,24.3141,10.6859,600.0000,36.72,119.76,3.0300,3.05,351.84,6.199561e-04
1782,35.6832,140.00,36.77,35.0000,24.3141,10.6859,600.0000,36.79,119.76,3.0300,0.00,351.82,6.201627e-04
1783,35.5531,140.00,36.73,35.0000,24.3141,10.6859,600.0000,36.72,119.76,3.0300,2.51,351.79,6.203692e-04
1784,34.8666,140.00,36.52,35.0000,24.3141,10.6859,600.0000,36.52,119.76,3.0300,0.00,351.77,6.205757e-04
1785,35.1209,140.00,36.25,35.0000,24.3141,10.6859,600.0000,36.20,119.76,3.0300,3.36,351.74,6.207821e-04
1786,34.8400,140.00,35.83,35.0000,24.3141,10.6859,600.0000,35.79,119.76,3.0300,3.18,351.72,6.209884e-04
1787,35.6691,140.00,35.31,35.0000,24.3141,10.6859,600.0000,35.31,119.76,3.0300,2.39,351.69,6.211947e-04
1788,35.3767,140.00,34.80,35.0000,24.3141,10.6859,600.0000,34.79,119.76,3.0300,2.56,351.66,6.214009e-04
1789,34.7745,140.00,34.26,35.0000,24.3141,10.6859,600.0000,34.28,119.76,3.0300,0.00,351.64,6.216070e-04
1790,34.9324,140.00,33.80,35.0000,24.3141,10.6859,600.0000,33.80,119.76,3.0300,2.59,351.61,6.218131e-04
1791,34.9285,140.00,33.36,35.0000,24.3141,10.6859,600.0000,33.38,119.76,3.0300,0.00,351.59,6.220190e-04
1792,35.0868,140.00,33.06,35.0000,24.3141,10.6859,600.0000,33.07,119.76,3.0300,0.00,351.56,6.222250e-04
1793,34.8939,140.00,32.88,35.0000,24.3141,10.6859,600.0000,32.87,119.76,3.0300,2.82,351.54,6.224308e-04
1794,35.3338,140.00,32.79,35.0000,24.3141,10.6859,600.0000,32.80,119.76,3.0300,0.00,351.51,6.226366e-04
1795,35.4488,140.00,32.89,35.0000,24.3141,10.6859,600.0000,32.87,119.76,3.0300,2.95,351.49,6.228423e-04
1796,34.8039,140.00,33.12,35.0000,24.3141,10.6859,600.0000,33.07,119.76,3.0300,3.34,351.46,6.230480e-04
1797,34.9143,140.00,33.40,35.0000,24.3141,10.6859,600.0000,33.39,119.76,3.0300,2.61,351.44,6.232536e-04
1798,35.2493,140.00,33.80,35.0000,24.3141,10.6859,600.0000,33.80,119.76,3.0300,1.89,351.41,6.234591e-04
1799,34.6066,140.00,34.25,35.0000,24.3141,10.6859,600.0000,34.29,119.76,3.0300,0.00,351.38,6.236646e-04
1800,34.5276,140.00,34.79,35.0000,24.3141,10.6859,600.0000,34.81,119.76,3.0300,0.00,351.36,6.238700e-04
1801,35.4040,140.00,35.33,35.0000,24.3141,10.6859,600.0000,35.32,119.76,3.0300,2.57,351.33,6.240753e-04
1802,35.4400,140.00,35.79,35.0000,24.3141,10.6859,600.0000,35.81,119.76,3.0300,0.00,351.31,6.242805e-04
1803,34.5083,140.00,36.29,35.0000,24.3141,10.6859,600.0000,36.22,119.76,3.0300,3.58,351.28,6.244857e-04
1804,34.5661,140.00,36.50,35.0000,24.3141,10.6859,600.0000,36.54,119.76,3.0300,0.00,351.26,6.246908e-04
1805,34.6956,140.00,36.70,35.0000,24.3141,10.6859,600.0000,36.74,119.76,3.0300,0.00,351.23,6.248959e-04
1806,34.4549,140.00,36.90,35.0000,24.3141,10.6859,600.0000,36.81,119.76,3.0300,3.68,351.21,6.251009e-04
1807,34.5158,140.00,36.76,35.0000,24.3141,10.6859,600.0000,36.74,119.76,3.0300,2.78,351.18,6.253058e-04
1808,34.6759,140.00,36.58,35.0000,24.3141,10.6859,600.0000,36.55,119.76,3.0300,3.22,351.16,6.255107e-04
1809,34.7697,140.00,36.28,35.0000,24.3141,10.6859,600.0000,36.23,119.76,3.0300,3.34,351.13,6.257155e-04
1810,35.2492,140.00,35.83,35.0000,24.3141,10.6859,600.0000,35.82,119.76,3.0300,2.67,351.11,6.259202e-04
1811,34.8276,140.00,35.40,35.0000,24.3141,10.6859,600.0000,35.33,119.76,3.0300,3.53,351.08,6.261249e-04
1812,35.2719,140.00,34.80,35.0000,24.3141,10.6859,600.0000,34.82,119.76,3.0300,0.00,351.06,6.263295e-04
1813,34.6638,140.00,34.33,35.0000,24.3141,10.6859,600.0000,34.30,119.76,3.0300,3.05,351.03,6.265340e-04
1814,35.2662,140.00,33.81,35.0000,24.3141,10.6859,600.0000,33.82,119.76,3.0300,0.00,351.01,6.267385e-04
1815,34.5465,140.00,33.42,35.0000,24.3141,10.6859,600.0000,33.41,119.76,3.0300,2.64,350.98,6.269429e-04
1816,35.1010,140.00,33.12,35.0000,24.3141,10.6859,600.0000,33.09,119.76,3.0300,3.09,350.95,6.271472e-04
1817,34.9418,140.00,32.89,35.0000,24.3141,10.6859,600.0000,32.89,119.76,3.0300,2.29,350.93,6.273515e-04
1818,34.6049,140.00,32.87,35.0000,24.3141,10.6859,600.0000,32.82,119.76,3.0300,3.34,350.90,6.275557e-04
1819,34.6849,140.00,32.88,35.0000,24.3141,10.6859,600.0000,32.89,119.76,3.0300,0.00,350.88,6.277598e-04
1820,34.8236,140.00,33.11,35.0000,24.3141,10.6859,600.0000,33.09,119.76,3.0300,2.92,350.85,6.279639e-04
1821,34.2570,140.00,33.42,35.0000,24.3141,10.6859,600.0000,33.41,119.76,3.0300,2.51,350.83,6.281679e-04
1822,34.3367,140.00,33.88,35.0000,24.3141,10.6859,600.0000,33.83,119.76,3.0300,3.36,350.80,6.283718e-04
1823,34.5457,140.00,34.31,35.0000,24.3141,10.6859,600.0000,34.31,119.76,3.0300,0.00,350.78,6.285757e-04
1824,34.3285,140.00,34.85,35.0000,24.3141,10.6859,600.0000,34.83,119.76,3.0300,3.01,350.75,6.287795e-04
1825,34.4681,140.00,35.32,35.0000,24.3141,10.6859,600.0000,35.35,119.76,3.0300,0.00,350.73,6.289833e-04
1826,34.7240,140.00,35.81,35.0000,24.3141,10.6859,600.0000,35.83,119.76,3.0300,0.00,350.70,6.291870e-04
1827,34.4080,140.00,36.29,35.0000,24.3141,10.6859,600.0000,36.25,119.76,3.0300,3.28,350.68,6.293906e-04
1828,34.9487,140.00,36.61,35.0000,24.3141,10.6859,600.0000,36.56,119.76,3.0300,3.35,350.65,6.295942e-04
1829,35.0132,140.00,36.80,35.0000,24.3141,10.6859,600.0000,36.77,119.76,3.0300,3.18,350.63,6.297977e-04
1830,34.7880,140.00,36.84,35.0000,24.3141,10.6859,600.0000,36.83,119.76,3.0300,2.47,350.60,6.300011e-04
1831,34.8946,140.00,36.80,35.0000,24.3141,10.6859,600.0000,36.77,119.76,3.0300,3.20,350.58,6.302045e-04
1832,34.7158,140.00,36.61,35.0000,24.3141,10.6859,600.0000,36.57,119.76,3.0300,3.28,350.55,6.304078e-04
1833,34.1813,140.00,36.24,35.0000,24.3141,10.6859,600.0000,36.25,119.76,3.0300,0.00,350.53,6.306110e-04
1834,34.1010,140.00,35.83,35.0000,24.3141,10.6859,600.0000,35.84,119.76,3.0300,0.00,350.50,6.308142e-04
1835,34.3977,140.00,35.37,35.0000,24.3141,10.6859,600.0000,35.36,119.76,3.0300,2.81,350.48,6.310173e-04
1836,34.6317,140.00,34.90,35.0000,24.3141,10.6859,600.0000,34.84,119.76,3.0300,3.48,350.45,6.312203e-04
1837,34.4530,140.00,34.39,35.0000,24.3141,10.6859,600.0000,34.32,119.76,3.0300,3.54,350.43,6.314233e-04
1838,34.6727,140.00,33.86,35.0000,24.3141,10.6859,600.0000,33.84,119.76,3.0300,2.85,350.40,6.316262e-04
1839,34.8770,140.00,33.40,35.0000,24.3141,10.6859,600.0000,33.43,119.76,3.0300,0.00,350.38,6.318291e-04
1840,34.0168,140.00,33.23,35.0000,24.3141,10.6859,600.0000,33.11,119.76,3.0300,3.90,350.35,6.320319e-04
1841,34.4993,140.00,32.95,35.0000,24.3141,10.6859,600.0000,32.91,119.76,3.0300,3.26,350.33,6.322346e-04
1842,34.1773,140.00,32.83,35.0000,24.3141,10.6859,600.0000,32.85,119.76,3.0300,0.00,350.30,6.324373e-04
1843,34.7426,140.00,32.89,35.0000,24.3141,10.6859,600.0000,32.91,119.76,3.0300,0.00,350.28,6.326399e-04
1844,33.8856,140.00,33.03,35.0000,24.3141,10.6859,600.0000,33.11,119.76,3.0300,0.00,350.25,6.328424e-04
1845,34.6943,140.00,33.38,35.0000,24.3141,10.6859,600.0000,33.43,119.76,3.0300,0.00,350.23,6.330449e-04
1846,34.3077,140.00,33.95,35.0000,24.3141,10.6859,600.0000,33.85,119.76,3.0300,3.77,350.21,6.332473e-04
1847,34.2131,140.00,34.23,35.0000,24.3141,10.6859,600.0000,34.33,119.76,3.0300,0.00,350.18,6.334497e-04
1848,34.5480,140.00,34.89,35.0000,24.3141,10.6859,600.0000,34.85,119.76,3.0300,3.20,350.16,6.336520e-04
1849,34.6045,140.00,35.38,35.0000,24.3141,10.6859,600.0000,35.37,119.76,3.0300,2.81,350.13,6.338542e-04
1850,34.6457,140.00,35.81,35.0000,24.3141,10.6859,600.0000,35.85,119.76,3.0300,0.00,350.11,6.340564e-04
1851,34.0433,140.00,36.21,35.0000,24.3141,10.6859,600.0000,36.27,119.76,3.0300,0.00,350.08,6.342585e-04
1852,33.9419,140.00,36.57,35.0000,24.3141,10.6859,600.0000,36.59,119.76,3.0300,0.00,350.06,6.344605e-04
1853,34.5057,140.00,36.77,35.0000,24.3141,10.6859,600.0000,36.79,119.76,3.0300,0.00,350.03,6.346625e-04
1854,34.4915,140.00,36.91,35.0000,24.3141,10.6859,600.0000,36.86,119.76,3.0300,3.38,350.01,6.348644e-04
1855,34.3101,140.00,36.75,35.0000,24.3141,10.6859,600.0000,36.79,119.76,3.0300,0.00,349.98,6.350662e-04
1856,34.2610,140.00,36.59,35.0000,24.3141,10.6859,600.0000,36.59,119.76,3.0300,2.47,349.96,6.352680e-04
1857,34.4870,140.00,36.28,35.0000,24.3141,10.6859,600.0000,36.27,119.76,3.0300,2.52,349.93,6.354698e-04
1858,34.5917,140.00,35.87,35.0000,24.3141,10.6859,600.0000,35.86,119.76,3.0300,2.82,349.91,6.356714e-04
1859,33.8291,140.00,35.44,35.0000,24.3141,10.6859,600.0000,35.38,119.76,3.0300,3.44,349.88,6.358730e-04
1860,34.5480,140.00,34.90,35.0000,24.3141,10.6859,600.0000,34.86,119.76,3.0300,3.18,349.86,6.360746e-04
1861,34.2092,140.00,34.38,35.0000,24.3141,10.6859,600.0000,34.34,119.76,3.0300,3.12,349.83,6.362760e-04
1862,34.2606,140.00,140.00,35.0000,35.0000,0.0000,600.0000,33.86,33.86,0.0000,106.14,349.81,6.364775e-04
1863,34.1470,140.00,33.42,35.0000,24.3141,10.6859,600.0000,33.45,119.76,3.0300,0.00,349.78,6.366788e-04
1864,34.0525,140.00,33.18,35.0000,24.3141,10.6859,600.0000,33.13,119.76,3.0300,3.34,349.76,6.368801e-04
1865,34.4920,140.00,32.95,35.0000,24.3141,10.6859,600.0000,32.93,119.76,3.0300,2.87,349.74,6.370813e-04
1866,34.1454,140.00,32.90,35.0000,24.3141,10.6859,600.0000,32.87,119.76,3.0300,3.19,349.71,6.372825e-04
1867,34.5263,140.00,32.94,35.0000,24.3141,10.6859,600.0000,32.93,119.76,3.0300,2.65,349.69,6.374836e-04
1868,34.4846,140.00,33.11,35.0000,24.3141,10.6859,600.0000,33.14,119.76,3.0300,0.00,349.66,6.376847e-04
1869,34.1142,140.00,33.48,35.0000,24.3141,10.6859,600.0000,33.45,119.76,3.0300,3.03,349.64,6.378857e-04
1870,34.2794,140.00,33.88,35.0000,24.3141,10.6859,600.0000,33.87,119.76,3.0300,2.74,349.61,6.380866e-04
1871,33.6018,140.00,34.38,35.0000,24.3141,10.6859,600.0000,34.35,119.76,3.0300,3.05,349.59,6.382875e-04
1872,34.2076,140.00,34.83,35.0000,24.3141,10.6859,600.0000,34.87,119.76,3.0300,0.00,349.56,6.384883e-04
1873,34.0074,140.00,35.54,35.0000,24.3141,10.6859,600.0000,35.39,119.76,3.0300,4.10,349.54,6.386890e-04
1874,34.1628,140.00,35.87,35.0000,24.3141,10.6859,600.0000,35.87,119.76,3.0300,0.00,349.51,6.388897e-04
1875,34.2506,140.00,36.31,35.0000,24.3141,10.6859,600.0000,36.29,119.76,3.0300,2.97,349.49,6.390903e-04
1876,33.7811,140.00,36.58,35.0000,24.3141,10.6859,600.0000,36.61,119.76,3.0300,0.00,349.47,6.392909e-04
1877,34.3053,140.00,36.76,35.0000,24.3141,10.6859,600.0000,36.81,119.76,3.0300,0.00,349.44,6.394914e-04
1878,33.8535,140.00,37.00,35.0000,24.3141,10.6859,600.0000,36.88,119.76,3.0300,3.98,349.42,6.396918e-04
1879,34.3316,140.00,36.83,35.0000,24.3141,10.6859,600.0000,36.81,119.76,3.0300,2.92,349.39,6.398922e-04
1880,33.6443,140.00,36.70,35.0000,24.3141,10.6859,600.0000,36.61,119.76,3.0300,3.76,349.37,6.400925e-04
1881,33.7353,140.00,36.42,35.0000,24.3141,10.6859,600.0000,36.29,119.76,3.0300,3.99,349.34,6.402928e-04
1882,33.8039,140.00,35.79,35.0000,24.3141,10.6859,600.0000,35.88,119.76,3.0300,0.00,349.32,6.404930e-04
1883,34.1400,140.00,35.40,35.0000,24.3141,10.6859,600.0000,35.40,119.76,3.0300,0.00,349.29,6.406931e-04
1884,33.8481,140.00,34.85,35.0000,24.3141,10.6859,600.0000,34.88,119.76,3.0300,0.00,349.27,6.408932e-04
1885,33.7344,140.00,34.52,35.0000,24.3141,10.6859,600.0000,34.36,119.76,3.0300,4.13,349.25,6.410932e-04
1886,33.5074,140.00,33.97,35.0000,24.3141,10.6859,600.0000,33.88,119.76,3.0300,3.71,349.22,6.412932e-04
1887,33.7557,140.00,33.57,35.0000,24.3141,10.6859,600.0000,33.47,119.76,3.0300,3.81,349.20,6.414931e-04
1888,33.8342,140.00,33.10,35.0000,24.3141,10.6859,600.0000,33.15,119.76,3.0300,0.00,349.17,6.416929e-04
1889,33.5221,140.00,32.92,35.0000,24.3141,10.6859,600.0000,32.95,119.76,3.0300,0.00,349.15,6.418927e-04
1890,33.9301,140.00,32.96,35.0000,24.3141,10.6859,600.0000,32.88,119.76,3.0300,3.57,349.12,6.420924e-04
1891,34.0535,140.00,32.86,35.0000,24.3141,10.6859,600.0000,32.95,119.76,3.0300,0.00,349.10,6.422921e-04
1892,34.1264,140.00,33.25,35.0000,24.3141,10.6859,600.0000,33.15,119.76,3.0300,3.79,349.08,6.424917e-04
1893,33.5593,140.00,33.49,35.0000,24.3141,10.6859,600.0000,33.47,119.76,3.0300,2.82,349.05,6.426912e-04
1894,33.4069,140.00,33.99,35.0000,24.3141,10.6859,600.0000,33.89,119.76,3.0300,3.78,349.03,6.428907e-04
1895,33.8098,140.00,34.51,35.0000,24.3141,10.6859,600.0000,34.37,119.76,3.0300,4.05,349.00,6.430901e-04
1896,33.5572,140.00,34.99,35.0000,24.3141,10.6859,600.0000,34.89,119.76,3.0300,3.78,348.98,6.432895e-04
1897,33.4998,140.00,35.27,35.0000,24.3141,10.6859,600.0000,35.41,119.76,3.0300,0.00,348.95,6.434888e-04
1898,33.7624,140.00,35.91,35.0000,24.3141,10.6859,600.0000,35.89,119.76,3.0300,2.99,348.93,6.436880e-04
1899,33.6599,140.00,36.23,35.0000,24.3141,10.6859,600.0000,36.31,119.76,3.0300,0.00,348.91,6.438872e-04
1900,33.2240,140.00,36.52,35.0000,24.3141,10.6859,600.0000,36.62,119.76,3.0300,0.00,348.88,6.440863e-04
1901,33.3272,140.00,36.62,35.0000,24.3141,10.6859,600.0000,36.82,119.76,3.0300,0.00,348.86,6.442854e-04
1902,34.1334,140.00,36.82,35.0000,24.3141,10.6859,600.0000,36.89,119.76,3.0300,0.00,348.83,6.444844e-04
1903,33.7648,140.00,36.72,35.0000,24.3141,10.6859,600.0000,36.83,119.76,3.0300,0.00,348.81,6.446833e-04
1904,34.1110,140.00,36.70,35.0000,24.3141,10.6859,600.0000,36.63,119.76,3.0300,3.58,348.78,6.448822e-04
1905,33.8014,140.00,36.38,35.0000,24.3141,10.6859,600.0000,36.31,119.76,3.0300,3.56,348.76,6.450811e-04
1906,33.3917,140.00,36.01,35.0000,24.3141,10.6859,600.0000,35.90,119.76,3.0300,3.87,348.74,6.452798e-04
1907,33.7813,140.00,35.56,35.0000,24.3141,10.6859,600.0000,35.41,119.76,3.0300,4.07,348.71,6.454786e-04
1908,33.2242,140.00,34.67,35.0000,24.3141,10.6859,600.0000,34.90,119.76,3.0300,0.00,348.69,6.456772e-04
1909,33.0910,140.00,34.64,35.0000,24.3141,10.6859,600.0000,34.38,119.76,3.0300,4.60,348.66,6.458758e-04
1910,33.7622,140.00,33.97,35.0000,24.3141,10.6859,600.0000,33.90,119.76,3.0300,3.53,348.64,6.460743e-04
1911,33.8384,140.00,33.41,35.0000,24.3141,10.6859,600.0000,33.49,119.76,3.0300,0.00,348.61,6.462728e-04
1912,33.7011,140.00,33.15,35.0000,24.3141,10.6859,600.0000,33.17,119.76,3.0300,0.00,348.59,6.464713e-04
1913,33.5679,140.00,33.07,35.0000,24.3141,10.6859,600.0000,32.97,119.76,3.0300,3.82,348.57,6.466696e-04
1914,33.7247,140.00,32.98,35.0000,24.3141,10.6859,600.0000,32.90,119.76,3.0300,3.66,348.54,6.468679e-04
1915,33.7950,140.00,33.03,35.0000,24.3141,10.6859,600.0000,32.97,119.76,3.0300,3.48,348.52,6.470662e-04
1916,33.2567,140.00,33.26,35.0000,24.3141,10.6859,600.0000,33.17,119.76,3.0300,3.69,348.49,6.472644e-04
1917,33.9777,140.00,33.45,35.0000,24.3141,10.6859,600.0000,33.49,119.76,3.0300,0.00,348.47,6.474625e-04
1918,33.0760,140.00,33.75,35.0000,24.3141,10.6859,600.0000,33.91,119.76,3.0300,0.00,348.45,6.476606e-04
1919,33.9125,140.00,34.41,35.0000,24.3141,10.6859,600.0000,34.39,119.76,3.0300,2.89,348.42,6.478586e-04
1920,33.4586,140.00,34.72,35.0000,24.3141,10.6859,600.0000,34.91,119.76,3.0300,0.00,348.40,6.480566e-04
1921,33.4045,140.00,35.31,35.0000,24.3141,10.6859,600.0000,35.42,119.76,3.0300,0.00,348.37,6.482545e-04
1922,33.7658,140.00,35.94,35.0000,24.3141,10.6859,600.0000,35.91,119.76,3.0300,3.11,348.35,6.484523e-04
1923,33.8144,140.00,36.43,35.0000,24.3141,10.6859,600.0000,36.32,119.76,3.0300,3.83,348.33,6.486501e-04
1924,33.3782,140.00,36.60,35.0000,24.3141,10.6859,600.0000,36.64,119.76,3.0300,0.00,348.30,6.488478e-04
1925,33.4143,140.00,36.88,35.0000,24.3141,10.6859,600.0000,36.84,119.76,3.0300,3.16,348.28,6.490455e-04
1926,33.7000,140.00,36.85,35.0000,24.3141,10.6859,600.0000,36.91,119.76,3.0300,0.00,348.25,6.492431e-04
1927,33.8933,140.00,36.86,35.0000,24.3141,10.6859,600.0000,36.84,119.76,3.0300,2.95,348.23,6.494407e-04
1928,32.9959,140.00,36.81,35.0000,24.3141,10.6859,600.0000,36.64,119.76,3.0300,4.18,348.21,6.496382e-04
1929,33.6802,140.00,36.30,35.0000,24.3141,10.6859,600.0000,36.33,119.76,3.0300,0.00,348.18,6.498356e-04
1930,33.2084,140.00,35.87,35.0000,24.3141,10.6859,600.0000,35.91,119.76,3.0300,0.00,348.16,6.500330e-04
1931,33.0882,140.00,35.54,35.0000,24.3141,10.6859,600.0000,35.43,119.76,3.0300,3.86,348.13,6.502303e-04
1932,33.4593,140.00,140.00,35.0000,35.0000,0.0000,600.0000,34.91,34.91,0.0000,105.09,348.11,6.504276e-04
1933,33.8018,140.00,34.30,35.0000,24.3141,10.6859,600.0000,34.40,119.76,3.0300,0.00,348.09,6.506248e-04
1934,33.8637,140.00,33.86,35.0000,24.3141,10.6859,600.0000,33.92,119.76,3.0300,0.00,348.06,6.508220e-04
1935,32.9804,140.00,60.67,35.0000,24.3141,10.6859,600.0000,33.50,119.76,3.0300,23.53,348.04,6.510191e-04
1936,33.3282,140.00,33.14,35.0000,24.3141,10.6859,600.0000,33.19,119.76,3.0300,0.00,348.02,6.512162e-04
1937,33.1975,140.00,32.92,35.0000,24.3141,10.6859,600.0000,32.99,119.76,3.0300,0.00,347.99,6.514131e-04
1938,33.7068,140.00,32.95,35.0000,24.3141,10.6859,600.0000,32.92,119.76,3.0300,3.05,347.97,6.516101e-04
1939,33.3212,140.00,32.94,35.0000,24.3141,10.6859,600.0000,32.99,119.76,3.0300,0.00,347.94,6.518070e-04
1940,32.9135,140.00,33.08,35.0000,24.3141,10.6859,600.0000,33.19,119.76,3.0300,0.00,347.92,6.520038e-04
1941,33.7685,140.00,33.64,35.0000,24.3141,10.6859,600.0000,33.51,119.76,3.0300,4.01,347.90,6.522006e-04
1942,33.7474,140.00,33.94,35.0000,24.3141,10.6859,600.0000,33.92,119.76,3.0300,2.93,347.87,6.523973e-04
1943,33.8145,140.00,34.55,35.0000,24.3141,10.6859,600.0000,34.40,119.76,3.0300,4.10,347.85,6.525939e-04
1944,33.4487,140.00,35.00,35.0000,24.3141,10.6859,600.0000,34.92,119.76,3.0300,3.65,347.82,6.527905e-04
1945,33.4069,140.00,35.33,35.0000,24.3141,10.6859,600.0000,35.44,119.76,3.0300,0.00,347.80,6.529871e-04
1946,33.3321,140.00,35.86,35.0000,24.3141,10.6859,600.0000,35.92,119.76,3.0300,0.00,347.78,6.531836e-04
1947,33.1317,140.00,36.44,35.0000,24.3141,10.6859,600.0000,36.34,119.76,3.0300,3.81,347.75,6.533800e-04
1948,33.4469,140.00,36.49,35.0000,24.3141,10.6859,600.0000,36.66,119.76,3.0300,0.00,347.73,6.535764e-04
1949,33.0628,140.00,37.18,35.0000,24.3141,10.6859,600.0000,36.86,119.76,3.0300,4.81,347.71,6.537727e-04
1950,33.0697,140.00,36.77,35.0000,24.3141,10.6859,600.0000,36.93,119.76,3.0300,0.00,347.68,6.539689e-04
1951,33.7077,140.00,36.83,35.0000,24.3141,10.6859,600.0000,36.86,119.76,3.0300,0.00,347.66,6.541652e-04
1952,33.7972,140.00,36.67,35.0000,24.3141,10.6859,600.0000,36.66,119.76,3.0300,2.53,347.63,6.543613e-04
1953,33.3862,140.00,36.37,35.0000,24.3141,10.6859,600.0000,36.34,119.76,3.0300,3.11,347.61,6.545574e-04
1954,33.5776,140.00,35.94,35.0000,24.3141,10.6859,600.0000,35.93,119.76,3.0300,2.64,347.59,6.547535e-04
1955,33.6512,140.00,35.47,35.0000,24.3141,10.6859,600.0000,35.45,119.76,3.0300,2.89,347.56,6.549494e-04
1956,33.2553,140.00,35.16,35.0000,24.3141,10.6859,600.0000,34.93,119.76,3.0300,4.48,347.54,6.551454e-04
1957,32.8949,140.00,61.42,35.0000,24.3141,10.6859,600.0000,34.41,119.76,3.0300,23.46,347.52,6.553412e-04
1958,33.0058,140.00,34.00,35.0000,24.3141,10.6859,600.0000,33.93,119.76,3.0300,3.58,347.49,6.555371e-04
1959,33.1197,140.00,33.54,35.0000,24.3141,10.6859,600.0000,33.52,119.76,3.0300,2.95,347.47,6.557328e-04
1960,33.6693,140.00,33.32,35.0000,24.3141,10.6859,600.0000,33.20,119.76,3.0300,3.91,347.45,6.559286e-04
1961,32.8638,140.00,32.76,35.0000,24.3141,10.6859,600.0000,33.00,119.76,3.0300,0.00,347.42,6.561242e-04
1962,32.8834,140.00,32.76,35.0000,24.3141,10.6859,600.0000,32.93,119.76,3.0300,0.00,347.40,6.563198e-04
1963,33.5292,140.00,32.99,35.0000,24.3141,10.6859,600.0000,33.00,119.76,3.0300,0.00,347.37,6.565154e-04
1964,33.2092,140.00,33.14,35.0000,24.3141,10.6859,600.0000,33.20,119.76,3.0300,0.00,347.35,6.567109e-04
1965,33.5884,140.00,33.62,35.0000,24.3141,10.6859,600.0000,33.52,119.76,3.0300,3.76,347.33,6.569063e-04
1966,33.4144,140.00,34.05,35.0000,24.3141,10.6859,600.0000,33.94,119.76,3.0300,3.89,347.30,6.571017e-04
1967,33.4014,140.00,34.43,35.0000,24.3141,10.6859,600.0000,34.42,119.76,3.0300,2.74,347.28,6.572970e-04
1968,33.0669,140.00,35.05,35.0000,24.3141,10.6859,600.0000,34.94,119.76,3.0300,3.91,347.26,6.574923e-04
1969,33.4592,140.00,35.49,35.0000,24.3141,10.6859,600.0000,35.45,119.76,3.0300,3.21,347.23,6.576875e-04
1970,32.8650,140.00,62.69,35.0000,24.3141,10.6859,600.0000,35.94,119.76,3.0300,23.34,347.21,6.578827e-04
1971,32.7762,140.00,36.54,35.0000,24.3141,10.6859,600.0000,36.35,119.76,3.0300,4.29,347.19,6.580778e-04
1972,33.3102,140.00,36.80,35.0000,24.3141,10.6859,600.0000,36.67,119.76,3.0300,4.01,347.16,6.582729e-04
1973,32.7923,140.00,63.48,35.0000,24.3141,10.6859,600.0000,36.87,119.76,3.0300,23.28,347.14,6.584679e-04
1974,33.3405,140.00,36.75,35.0000,24.3141,10.6859,600.0000,36.94,119.76,3.0300,0.00,347.12,6.586628e-04
1975,32.9347,140.00,36.83,35.0000,24.3141,10.6859,600.0000,36.87,119.76,3.0300,0.00,347.09,6.588577e-04
1976,33.1363,140.00,36.74,35.0000,24.3141,10.6859,600.0000,36.67,119.76,3.0300,3.51,347.07,6.590526e-04
1977,33.4090,140.00,36.45,35.0000,24.3141,10.6859,600.0000,36.36,119.76,3.0300,3.74,347.05,6.592473e-04
1978,33.4575,140.00,35.91,35.0000,24.3141,10.6859,600.0000,35.94,119.76,3.0300,0.00,347.02,6.594421e-04
1979,33.5564,140.00,35.48,35.0000,24.3141,10.6859,600.0000,35.46,119.76,3.0300,2.84,347.00,6.596368e-04
1980,33.4075,140.00,34.90,35.0000,24.3141,10.6859,600.0000,34.94,119.76,3.0300,0.00,346.97,6.598314e-04
1981,33.0795,140.00,34.65,35.0000,24.3141,10.6859,600.0000,34.43,119.76,3.0300,4.44,346.95,6.600260e-04
1982,33.6327,140.00,33.86,35.0000,24.3141,10.6859,600.0000,33.94,119.76,3.0300,0.00,346.93,6.602205e-04
1983,33.4859,140.00,33.60,35.0000,24.3141,10.6859,600.0000,33.53,119.76,3.0300,3.56,346.90,6.604150e-04
1984,33.7268,140.00,33.26,35.0000,24.3141,10.6859,600.0000,33.21,119.76,3.0300,3.36,346.88,6.606094e-04
1985,33.6023,140.00,32.96,35.0000,24.3141,10.6859,600.0000,33.01,119.76,3.0300,0.00,346.86,6.608037e-04
1986,33.5686,140.00,33.06,35.0000,24.3141,10.6859,600.0000,32.95,119.76,3.0300,3.85,346.83,6.609980e-04
1987,33.5492,140.00,33.06,35.0000,24.3141,10.6859,600.0000,33.02,119.76,3.0300,3.28,346.81,6.611923e-04
1988,33.3988,140.00,33.38,35.0000,24.3141,10.6859,600.0000,33.22,119.76,3.0300,4.15,346.79,6.613865e-04
1989,33.4720,140.00,33.56,35.0000,24.3141,10.6859,600.0000,33.53,119.76,3.0300,3.09,346.76,6.615807e-04
1990,33.6998,140.00,33.83,35.0000,24.3141,10.6859,600.0000,33.95,119.76,3.0300,0.00,346.74,6.617747e-04
1991,32.8668,140.00,34.54,35.0000,24.3141,10.6859,600.0000,34.43,119.76,3.0300,3.87,346.72,6.619688e-04
1992,33.0092,140.00,34.90,35.0000,24.3141,10.6859,600.0000,34.95,119.76,3.0300,0.00,346.69,6.621628e-04
1993,33.4457,140.00,35.46,35.0000,24.3141,10.6859,600.0000,35.47,119.76,3.0300,0.00,346.67,6.623567e-04
1994,33.1241,140.00,36.09,35.0000,24.3141,10.6859,600.0000,35.95,119.76,3.0300,4.03,346.65,6.625506e-04
1995,33.6572,140.00,36.27,35.0000,24.3141,10.6859,600.0000,36.37,119.76,3.0300,0.00,346.62,6.627444e-04
1996,33.1408,140.00,36.76,35.0000,24.3141,10.6859,600.0000,36.68,119.76,3.0300,3.61,346.60,6.629382e-04
1997,32.8267,140.00,63.49,35.0000,24.3141,10.6859,600.0000,36.88,119.76,3.0300,23.28,346.58,6.631319e-04
1998,33.2762,140.00,36.95,35.0000,24.3141,10.6859,600.0000,36.95,119.76,3.0300,0.00,346.55,6.633256e-04
1999,33.0200,140.00,37.08,35.0000,24.3141,10.6859,600.0000,36.89,119.76,3.0300,4.33,346.53,6.635192e-04
2000,33.2020,140.00,36.51,35.0000,24.3141,10.6859,600.0000,36.69,119.76,3.0300,0.00,346.51,6.637128e-04
2001,33.6019,140.00,36.38,35.0000,24.3141,10.6859,600.0000,36.37,119.76,3.0300,2.76,346.48,6.639063e-04
2002,33.7614,140.00,35.97,35.0000,24.3141,10.6859,600.0000,35.95,119.76,3.0300,2.70,346.46,6.640998e-04
2003,33.4701,140.00,35.54,35.0000,24.3141,10.6859,600.0000,35.47,119.76,3.0300,3.52,346.44,6.642932e-04
2004,33.7328,140.00,35.03,35.0000,24.3141,10.6859,600.0000,34.96,119.76,3.0300,3.57,346.42,6.644866e-04
2005,33.6829,140.00,34.44,35.0000,24.3141,10.6859,600.0000,34.44,119.76,3.0300,0.00,346.39,6.646799e-04
2006,32.9504,140.00,61.05,35.0000,24.3141,10.6859,600.0000,33.96,119.76,3.0300,23.50,346.37,6.648731e-04
2007,33.1986,140.00,33.41,35.0000,24.3141,10.6859,600.0000,33.54,119.76,3.0300,0.00,346.35,6.650664e-04
2008,33.4434,140.00,33.21,35.0000,24.3141,10.6859,600.0000,33.23,119.76,3.0300,0.00,346.32,6.652595e-04
2009,32.8535,140.00,32.75,35.0000,24.3141,10.6859,600.0000,33.03,119.76,3.0300,0.00,346.30,6.654526e-04
2010,33.1471,140.00,33.13,35.0000,24.3141,10.6859,600.0000,32.96,119.76,3.0300,4.22,346.28,6.656457e-04
2011,33.5993,140.00,32.96,35.0000,24.3141,10.6859,600.0000,33.03,119.76,3.0300,0.00,346.25,6.658387e-04
2012,33.2261,140.00,33.22,35.0000,24.3141,10.6859,600.0000,33.23,119.76,3.0300,0.00,346.23,6.660316e-04
2013,33.2752,140.00,33.64,35.0000,24.3141,10.6859,600.0000,33.55,119.76,3.0300,3.75,346.21,6.662245e-04
2014,33.6890,140.00,34.04,35.0000,24.3141,10.6859,600.0000,33.96,119.76,3.0300,3.63,346.18,6.664174e-04
2015,33.0122,140.00,34.47,35.0000,24.3141,10.6859,600.0000,34.44,119.76,3.0300,3.00,346.16,6.666101e-04
2016,32.9215,140.00,35.16,35.0000,24.3141,10.6859,600.0000,34.96,119.76,3.0300,4.34,346.14,6.668029e-04
2017,33.0597,140.00,35.50,35.0000,24.3141,10.6859,600.0000,35.48,119.76,3.0300,2.94,346.11,6.669956e-04
2018,33.4111,140.00,36.12,35.0000,24.3141,10.6859,600.0000,35.96,119.76,3.0300,4.13,346.09,6.671882e-04
2019,33.1639,140.00,36.56,35.0000,24.3141,10.6859,600.0000,36.38,119.76,3.0300,4.28,346.07,6.673808e-04
2020,32.9438,140.00,63.33,35.0000,24.3141,10.6859,600.0000,36.69,119.76,3.0300,23.29,346.05,6.675733e-04
2021,33.4274,140.00,36.96,35.0000,24.3141,10.6859,600.0000,36.90,119.76,3.0300,3.49,346.02,6.677658e-04
2022,32.9886,140.00,63.55,35.0000,24.3141,10.6859,600.0000,36.96,119.76,3.0300,23.27,346.00,6.679583e-04
2023,32.9032,140.00,63.50,35.0000,24.3141,10.6859,600.0000,36.90,119.76,3.0300,23.27,345.98,6.681507e-04
2024,33.6887,140.00,36.64,35.0000,24.3141,10.6859,600.0000,36.70,119.76,3.0300,0.00,345.95,6.683430e-04
2025,33.8275,140.00,36.51,35.0000,24.3141,10.6859,600.0000,36.38,119.76,3.0300,4.00,345.93,6.685353e-04
2026,33.4569,140.00,35.92,35.0000,24.3141,10.6859,600.0000,35.97,119.76,3.0300,0.00,345.91,6.687275e-04
2027,33.7892,140.00,35.41,35.0000,24.3141,10.6859,600.0000,35.48,119.76,3.0300,0.00,345.88,6.689197e-04
2028,32.9803,140.00,61.88,35.0000,24.3141,10.6859,600.0000,34.97,119.76,3.0300,23.42,345.86,6.691118e-04
2029,32.9827,140.00,34.39,35.0000,24.3141,10.6859,600.0000,34.45,119.76,3.0300,0.00,345.84,6.693039e-04
2030,33.8690,140.00,33.92,35.0000,24.3141,10.6859,600.0000,33.97,119.76,3.0300,0.00,345.82,6.694959e-04
2031,33.6321,140.00,33.52,35.0000,24.3141,10.6859,600.0000,33.55,119.76,3.0300,0.00,345.79,6.696879e-04
2032,33.6451,140.00,33.28,35.0000,24.3141,10.6859,600.0000,33.24,119.76,3.0300,3.28,345.77,6.698798e-04
2033,33.3908,140.00,32.89,35.0000,24.3141,10.6859,600.0000,33.04,119.76,3.0300,0.00,345.75,6.700717e-04
2034,33.0653,140.00,32.89,35.0000,24.3141,10.6859,600.0000,32.97,119.76,3.0300,0.00,345.72,6.702635e-04
2035,33.8359,140.00,33.01,35.0000,24.3141,10.6859,600.0000,33.04,119.76,3.0300,0.00,345.70,6.704553e-04
2036,33.7672,140.00,33.18,35.0000,24.3141,10.6859,600.0000,33.24,119.76,3.0300,0.00,345.68,6.706470e-04
2037,33.1110,140.00,33.55,35.0000,24.3141,10.6859,600.0000,33.56,119.76,3.0300,0.00,345.65,6.708387e-04
2038,32.9953,140.00,61.06,35.0000,24.3141,10.6859,600.0000,33.97,119.76,3.0300,23.50,345.63,6.710304e-04
2039,33.9665,140.00,34.43,35.0000,24.3141,10.6859,600.0000,34.45,119.76,3.0300,0.00,345.61,6.712219e-04
2040,33.2904,140.00,34.92,35.0000,24.3141,10.6859,600.0000,34.97,119.76,3.0300,0.00,345.59,6.714135e-04
2041,33.8075,140.00,35.47,35.0000,24.3141,10.6859,600.0000,35.49,119.76,3.0300,0.00,345.56,6.716049e-04
2042,33.5003,140.00,36.05,35.0000,24.3141,10.6859,600.0000,35.97,119.76,3.0300,3.64,345.54,6.717964e-04
2043,33.2561,140.00,36.41,35.0000,24.3141,10.6859,600.0000,36.39,119.76,3.0300,3.01,345.52,6.719877e-04
2044,33.5424,140.00,36.79,35.0000,24.3141,10.6859,600.0000,36.70,119.76,3.0300,3.71,345.49,6.721791e-04
2045,33.9177,140.00,36.98,35.0000,24.3141,10.6859,600.0000,36.90,119.76,3.0300,3.63,345.47,6.723704e-04
2046,33.8801,140.00,36.94,35.0000,24.3141,10.6859,600.0000,36.97,119.76,3.0300,0.00,345.45,6.725616e-04
2047,33.3857,140.00,36.85,35.0000,24.3141,10.6859,600.0000,36.91,119.76,3.0300,0.00,345.43,6.727528e-04
2048,33.1364,140.00,36.77,35.0000,24.3141,10.6859,600.0000,36.71,119.76,3.0300,3.47,345.40,6.729439e-04
2049,33.6392,140.00,36.50,35.0000,24.3141,10.6859,600.0000,36.39,119.76,3.0300,3.89,345.38,6.731350e-04
2050,33.2865,140.00,35.78,35.0000,24.3141,10.6859,600.0000,35.97,119.76,3.0300,0.00,345.36,6.733260e-04
2051,33.9852,140.00,35.57,35.0000,24.3141,10.6859,600.0000,35.49,119.76,3.0300,3.58,345.33,6.735170e-04
2052,33.6218,140.00,34.98,35.0000,24.3141,10.6859,600.0000,34.98,119.76,3.0300,1.62,345.31,6.737079e-04
2053,33.6465,140.00,34.60,35.0000,24.3141,10.6859,600.0000,34.46,119.76,3.0300,4.05,345.29,6.738988e-04
2054,33.7974,140.00,33.92,35.0000,24.3141,10.6859,600.0000,33.98,119.76,3.0300,0.00,345.27,6.740897e-04
2055,33.3498,140.00,33.53,35.0000,24.3141,10.6859,600.0000,33.56,119.76,3.0300,0.00,345.24,6.742804e-04
2056,34.0094,140.00,33.32,35.0000,24.3141,10.6859,600.0000,33.24,119.76,3.0300,3.63,345.22,6.744712e-04
2057,33.9370,140.00,33.12,35.0000,24.3141,10.6859,600.0000,33.05,119.76,3.0300,3.58,345.20,6.746619e-04
2058,33.4423,140.00,32.99,35.0000,24.3141,10.6859,600.0000,32.98,119.76,3.0300,2.66,345.18,6.748525e-04
2059,33.7800,140.00,33.05,35.0000,24.3141,10.6859,600.0000,33.05,119.76,3.0300,2.56,345.15,6.750431e-04
2060,33.6754,140.00,33.38,35.0000,24.3141,10.6859,600.0000,33.25,119.76,3.0300,3.99,345.13,6.752337e-04
2061,33.6124,140.00,33.47,35.0000,24.3141,10.6859,600.0000,33.56,119.76,3.0300,0.00,345.11,6.754242e-04
2062,34.1370,140.00,34.00,35.0000,24.3141,10.6859,600.0000,33.98,119.76,3.0300,3.00,345.08,6.756146e-04
2063,33.9798,140.00,34.48,35.0000,24.3141,10.6859,600.0000,34.46,119.76,3.0300,2.78,345.06,6.758050e-04
2064,33.6271,140.00,34.99,35.0000,24.3141,10.6859,600.0000,34.98,119.76,3.0300,2.79,345.04,6.759953e-04
2065,33.6967,140.00,35.39,35.0000,24.3141,10.6859,600.0000,35.50,119.76,3.0300,0.00,345.02,6.761856e-04
2066,33.6183,140.00,36.10,35.0000,24.3141,10.6859,600.0000,35.98,119.76,3.0300,3.90,344.99,6.763759e-04
2067,33.6869,140.00,36.38,35.0000,24.3141,10.6859,600.0000,36.39,119.76,3.0300,0.00,344.97,6.765661e-04
2068,33.3930,140.00,36.71,35.0000,24.3141,10.6859,600.0000,36.71,119.76,3.0300,0.00,344.95,6.767563e-04
2069,33.5583,140.00,37.01,35.0000,24.3141,10.6859,600.0000,36.91,119.76,3.0300,3.80,344.93,6.769464e-04
2070,33.8575,140.00,36.88,35.0000,24.3141,10.6859,600.0000,36.98,119.76,3.0300,0.00,344.90,6.771364e-04
2071,34.0258,140.00,36.89,35.0000,24.3141,10.6859,600.0000,36.91,119.76,3.0300,0.00,344.88,6.773264e-04
2072,33.4780,140.00,36.62,35.0000,24.3141,10.6859,600.0000,36.71,119.76,3.0300,0.00,344.86,6.775164e-04
2073,33.7328,140.00,36.51,35.0000,24.3141,10.6859,600.0000,36.40,119.76,3.0300,3.86,344.84,6.777063e-04
2074,33.5692,140.00,35.96,35.0000,24.3141,10.6859,600.0000,35.98,119.76,3.0300,0.00,344.81,6.778962e-04
2075,33.4042,140.00,35.37,35.0000,24.3141,10.6859,600.0000,35.50,119.76,3.0300,0.00,344.79,6.780860e-04
2076,34.0386,140.00,34.92,35.0000,24.3141,10.6859,600.0000,34.98,119.76,3.0300,0.00,344.77,6.782758e-04
2077,33.4243,140.00,34.54,35.0000,24.3141,10.6859,600.0000,34.47,119.76,3.0300,3.58,344.75,6.784655e-04
2078,33.5792,140.00,33.99,35.0000,24.3141,10.6859,600.0000,33.98,119.76,3.0300,2.62,344.72,6.786552e-04
2079,33.5004,140.00,33.68,35.0000,24.3141,10.6859,600.0000,33.57,119.76,3.0300,3.85,344.70,6.788448e-04
2080,33.9594,140.00,33.36,35.0000,24.3141,10.6859,600.0000,33.25,119.76,3.0300,3.87,344.68,6.790344e-04
2081,33.6510,140.00,33.14,35.0000,24.3141,10.6859,600.0000,33.05,119.76,3.0300,3.66,344.66,6.792239e-04
2082,33.8210,140.00,32.92,35.0000,24.3141,10.6859,600.0000,32.99,119.76,3.0300,0.00,344.63,6.794134e-04
2083,33.9789,140.00,33.07,35.0000,24.3141,10.6859,600.0000,33.05,119.76,3.0300,2.75,344.61,6.796029e-04
2084,34.3417,140.00,33.26,35.0000,24.3141,10.6859,600.0000,33.25,119.76,3.0300,2.65,344.59,6.797923e-04
2085,34.3881,140.00,33.55,35.0000,24.3141,10.6859,600.0000,33.57,119.76,3.0300,0.00,344.57,6.799816e-04
2086,34.1157,140.00,33.95,35.0000,24.3141,10.6859,600.0000,33.99,119.76,3.0300,0.00,344.54,6.801709e-04
2087,34.1500,140.00,34.47,35.0000,24.3141,10.6859,600.0000,34.47,119.76,3.0300,0.00,344.52,6.803602e-04
2088,34.1166,140.00,34.98,35.0000,24.3141,10.6859,600.0000,34.99,119.76,3.0300,0.00,344.50,6.805494e-04
2089,33.5624,140.00,35.53,35.0000,24.3141,10.6859,600.0000,35.50,119.76,3.0300,3.06,344.48,6.807385e-04
2090,33.5914,140.00,36.03,35.0000,24.3141,10.6859,600.0000,35.99,119.76,3.0300,3.24,344.45,6.809276e-04
2091,33.5751,140.00,36.34,35.0000,24.3141,10.6859,600.0000,36.40,119.76,3.0300,0.00,344.43,6.811167e-04
2092,34.3179,140.00,36.72,35.0000,24.3141,10.6859,600.0000,36.72,119.76,3.0300,0.00,344.41,6.813057e-04
2093,33.5560,140.00,37.01,35.0000,24.3141,10.6859,600.0000,36.92,119.76,3.0300,3.74,344.39,6.814947e-04
2094,33.8447,140.00,37.08,35.0000,24.3141,10.6859,600.0000,36.99,119.76,3.0300,3.70,344.36,6.816836e-04
2095,34.4795,140.00,36.93,35.0000,24.3141,10.6859,600.0000,36.92,119.76,3.0300,2.64,344.34,6.818725e-04
2096,34.1142,140.00,36.79,35.0000,24.3141,10.6859,600.0000,36.72,119.76,3.0300,3.53,344.32,6.820613e-04
2097,34.3656,140.00,36.44,35.0000,24.3141,10.6859,600.0000,36.40,119.76,3.0300,3.19,344.30,6.822501e-04
2098,34.4138,140.00,35.96,35.0000,24.3141,10.6859,600.0000,35.99,119.76,3.0300,0.00,344.27,6.824388e-04
2099,34.4577,140.00,35.54,35.0000,24.3141,10.6859,600.0000,35.51,119.76,3.0300,3.21,344.25,6.826275e-04
2100,33.8678,140.00,35.00,35.0000,24.3141,10.6859,600.0000,34.99,119.76,3.0300,2.64,344.23,6.828162e-04
2101,34.3360,140.00,34.44,35.0000,24.3141,10.6859,600.0000,34.47,119.76,3.0300,0.00,344.21,6.830048e-04
2102,34.0171,140.00,34.00,35.0000,24.3141,10.6859,600.0000,33.99,119.76,3.0300,2.47,344.18,6.831933e-04
2103,34.4810,140.00,33.59,35.0000,24.3141,10.6859,600.0000,33.58,119.76,3.0300,2.83,344.16,6.833818e-04
2104,34.4055,140.00,33.21,35.0000,24.3141,10.6859,600.0000,33.26,119.76,3.0300,0.00,344.14,6.835703e-04
2105,34.4731,140.00,33.01,35.0000,24.3141,10.6859,600.0000,33.06,119.76,3.0300,0.00,344.12,6.837587e-04
2106,34.2239,140.00,32.95,35.0000,24.3141,10.6859,600.0000,32.99,119.76,3.0300,0.00,344.10,6.839470e-04
2107,33.7949,140.00,33.11,35.0000,24.3141,10.6859,600.0000,33.06,119.76,3.0300,3.36,344.07,6.841354e-04
2108,34.5870,140.00,33.30,35.0000,24.3141,10.6859,600.0000,33.26,119.76,3.0300,3.26,344.05,6.843236e-04
2109,34.0520,140.00,33.57,35.0000,24.3141,10.6859,600.0000,33.58,119.76,3.0300,0.00,344.03,6.845119e-04
2110,34.0898,140.00,34.04,35.0000,24.3141,10.6859,600.0000,33.99,119.76,3.0300,3.32,344.01,6.847001e-04
2111,34.2891,140.00,34.44,35.0000,24.3141,10.6859,600.0000,34.47,119.76,3.0300,0.00,343.98,6.848882e-04
2112,34.6383,140.00,35.05,35.0000,24.3141,10.6859,600.0000,34.99,119.76,3.0300,3.46,343.96,6.850763e-04
2113,33.8241,140.00,35.53,35.0000,24.3141,10.6859,600.0000,35.51,119.76,3.0300,3.01,343.94,6.852643e-04
2114,34.2470,140.00,36.05,35.0000,24.3141,10.6859,600.0000,35.99,119.76,3.0300,3.42,343.92,6.854523e-04
2115,34.1555,140.00,36.46,35.0000,24.3141,10.6859,600.0000,36.41,119.76,3.0300,3.44,343.90,6.856403e-04
2116,33.9392,140.00,36.68,35.0000,24.3141,10.6859,600.0000,36.73,119.76,3.0300,0.00,343.87,6.858282e-04
2117,34.4105,140.00,37.00,35.0000,24.3141,10.6859,600.0000,36.92,119.76,3.0300,3.63,343.85,6.860161e-04
2118,34.5701,140.00,37.00,35.0000,24.3141,10.6859,600.0000,36.99,119.76,3.0300,2.54,343.83,6.862039e-04
2119,34.3527,140.00,36.98,35.0000,24.3141,10.6859,600.0000,36.93,119.76,3.0300,3.46,343.81,6.863916e-04
2120,34.7941,140.00,36.76,35.0000,24.3141,10.6859,600.0000,36.73,119.76,3.0300,3.23,343.78,6.865794e-04
2121,34.7489,140.00,36.47,35.0000,24.3141,10.6859,600.0000,36.41,119.76,3.0300,3.46,343.76,6.867671e-04
2122,34.9135,140.00,36.03,35.0000,24.3141,10.6859,600.0000,35.99,119.76,3.0300,3.23,343.74,6.869547e-04
2123,34.3646,140.00,35.54,35.0000,24.3141,10.6859,600.0000,35.51,119.76,3.0300,3.10,343.72,6.871423e-04
2124,34.7759,140.00,35.05,35.0000,24.3141,10.6859,600.0000,34.99,119.76,3.0300,3.47,343.70,6.873298e-04
2125,34.8767,140.00,34.47,35.0000,24.3141,10.6859,600.0000,34.48,119.76,3.0300,0.00,343.67,6.875173e-04
2126,34.0851,140.00,34.03,35.0000,24.3141,10.6859,600.0000,33.99,119.76,3.0300,3.14,343.65,6.877048e-04
2127,34.2190,140.00,33.60,35.0000,24.3141,10.6859,600.0000,33.58,119.76,3.0300,2.79,343.63,6.878922e-04
2128,34.8385,140.00,33.22,35.0000,24.3141,10.6859,600.0000,33.26,119.76,3.0300,0.00,343.61,6.880796e-04
2129,34.3506,140.00,33.12,35.0000,24.3141,10.6859,600.0000,33.06,119.76,3.0300,3.46,343.58,6.882669e-04
2130,34.9106,140.00,32.97,35.0000,24.3141,10.6859,600.0000,33.00,119.76,3.0300,0.00,343.56,6.884542e-04
2131,34.3119,140.00,33.01,35.0000,24.3141,10.6859,600.0000,33.06,119.76,3.0300,0.00,343.54,6.886414e-04
2132,34.8310,140.00,33.28,35.0000,24.3141,10.6859,600.0000,33.26,119.76,3.0300,2.92,343.52,6.888286e-04
2133,34.2200,140.00,33.60,35.0000,24.3141,10.6859,600.0000,33.58,119.76,3.0300,2.86,343.50,6.890157e-04
2134,34.8171,140.00,33.96,35.0000,24.3141,10.6859,600.0000,34.00,119.76,3.0300,0.00,343.47,6.892028e-04
2135,34.8898,140.00,34.51,35.0000,24.3141,10.6859,600.0000,34.48,119.76,3.0300,3.06,343.45,6.893899e-04
2136,34.9234,140.00,34.97,35.0000,24.3141,10.6859,600.0000,35.00,119.76,3.0300,0.00,343.43,6.895769e-04
2137,34.5525,140.00,35.58,35.0000,24.3141,10.6859,600.0000,35.51,119.76,3.0300,3.53,343.41,6.897639e-04
2138,34.6646,140.00,35.98,35.0000,24.3141,10.6859,600.0000,36.00,119.76,3.0300,0.00,343.39,6.899508e-04
2139,35.0190,140.00,36.44,35.0000,24.3141,10.6859,600.0000,36.41,119.76,3.0300,3.09,343.36,6.901377e-04
2140,34.6373,140.00,36.74,35.0000,24.3141,10.6859,600.0000,36.73,119.76,3.0300,2.66,343.34,6.903245e-04
2141,34.5649,140.00,36.93,35.0000,24.3141,10.6859,600.0000,36.93,119.76,3.0300,2.28,343.32,6.905113e-04
2142,34.4572,140.00,37.06,35.0000,24.3141,10.6859,600.0000,37.00,119.76,3.0300,3.49,343.30,6.906980e-04
2143,34.7899,140.00,36.93,35.0000,24.3141,10.6859,600.0000,36.93,119.76,3.0300,0.00,343.28,6.908847e-04
2144,34.9907,140.00,36.71,35.0000,24.3141,10.6859,600.0000,36.73,119.76,3.0300,0.00,343.25,6.910714e-04
2145,34.4071,140.00,36.43,35.0000,24.3141,10.6859,600.0000,36.41,119.76,3.0300,2.83,343.23,6.912580e-04
2146,34.4898,140.00,35.93,35.0000,24.3141,10.6859,600.0000,36.00,119.76,3.0300,0.00,343.21,6.914446e-04
2147,34.3255,140.00,35.57,35.0000,24.3141,10.6859,600.0000,35.52,119.76,3.0300,3.42,343.19,6.916311e-04
2148,35.1312,140.00,35.05,35.0000,24.3141,10.6859,600.0000,35.00,119.76,3.0300,3.40,343.17,6.918176e-04
2149,35.0656,140.00,34.49,35.0000,24.3141,10.6859,600.0000,34.48,119.76,3.0300,2.62,343.14,6.920040e-04
2150,34.6003,140.00,33.98,35.0000,24.3141,10.6859,600.0000,34.00,119.76,3.0300,0.00,343.12,6.921904e-04
2151,35.1090,140.00,33.57,35.0000,24.3141,10.6859,600.0000,33.58,119.76,3.0300,0.00,343.10,6.923767e-04
2152,34.7752,140.00,33.29,35.0000,24.3141,10.6859,600.0000,33.27,119.76,3.0300,3.03,343.08,6.925631e-04
2153,35.0035,140.00,33.08,35.0000,24.3141,10.6859,600.0000,33.07,119.76,3.0300,2.86,343.06,6.927493e-04
2154,34.7710,140.00,33.05,35.0000,24.3141,10.6859,600.0000,33.00,119.76,3.0300,3.33,343.03,6.929355e-04
2155,34.8947,140.00,33.06,35.0000,24.3141,10.6859,600.0000,33.07,119.76,3.0300,0.00,343.01,6.931217e-04
2156,34.4765,140.00,33.20,35.0000,24.3141,10.6859,600.0000,33.27,119.76,3.0300,0.00,342.99,6.933078e-04
2157,34.7041,140.00,33.54,35.0000,24.3141,10.6859,600.0000,33.58,119.76,3.0300,0.00,342.97,6.934939e-04
2158,34.5198,140.00,140.00,35.0000,35.0000,0.0000,600.0000,34.00,34.00,0.0000,106.00,342.95,6.936800e-04
2159,35.3616,140.00,34.49,35.0000,24.3141,10.6859,600.0000,34.48,119.76,3.0300,2.59,342.93,6.938660e-04
2160,35.3634,140.00,34.99,35.0000,24.3141,10.6859,600.0000,35.00,119.76,3.0300,0.00,342.90,6.940519e-04
2161,35.2849,140.00,35.55,35.0000,24.3141,10.6859,600.0000,35.52,119.76,3.0300,3.16,342.88,6.942379e-04
2162,35.3091,140.00,36.03,35.0000,24.3141,10.6859,600.0000,36.00,119.76,3.0300,3.09,342.86,6.944237e-04
2163,35.1980,140.00,36.44,35.0000,24.3141,10.6859,600.0000,36.41,119.76,3.0300,3.09,342.84,6.946096e-04
2164,35.0457,140.00,36.78,35.0000,24.3141,10.6859,600.0000,36.73,119.76,3.0300,3.38,342.82,6.947953e-04
2165,35.3440,140.00,36.97,35.0000,24.3141,10.6859,600.0000,36.93,119.76,3.0300,3.21,342.79,6.949811e-04
2166,34.8993,140.00,37.01,35.0000,24.3141,10.6859,600.0000,37.00,119.76,3.0300,2.78,342.77,6.951668e-04
2167,34.8730,140.00,36.97,35.0000,24.3141,10.6859,600.0000,36.93,119.76,3.0300,3.24,342.75,6.953525e-04
2168,35.3339,140.00,36.77,35.0000,24.3141,10.6859,600.0000,36.73,119.76,3.0300,3.27,342.73,6.955381e-04
2169,34.9183,140.00,36.40,35.0000,24.3141,10.6859,600.0000,36.41,119.76,3.0300,0.00,342.71,6.957236e-04
2170,35.5905,140.00,35.99,35.0000,24.3141,10.6859,600.0000,36.00,119.76,3.0300,0.00,342.69,6.959092e-04
2171,34.6954,140.00,35.56,35.0000,24.3141,10.6859,600.0000,35.52,119.76,3.0300,3.29,342.66,6.960947e-04
2172,35.1232,140.00,35.03,35.0000,24.3141,10.6859,600.0000,35.00,119.76,3.0300,3.12,342.64,6.962801e-04
2173,35.0824,140.00,34.47,35.0000,24.3141,10.6859,600.0000,34.48,119.76,3.0300,0.00,342.62,6.964655e-04
2174,35.2550,140.00,33.99,35.0000,24.3141,10.6859,600.0000,34.00,119.76,3.0300,0.00,342.60,6.966509e-04
2175,34.8231,140.00,33.54,35.0000,24.3141,10.6859,600.0000,33.59,119.76,3.0300,0.00,342.58,6.968362e-04
2176,35.6273,140.00,33.27,35.0000,24.3141,10.6859,600.0000,33.27,119.76,3.0300,2.32,342.55,6.970215e-04
2177,34.8170,140.00,33.07,35.0000,24.3141,10.6859,600.0000,33.07,119.76,3.0300,2.38,342.53,6.972067e-04
2178,34.8924,140.00,32.99,35.0000,24.3141,10.6859,600.0000,33.00,119.76,3.0300,0.00,342.51,6.973919e-04
2179,35.4062,140.00,33.09,35.0000,24.3141,10.6859,600.0000,33.07,119.76,3.0300,2.87,342.49,6.975770e-04
2180,35.7124,140.00,33.28,35.0000,24.3141,10.6859,600.0000,33.27,119.76,3.0300,2.70,342.47,6.977621e-04
2181,35.4133,140.00,33.61,35.0000,24.3141,10.6859,600.0000,33.59,119.76,3.0300,2.93,342.45,6.979472e-04
2182,35.2532,140.00,33.99,35.0000,24.3141,10.6859,600.0000,34.00,119.76,3.0300,0.00,342.42,6.981322e-04
2183,35.5785,140.00,34.48,35.0000,24.3141,10.6859,600.0000,34.48,119.76,3.0300,0.00,342.40,6.983172e-04
2184,35.3784,140.00,35.03,35.0000,24.3141,10.6859,600.0000,35.00,119.76,3.0300,3.17,342.38,6.985021e-04
2185,35.4599,140.00,35.50,35.0000,24.3141,10.6859,600.0000,35.52,119.76,3.0300,0.00,342.36,6.986870e-04
2186,35.5933,140.00,36.04,35.0000,24.3141,10.6859,600.0000,36.00,119.76,3.0300,3.23,342.34,6.988719e-04
2187,35.5307,140.00,36.41,35.0000,24.3141,10.6859,600.0000,36.41,119.76,3.0300,0.00,342.32,6.990567e-04
2188,35.5639,140.00,36.72,35.0000,24.3141,10.6859,600.0000,36.73,119.76,3.0300,0.00,342.29,6.992415e-04
2189,35.5853,140.00,36.94,35.0000,24.3141,10.6859,600.0000,36.93,119.76,3.0300,2.73,342.27,6.994262e-04
2190,35.8300,140.00,37.02,35.0000,24.3141,10.6859,600.0000,37.00,119.76,3.0300,3.00,342.25,6.996109e-04
2191,35.5916,140.00,36.92,35.0000,24.3141,10.6859,600.0000,36.93,119.76,3.0300,0.00,342.23,6.997955e-04
2192,35.7810,140.00,36.75,35.0000,24.3141,10.6859,600.0000,36.73,119.76,3.0300,2.75,342.21,6.999801e-04
2193,35.2700,140.00,36.39,35.0000,24.3141,10.6859,600.0000,36.41,119.76,3.0300,0.00,342.19,7.001647e-04
2194,35.3900,140.00,36.03,35.0000,24.3141,10.6859,600.0000,36.00,119.76,3.0300,3.06,342.16,7.003492e-04
2195,36.0109,140.00,35.51,35.0000,24.3141,10.6859,600.0000,35.52,119.76,3.0300,0.00,342.14,7.005337e-04
2196,35.3290,140.00,35.01,35.0000,24.3141,10.6859,600.0000,35.00,119.76,3.0300,2.47,342.12,7.007181e-04
2197,36.0204,140.00,34.49,35.0000,24.3141,10.6859,600.0000,34.48,119.76,3.0300,2.65,342.10,7.009025e-04
2198,35.4941,140.00,34.00,35.0000,24.3141,10.6859,600.0000,34.00,119.76,3.0300,2.38,342.08,7.010869e-04
2199,35.3960,140.00,33.61,35.0000,24.3141,10.6859,600.0000,33.59,119.76,3.0300,2.94,342.06,7.012712e-04
2200,36.0436,140.00,33.27,35.0000,24.3141,10.6859,600.0000,33.27,119.76,3.0300,2.40,342.03,7.014555e-04
2201,35.5687,140.00,33.10,35.0000,24.3141,10.6859,600.0000,33.07,119.76,3.0300,3.05,342.01,7.016397e-04
2202,35.6667,140.00,33.03,35.0000,24.3141,10.6859,600.0000,33.00,119.76,3.0300,3.10,341.99,7.018239e-04
2203,35.5521,140.00,33.05,35.0000,24.3141,10.6859,600.0000,33.07,119.76,3.0300,0.00,341.97,7.020081e-04
2204,35.8235,140.00,33.27,35.0000,24.3141,10.6859,600.0000,33.27,119.76,3.0300,2.38,341.95,7.021922e-04
2205,35.8388,140.00,33.59,35.0000,24.3141,10.6859,600.0000,33.59,119.76,3.0300,2.49,341.93,7.023762e-04
2206,36.1721,140.00,34.02,35.0000,24.3141,10.6859,600.0000,34.00,119.76,3.0300,2.97,341.91,7.025603e-04
2207,35.9345,140.00,34.50,35.0000,24.3141,10.6859,600.0000,34.48,119.76,3.0300,2.92,341.88,7.027443e-04
2208,36.1659,140.00,35.00,35.0000,24.3141,10.6859,600.0000,35.00,119.76,3.0300,0.00,341.86,7.029282e-04
2209,36.1696,140.00,35.53,35.0000,24.3141,10.6859,600.0000,35.52,119.76,3.0300,2.78,341.84,7.031121e-04
2210,35.7023,140.00,36.03,35.0000,24.3141,10.6859,600.0000,36.00,119.76,3.0300,3.16,341.82,7.032960e-04
2211,35.6030,140.00,36.42,35.0000,24.3141,10.6859,600.0000,36.41,119.76,3.0300,2.33,341.80,7.034798e-04
2212,35.2730,140.00,36.73,35.0000,24.3141,10.6859,600.0000,36.73,119.76,3.0300,0.00,341.78,7.036636e-04
2213,35.7677,140.00,36.96,35.0000,24.3141,10.6859,600.0000,36.93,119.76,3.0300,3.02,341.76,7.038473e-04
2214,35.5287,140.00,36.99,35.0000,24.3141,10.6859,600.0000,37.00,119.76,3.0300,0.00,341.73,7.040310e-04
2215,36.0240,140.00,36.96,35.0000,24.3141,10.6859,600.0000,36.93,119.76,3.0300,3.04,341.71,7.042147e-04
2216,36.2238,140.00,36.73,35.0000,24.3141,10.6859,600.0000,36.73,119.76,3.0300,2.16,341.69,7.043983e-04
2217,36.2917,140.00,36.41,35.0000,24.3141,10.6859,600.0000,36.41,119.76,3.0300,0.00,341.67,7.045819e-04
2218,35.9924,140.00,36.02,35.0000,24.3141,10.6859,600.0000,36.00,119.76,3.0300,2.97,341.65,7.047654e-04
2219,35.8656,140.00,35.54,35.0000,24.3141,10.6859,600.0000,35.52,119.76,3.0300,2.90,341.63,7.049489e-04
2220,36.1406,140.00,35.01,35.0000,24.3141,10.6859,600.0000,35.00,119.76,3.0300,2.67,341.61,7.051324e-04
2221,35.5650,140.00,34.48,35.0000,24.3141,10.6859,600.0000,34.48,119.76,3.0300,2.28,341.58,7.053158e-04
2222,35.6244,140.00,33.98,35.0000,24.3141,10.6859,600.0000,34.00,119.76,3.0300,0.00,341.56,7.054992e-04
2223,35.5322,140.00,33.62,35.0000,24.3141,10.6859,600.0000,33.58,119.76,3.0300,3.11,341.54,7.056825e-04
2224,35.5662,140.00,33.26,35.0000,24.3141,10.6859,600.0000,33.27,119.76,3.0300,0.00,341.52,7.058658e-04
2225,36.0338,140.00,33.07,35.0000,24.3141,10.6859,600.0000,33.07,119.76,3.0300,2.24,341.50,7.060491e-04
2226,36.4403,140.00,33.01,35.0000,24.3141,10.6859,600.0000,33.00,119.76,3.0300,2.58,341.48,7.062323e-04
2227,36.1349,140.00,33.08,35.0000,24.3141,10.6859,600.0000,33.07,119.76,3.0300,2.80,341.46,7.064155e-04
2228,35.6990,140.00,33.28,35.0000,24.3141,10.6859,600.0000,33.27,119.76,3.0300,2.69,341.43,7.065987e-04
2229,35.9796,140.00,33.60,35.0000,24.3141,10.6859,600.0000,33.58,119.76,3.0300,2.86,341.41,7.067818e-04
2230,35.8238,140.00,34.01,35.0000,24.3141,10.6859,600.0000,34.00,119.76,3.0300,2.72,341.39,7.069648e-04
2231,35.8704,140.00,34.49,35.0000,24.3141,10.6859,600.0000,34.48,119.76,3.0300,2.56,341.37,7.071478e-04
2232,35.5408,140.00,34.99,35.0000,24.3141,10.6859,600.0000,35.00,119.76,3.0300,0.00,341.35,7.073308e-04
2233,36.4286,140.00,35.52,35.0000,24.3141,10.6859,600.0000,35.52,119.76,3.0300,2.62,341.33,7.075138e-04
2234,36.3645,140.00,36.01,35.0000,24.3141,10.6859,600.0000,36.00,119.76,3.0300,2.76,341.31,7.076967e-04
2235,36.4007,140.00,36.43,35.0000,24.3141,10.6859,600.0000,36.41,119.76,3.0300,2.97,341.29,7.078795e-04
2236,36.5318,140.00,36.74,35.0000,24.3141,10.6859,600.0000,36.73,119.76,3.0300,2.73,341.26,7.080624e-04
2237,36.3198,140.00,36.92,35.0000,24.3141,10.6859,600.0000,36.93,119.76,3.0300,0.00,341.24,7.082451e-04
2238,36.1162,140.00,37.01,35.0000,24.3141,10.6859,600.0000,37.00,119.76,3.0300,2.74,341.22,7.084279e-04
2239,36.2097,140.00,36.94,35.0000,24.3141,10.6859,600.0000,36.93,119.76,3.0300,2.78,341.20,7.086106e-04
2240,36.2720,140.00,36.75,35.0000,24.3141,10.6859,600.0000,36.73,119.76,3.0300,2.99,341.18,7.087933e-04
2241,35.9782,140.00,36.43,35.0000,24.3141,10.6859,600.0000,36.41,119.76,3.0300,2.89,341.16,7.089759e-04
2242,36.6420,140.00,36.02,35.0000,24.3141,10.6859,600.0000,36.00,119.76,3.0300,2.97,341.14,7.091585e-04
2243,36.1554,140.00,35.52,35.0000,24.3141,10.6859,600.0000,35.51,119.76,3.0300,2.33,341.11,7.093410e-04
2244,36.2756,140.00,35.01,35.0000,24.3141,10.6859,600.0000,35.00,119.76,3.0300,2.84,341.09,7.095235e-04
2245,36.2577,140.00,34.47,35.0000,24.3141,10.6859,600.0000,34.48,119.76,3.0300,0.00,341.07,7.097060e-04
2246,36.1758,140.00,34.00,35.0000,24.3141,10.6859,600.0000,34.00,119.76,3.0300,2.54,341.05,7.098885e-04
2247,36.5104,140.00,33.59,35.0000,24.3141,10.6859,600.0000,33.58,119.76,3.0300,2.60,341.03,7.100708e-04
2248,35.9728,140.00,33.27,35.0000,24.3141,10.6859,600.0000,33.26,119.76,3.0300,2.64,341.01,7.102532e-04
2249,35.8760,140.00,33.08,35.0000,24.3141,10.6859,600.0000,33.06,119.76,3.0300,2.72,340.99,7.104355e-04
2250,35.9685,140.00,33.00,35.0000,24.3141,10.6859,600.0000,33.00,119.76,3.0300,2.17,340.97,7.106178e-04
2251,35.8270,140.00,33.07,35.0000,24.3141,10.6859,600.0000,33.06,119.76,3.0300,2.48,340.95,7.108000e-04
2252,35.8188,140.00,33.25,35.0000,24.3141,10.6859,600.0000,33.26,119.76,3.0300,0.00,340.92,7.109822e-04
2253,36.3039,140.00,33.59,35.0000,24.3141,10.6859,600.0000,33.58,119.76,3.0300,2.42,340.90,7.111644e-04
2254,36.3807,140.00,34.00,35.0000,24.3141,10.6859,600.0000,33.99,119.76,3.0300,2.49,340.88,7.113465e-04
2255,36.5929,140.00,34.48,35.0000,24.3141,10.6859,600.0000,34.48,119.76,3.0300,1.85,340.86,7.115286e-04
2256,36.4940,140.00,35.00,35.0000,24.3141,10.6859,600.0000,34.99,119.76,3.0300,2.59,340.84,7.117107e-04
2257,36.8040,140.00,35.52,35.0000,24.3141,10.6859,600.0000,35.51,119.76,3.0300,2.56,340.82,7.118927e-04
2258,35.9473,140.00,35.99,35.0000,24.3141,10.6859,600.0000,35.99,119.76,3.0300,0.00,340.80,7.120746e-04
2259,36.6227,140.00,36.43,35.0000,24.3141,10.6859,600.0000,36.41,119.76,3.0300,2.95,340.78,7.122566e-04
2260,36.1682,140.00,36.75,35.0000,24.3141,10.6859,600.0000,36.73,119.76,3.0300,2.91,340.75,7.124385e-04
2261,36.4357,140.00,36.94,35.0000,24.3141,10.6859,600.0000,36.93,119.76,3.0300,2.70,340.73,7.126203e-04
2262,36.4997,140.00,37.01,35.0000,24.3141,10.6859,600.0000,36.99,119.76,3.0300,2.77,340.71,7.128021e-04
2263,35.9048,140.00,36.94,35.0000,24.3141,10.6859,600.0000,36.92,119.76,3.0300,2.81,340.69,7.129839e-04
2264,36.6765,140.00,36.73,35.0000,24.3141,10.6859,600.0000,36.73,119.76,3.0300,2.02,340.67,7.131656e-04
2265,36.6281,140.00,36.42,35.0000,24.3141,10.6859,600.0000,36.41,119.76,3.0300,2.86,340.65,7.133473e-04
2266,36.8467,140.00,35.99,35.0000,24.3141,10.6859,600.0000,35.99,119.76,3.0300,2.06,340.63,7.135290e-04
2267,35.9329,140.00,35.51,35.0000,24.3141,10.6859,600.0000,35.51,119.76,3.0300,0.00,340.61,7.137106e-04
2268,36.6418,140.00,35.00,35.0000,24.3141,10.6859,600.0000,34.99,119.76,3.0300,2.46,340.59,7.138922e-04
2269,36.6740,140.00,34.48,35.0000,24.3141,10.6859,600.0000,34.47,119.76,3.0300,2.52,340.57,7.140738e-04
2270,36.8655,140.00,34.00,35.0000,24.3141,10.6859,600.0000,33.99,119.76,3.0300,2.44,340.54,7.142553e-04
2271,36.3920,140.00,33.58,35.0000,24.3141,10.6859,600.0000,33.58,119.76,3.0300,2.52,340.52,7.144368e-04
2272,36.8907,140.00,33.27,35.0000,24.3141,10.6859,600.0000,33.26,119.76,3.0300,2.74,340.50,7.146182e-04
2273,36.0810,140.00,33.06,35.0000,24.3141,10.6859,600.0000,33.06,119.76,3.0300,0.00,340.48,7.147996e-04
2274,36.3275,140.00,33.00,35.0000,24.3141,10.6859,600.0000,32.99,119.76,3.0300,2.70,340.46,7.149810e-04
2275,36.3861,140.00,33.07,35.0000,24.3141,10.6859,600.0000,33.06,119.76,3.0300,2.79,340.44,7.151623e-04
2276,36.2629,140.00,33.26,35.0000,24.3141,10.6859,600.0000,33.26,119.76,3.0300,2.21,340.42,7.153436e-04
2277,36.9723,140.00,33.58,35.0000,24.3141,10.6859,600.0000,33.58,119.76,3.0300,2.32,340.40,7.155248e-04
2278,36.1700,140.00,34.01,35.0000,24.3141,10.6859,600.0000,33.99,119.76,3.0300,2.87,340.38,7.157060e-04
2279,36.4247,140.00,34.47,35.0000,24.3141,10.6859,600.0000,34.47,119.76,3.0300,0.00,340.35,7.158872e-04
2280,36.2604,140.00,34.99,35.0000,24.3141,10.6859,600.0000,34.99,119.76,3.0300,2.05,340.33,7.160683e-04
2281,36.7508,140.00,35.52,35.0000,24.3141,10.6859,600.0000,35.51,119.76,3.0300,2.78,340.31,7.162494e-04
2282,36.2820,140.00,36.00,35.0000,24.3141,10.6859,600.0000,35.99,119.76,3.0300,2.71,340.29,7.164305e-04
2283,36.3475,140.00,36.43,35.0000,24.3141,10.6859,600.0000,36.40,119.76,3.0300,3.01,340.27,7.166115e-04
2284,36.4927,140.00,36.74,35.0000,24.3141,10.6859,600.0000,36.72,119.76,3.0300,2.85,340.25,7.167925e-04
2285,36.8439,140.00,36.93,35.0000,24.3141,10.6859,600.0000,36.92,119.76,3.0300,2.62,340.23,7.169735e-04
2286,36.6184,140.00,37.00,35.0000,24.3141,10.6859,600.0000,36.99,119.76,3.0300,2.83,340.21,7.171544e-04
2287,36.9691,140.00,36.93,35.0000,24.3141,10.6859,600.0000,36.92,119.76,3.0300,2.64,340.19,7.173353e-04
2288,36.8155,140.00,36.74,35.0000,24.3141,10.6859,600.0000,36.72,119.76,3.0300,2.82,340.17,7.175161e-04
2289,36.1877,140.00,36.41,35.0000,24.3141,10.6859,600.0000,36.40,119.76,3.0300,2.68,340.15,7.176969e-04
2290,36.3401,140.00,35.98,35.0000,24.3141,10.6859,600.0000,35.99,119.76,3.0300,0.00,340.12,7.178777e-04
2291,36.6115,140.00,35.52,35.0000,24.3141,10.6859,600.0000,35.50,119.76,3.0300,2.81,340.10,7.180584e-04
2292,36.3750,140.00,34.99,35.0000,24.3141,10.6859,600.0000,34.99,119.76,3.0300,2.54,340.08,7.182391e-04
2293,36.1559,140.00,34.46,35.0000,24.3141,10.6859,600.0000,34.47,119.76,3.0300,0.00,340.06,7.184197e-04
2294,36.2585,140.00,34.00,35.0000,24.3141,10.6859,600.0000,33.99,119.76,3.0300,2.75,340.04,7.186004e-04
2295,36.5805,140.00,33.59,35.0000,24.3141,10.6859,600.0000,33.57,119.76,3.0300,2.81,340.02,7.187809e-04
2296,36.7048,140.00,33.26,35.0000,24.3141,10.6859,600.0000,33.25,119.76,3.0300,2.21,340.00,7.189615e-04
2297,37.1119,140.00,33.06,35.0000,24.3141,10.6859,600.0000,33.05,119.76,3.0300,2.36,339.98,7.191420e-04
2298,36.3660,140.00,33.00,35.0000,24.3141,10.6859,600.0000,32.99,119.76,3.0300,2.67,339.96,7.193225e-04
2299,36.8826,140.00,33.06,35.0000,24.3141,10.6859,600.0000,33.05,119.76,3.0300,2.28,339.94,7.195029e-04
2300,36.8988,140.00,33.26,35.0000,24.3141,10.6859,600.0000,33.25,119.76,3.0300,2.57,339.92,7.196833e-04
2301,36.5969,140.00,33.58,35.0000,24.3141,10.6859,600.0000,33.57,119.76,3.0300,2.50,339.89,7.198637e-04
2302,36.6933,140.00,33.99,35.0000,24.3141,10.6859,600.0000,33.98,119.76,3.0300,2.53,339.87,7.200440e-04
2303,36.3226,140.00,34.47,35.0000,24.3141,10.6859,600.0000,34.47,119.76,3.0300,2.48,339.85,7.202243e-04
2304,37.0202,140.00,34.99,35.0000,24.3141,10.6859,600.0000,34.98,119.76,3.0300,2.44,339.83,7.204045e-04
2305,36.7677,140.00,35.51,35.0000,24.3141,10.6859,600.0000,35.50,119.76,3.0300,2.66,339.81,7.205847e-04
2306,36.7852,140.00,36.00,35.0000,24.3141,10.6859,600.0000,35.98,119.76,3.0300,2.86,339.79,7.207649e-04
2307,36.8538,140.00,36.40,35.0000,24.3141,10.6859,600.0000,36.40,119.76,3.0300,2.43,339.77,7.209451e-04
2308,37.0783,140.00,36.73,35.0000,24.3141,10.6859,600.0000,36.71,119.76,3.0300,2.84,339.75,7.211252e-04
2309,36.4377,140.00,36.93,35.0000,24.3141,10.6859,600.0000,36.91,119.76,3.0300,2.89,339.73,7.213052e-04
2310,37.0230,140.00,36.99,35.0000,24.3141,10.6859,600.0000,36.98,119.76,3.0300,2.64,339.71,7.214853e-04
2311,36.6185,140.00,36.92,35.0000,24.3141,10.6859,600.0000,36.91,119.76,3.0300,2.62,339.69,7.216653e-04
2312,36.6118,140.00,36.74,35.0000,24.3141,10.6859,600.0000,36.71,119.76,3.0300,2.98,339.67,7.218452e-04
2313,36.2802,140.00,36.41,35.0000,24.3141,10.6859,600.0000,36.39,119.76,3.0300,2.92,339.65,7.220252e-04
2314,36.6807,140.00,36.00,35.0000,24.3141,10.6859,600.0000,35.98,119.76,3.0300,2.87,339.62,7.222051e-04
2315,36.4503,140.00,35.50,35.0000,24.3141,10.6859,600.0000,35.50,119.76,3.0300,2.44,339.60,7.223849e-04
2316,36.4267,140.00,35.00,35.0000,24.3141,10.6859,600.0000,34.98,119.76,3.0300,2.83,339.58,7.225647e-04
2317,36.3664,140.00,34.47,35.0000,24.3141,10.6859,600.0000,34.46,119.76,3.0300,2.74,339.56,7.227445e-04
2318,37.1555,140.00,33.98,35.0000,24.3141,10.6859,600.0000,33.98,119.76,3.0300,1.91,339.54,7.229243e-04
2319,36.4580,140.00,33.57,35.0000,24.3141,10.6859,600.0000,33.56,119.76,3.0300,2.39,339.52,7.231040e-04
2320,36.7413,140.00,33.25,35.0000,24.3141,10.6859,600.0000,33.25,119.76,3.0300,2.54,339.50,7.232837e-04
2321,36.6724,140.00,33.05,35.0000,24.3141,10.6859,600.0000,33.05,119.76,3.0300,2.45,339.48,7.234633e-04
2322,36.8712,140.00,32.99,35.0000,24.3141,10.6859,600.0000,32.98,119.76,3.0300,2.63,339.46,7.236429e-04
2323,36.4699,140.00,33.05,35.0000,24.3141,10.6859,600.0000,33.05,119.76,3.0300,2.42,339.44,7.238225e-04
2324,36.4055,140.00,33.25,35.0000,24.3141,10.6859,600.0000,33.24,119.76,3.0300,2.27,339.42,7.240020e-04
2325,36.7224,140.00,33.57,35.0000,24.3141,10.6859,600.0000,33.56,119.76,3.0300,2.67,339.40,7.241815e-04
2326,36.5386,140.00,33.99,35.0000,24.3141,10.6859,600.0000,33.98,119.76,3.0300,2.79,339.38,7.243610e-04
2327,36.3586,140.00,34.47,35.0000,24.3141,10.6859,600.0000,34.46,119.76,3.0300,2.79,339.36,7.245404e-04
2328,36.6430,140.00,34.99,35.0000,24.3141,10.6859,600.0000,34.98,119.76,3.0300,2.69,339.33,7.247198e-04
2329,36.7707,140.00,35.50,35.0000,24.3141,10.6859,600.0000,35.49,119.76,3.0300,2.28,339.31,7.248992e-04
2330,36.4927,140.00,35.98,35.0000,24.3141,10.6859,600.0000,35.97,119.76,3.0300,2.43,339.29,7.250785e-04
2331,36.6606,140.00,36.40,35.0000,24.3141,10.6859,600.0000,36.39,119.76,3.0300,2.71,339.27,7.252578e-04
2332,36.8405,140.00,36.71,35.0000,24.3141,10.6859,600.0000,36.71,119.76,3.0300,2.18,339.25,7.254370e-04
2333,36.5728,140.00,36.92,35.0000,24.3141,10.6859,600.0000,36.91,119.76,3.0300,2.65,339.23,7.256162e-04
2334,36.7366,140.00,36.98,35.0000,24.3141,10.6859,600.0000,36.97,119.76,3.0300,2.65,339.21,7.257954e-04
2335,36.7380,140.00,36.91,35.0000,24.3141,10.6859,600.0000,36.90,119.76,3.0300,2.53,339.19,7.259746e-04
2336,36.7733,140.00,36.71,35.0000,24.3141,10.6859,600.0000,36.70,119.76,3.0300,2.62,339.17,7.261537e-04
2337,36.8580,140.00,36.39,35.0000,24.3141,10.6859,600.0000,36.39,119.76,3.0300,2.19,339.15,7.263328e-04
2338,36.7054,140.00,35.98,35.0000,24.3141,10.6859,600.0000,35.97,119.76,3.0300,2.75,339.13,7.265118e-04
2339,36.9907,140.00,35.49,35.0000,24.3141,10.6859,600.0000,35.49,119.76,3.0300,2.17,339.11,7.266908e-04
2340,36.6754,140.00,34.98,35.0000,24.3141,10.6859,600.0000,34.97,119.76,3.0300,2.66,339.09,7.268698e-04
2341,36.4871,140.00,34.46,35.0000,24.3141,10.6859,600.0000,34.45,119.76,3.0300,2.41,339.07,7.270487e-04
2342,37.0655,140.00,33.98,35.0000,24.3141,10.6859,600.0000,33.97,119.76,3.0300,2.68,339.05,7.272276e-04
2343,37.1740,140.00,33.56,35.0000,24.3141,10.6859,600.0000,33.56,119.76,3.0300,2.39,339.03,7.274065e-04
2344,36.5676,140.00,33.24,35.0000,24.3141,10.6859,600.0000,33.24,119.76,3.0300,2.42,339.01,7.275853e-04
2345,37.2246,140.00,33.05,35.0000,24.3141,10.6859,600.0000,33.04,119.76,3.0300,2.68,338.98,7.277641e-04
2346,36.7697,140.00,32.98,35.0000,24.3141,10.6859,600.0000,32.97,119.76,3.0300,2.70,338.96,7.279429e-04
2347,36.3167,140.00,33.06,35.0000,24.3141,10.6859,600.0000,33.04,119.76,3.0300,2.91,338.94,7.281216e-04
2348,37.0845,140.00,33.24,35.0000,24.3141,10.6859,600.0000,33.24,119.76,3.0300,1.77,338.92,7.283003e-04
2349,36.2733,140.00,33.55,35.0000,24.3141,10.6859,600.0000,33.55,119.76,3.0300,0.00,338.90,7.284790e-04
2350,36.7885,140.00,33.98,35.0000,24.3141,10.6859,600.0000,33.97,119.76,3.0300,2.65,338.88,7.286576e-04
2351,36.4369,140.00,34.46,35.0000,24.3141,10.6859,600.0000,34.45,119.76,3.0300,2.73,338.86,7.288362e-04
2352,36.5119,140.00,34.99,35.0000,24.3141,10.6859,600.0000,34.97,119.76,3.0300,2.91,338.84,7.290148e-04
2353,37.0458,140.00,35.50,35.0000,24.3141,10.6859,600.0000,35.48,119.76,3.0300,2.76,338.82,7.291933e-04
2354,36.3350,140.00,35.98,35.0000,24.3141,10.6859,600.0000,35.97,119.76,3.0300,2.67,338.80,7.293718e-04
2355,36.6155,140.00,36.39,35.0000,24.3141,10.6859,600.0000,36.38,119.76,3.0300,2.57,338.78,7.295502e-04
2356,37.0571,140.00,36.71,35.0000,24.3141,10.6859,600.0000,36.70,119.76,3.0300,2.89,338.76,7.297287e-04
2357,36.9172,140.00,36.91,35.0000,24.3141,10.6859,600.0000,36.90,119.76,3.0300,2.76,338.74,7.299071e-04
2358,36.6603,140.00,36.96,35.0000,24.3141,10.6859,600.0000,36.96,119.76,3.0300,0.00,338.72,7.300854e-04
2359,37.0635,140.00,36.91,35.0000,24.3141,10.6859,600.0000,36.90,119.76,3.0300,2.85,338.70,7.302637e-04
2360,36.8478,140.00,36.70,35.0000,24.3141,10.6859,600.0000,36.69,119.76,3.0300,2.51,338.68,7.304420e-04
2361,36.7304,140.00,36.39,35.0000,24.3141,10.6859,600.0000,36.38,119.76,3.0300,2.85,338.66,7.306203e-04
2362,36.3122,140.00,35.98,35.0000,24.3141,10.6859,600.0000,35.96,119.76,3.0300,2.96,338.64,7.307985e-04
2363,37.1302,140.00,35.49,35.0000,24.3141,10.6859,600.0000,35.48,119.76,3.0300,2.56,338.62,7.309767e-04
2364,37.0848,140.00,34.97,35.0000,24.3141,10.6859,600.0000,34.96,119.76,3.0300,2.73,338.60,7.311548e-04
2365,36.4420,140.00,34.45,35.0000,24.3141,10.6859,600.0000,34.44,119.76,3.0300,2.50,338.58,7.313329e-04
2366,37.0966,140.00,33.97,35.0000,24.3141,10.6859,600.0000,33.96,119.76,3.0300,2.65,338.55,7.315110e-04
2367,36.3929,140.00,33.56,35.0000,24.3141,10.6859,600.0000,33.55,119.76,3.0300,2.76,338.53,7.316891e-04
2368,37.0830,140.00,33.24,35.0000,24.3141,10.6859,600.0000,33.23,119.76,3.0300,2.63,338.51,7.318671e-04
2369,36.3543,140.00,33.04,35.0000,24.3141,10.6859,600.0000,33.03,119.76,3.0300,2.82,338.49,7.320451e-04
2370,36.5407,140.00,32.96,35.0000,24.3141,10.6859,600.0000,32.96,119.76,3.0300,2.27,338.47,7.322230e-04
2371,36.4338,140.00,33.03,35.0000,24.3141,10.6859,600.0000,33.03,119.76,3.0300,2.52,338.45,7.324009e-04
2372,36.6742,140.00,33.23,35.0000,24.3141,10.6859,600.0000,33.23,119.76,3.0300,2.37,338.43,7.325788e-04
2373,37.0357,140.00,33.55,35.0000,24.3141,10.6859,600.0000,33.54,119.76,3.0300,2.72,338.41,7.327567e-04
2374,36.3828,140.00,33.95,35.0000,24.3141,10.6859,600.0000,33.96,119.76,3.0300,0.00,338.39,7.329345e-04
2375,36.5222,140.00,34.44,35.0000,24.3141,10.6859,600.0000,34.44,119.76,3.0300,2.31,338.37,7.331123e-04
2376,37.0441,140.00,34.96,35.0000,24.3141,10.6859,600.0000,34.96,119.76,3.0300,2.55,338.35,7.332900e-04
2377,37.0669,140.00,35.49,35.0000,24.3141,10.6859,600.0000,35.47,119.76,3.0300,2.89,338.33,7.334677e-04
2378,36.9258,140.00,35.97,35.0000,24.3141,10.6859,600.0000,35.95,119.76,3.0300,2.85,338.31,7.336454e-04
2379,36.8392,140.00,36.39,35.0000,24.3141,10.6859,600.0000,36.37,119.76,3.0300,2.89,338.29,7.338231e-04
2380,36.5563,140.00,36.69,35.0000,24.3141,10.6859,600.0000,36.69,119.76,3.0300,2.14,338.27,7.340007e-04
2381,36.9182,140.00,36.89,35.0000,24.3141,10.6859,600.0000,36.89,119.76,3.0300,2.29,338.25,7.341783e-04
2382,37.1126,140.00,36.97,35.0000,24.3141,10.6859,600.0000,36.95,119.76,3.0300,2.78,338.23,7.343558e-04
2383,36.9192,140.00,36.90,35.0000,24.3141,10.6859,600.0000,36.88,119.76,3.0300,2.93,338.21,7.345333e-04
2384,37.0203,140.00,36.69,35.0000,24.3141,10.6859,600.0000,36.68,119.76,3.0300,2.58,338.19,7.347108e-04
2385,36.7056,140.00,36.37,35.0000,24.3141,10.6859,600.0000,36.37,119.76,3.0300,2.52,338.17,7.348883e-04
2386,36.4178,140.00,35.95,35.0000,24.3141,10.6859,600.0000,35.95,119.76,3.0300,2.32,338.15,7.350657e-04
2387,36.8453,140.00,35.48,35.0000,24.3141,10.6859,600.0000,35.47,119.76,3.0300,2.76,338.13,7.352431e-04
2388,36.3012,140.00,34.97,35.0000,24.3141,10.6859,600.0000,34.95,119.76,3.0300,2.93,338.11,7.354204e-04
2389,36.7292,140.00,34.44,35.0000,24.3141,10.6859,600.0000,34.43,119.76,3.0300,2.66,338.09,7.355977e-04
2390,36.3462,140.00,33.95,35.0000,24.3141,10.6859,600.0000,33.95,119.76,3.0300,2.45,338.07,7.357750e-04
2391,36.3466,140.00,33.53,35.0000,24.3141,10.6859,600.0000,33.53,119.76,3.0300,0.00,338.05,7.359523e-04
2392,36.9240,140.00,33.21,35.0000,24.3141,10.6859,600.0000,33.22,119.76,3.0300,0.00,338.03,7.361295e-04
2393,36.9306,140.00,33.02,35.0000,24.3141,10.6859,600.0000,33.02,119.76,3.0300,2.17,338.01,7.363067e-04
2394,36.1049,140.00,32.95,35.0000,24.3141,10.6859,600.0000,32.95,119.76,3.0300,0.00,337.99,7.364838e-04
2395,36.2265,140.00,33.02,35.0000,24.3141,10.6859,600.0000,33.01,119.76,3.0300,2.26,337.97,7.366610e-04
2396,36.8163,140.00,33.22,35.0000,24.3141,10.6859,600.0000,33.21,119.76,3.0300,2.25,337.95,7.368381e-04
2397,36.3468,140.00,33.55,35.0000,24.3141,10.6859,600.0000,33.53,119.76,3.0300,2.87,337.92,7.370151e-04
2398,36.8557,140.00,33.94,35.0000,24.3141,10.6859,600.0000,33.94,119.76,3.0300,0.00,337.90,7.371921e-04
2399,36.8765,140.00,34.43,35.0000,24.3141,10.6859,600.0000,34.43,119.76,3.0300,2.41,337.88,7.373691e-04
2400,36.5427,140.00,34.95,35.0000,24.3141,10.6859,600.0000,34.94,119.76,3.0300,2.56,337.86,7.375461e-04
2401,36.8736,140.00,35.47,35.0000,24.3141,10.6859,600.0000,35.46,119.76,3.0300,2.75,337.84,7.377230e-04
2402,36.9569,140.00,35.96,35.0000,24.3141,10.6859,600.0000,35.94,119.76,3.0300,2.76,337.82,7.378999e-04
2403,36.2421,140.00,36.36,35.0000,24.3141,10.6859,600.0000,36.36,119.76,3.0300,2.29,337.80,7.380768e-04
2404,36.8196,140.00,36.69,35.0000,24.3141,10.6859,600.0000,36.67,119.76,3.0300,2.86,337.78,7.382536e-04
2405,36.0752,140.00,36.89,35.0000,24.3141,10.6859,600.0000,36.87,119.76,3.0300,2.80,337.76,7.384304e-04
2406,36.1717,140.00,36.96,35.0000,24.3141,10.6859,600.0000,36.94,119.76,3.0300,2.98,337.74,7.386072e-04
2407,36.9014,140.00,36.89,35.0000,24.3141,10.6859,600.0000,36.87,119.76,3.0300,2.97,337.72,7.387839e-04
2408,36.2706,140.00,36.67,35.0000,24.3141,10.6859,600.0000,36.67,119.76,3.0300,2.31,337.70,7.389606e-04
2409,36.2622,140.00,36.36,35.0000,24.3141,10.6859,600.0000,36.35,119.76,3.0300,2.43,337.68,7.391373e-04
2410,36.0173,140.00,35.94,35.0000,24.3141,10.6859,600.0000,35.94,119.76,3.0300,2.39,337.66,7.393139e-04
2411,36.7445,140.00,35.46,35.0000,24.3141,10.6859,600.0000,35.45,119.76,3.0300,2.44,337.64,7.394905e-04
2412,36.0135,140.00,34.95,35.0000,24.3141,10.6859,600.0000,34.94,119.76,3.0300,2.86,337.62,7.396671e-04
2413,36.7406,140.00,34.43,35.0000,24.3141,10.6859,600.0000,34.42,119.76,3.0300,2.64,337.60,7.398437e-04
2414,35.9830,140.00,33.95,35.0000,24.3141,10.6859,600.0000,33.94,119.76,3.0300,2.67,337.58,7.400202e-04
2415,36.3238,140.00,33.52,35.0000,24.3141,10.6859,600.0000,33.52,119.76,3.0300,0.00,337.56,7.401966e-04
2416,36.3183,140.00,33.21,35.0000,24.3141,10.6859,600.0000,33.20,119.76,3.0300,2.30,337.54,7.403731e-04
2417,36.2407,140.00,33.00,35.0000,24.3141,10.6859,600.0000,33.00,119.76,3.0300,0.00,337.52,7.405495e-04
2418,36.3344,140.00,32.93,35.0000,24.3141,10.6859,600.0000,32.93,119.76,3.0300,0.00,337.50,7.407259e-04
2419,36.4566,140.00,33.01,35.0000,24.3141,10.6859,600.0000,33.00,119.76,3.0300,2.75,337.48,7.409023e-04
2420,36.1679,140.00,33.21,35.0000,24.3141,10.6859,600.0000,33.20,119.76,3.0300,2.75,337.46,7.410786e-04
2421,36.0960,140.00,33.53,35.0000,24.3141,10.6859,600.0000,33.52,119.76,3.0300,2.58,337.44,7.412549e-04
2422,36.7370,140.00,33.93,35.0000,24.3141,10.6859,600.0000,33.93,119.76,3.0300,2.14,337.42,7.414311e-04
2423,36.2029,140.00,34.41,35.0000,24.3141,10.6859,600.0000,34.41,119.76,3.0300,0.00,337.40,7.416073e-04
2424,36.4474,140.00,34.92,35.0000,24.3141,10.6859,600.0000,34.93,119.76,3.0300,0.00,337.38,7.417835e-04
2425,36.2371,140.00,35.44,35.0000,24.3141,10.6859,600.0000,35.45,119.76,3.0300,0.00,337.36,7.419597e-04
2426,36.0188,140.00,35.94,35.0000,24.3141,10.6859,600.0000,35.93,119.76,3.0300,2.64,337.34,7.421358e-04
2427,35.9792,140.00,36.34,35.0000,24.3141,10.6859,600.0000,36.34,119.76,3.0300,0.00,337.32,7.423119e-04
2428,36.4388,140.00,36.68,35.0000,24.3141,10.6859,600.0000,36.66,119.76,3.0300,2.84,337.30,7.424880e-04
2429,36.7125,140.00,36.86,35.0000,24.3141,10.6859,600.0000,36.86,119.76,3.0300,2.08,337.28,7.426641e-04
2430,36.2683,140.00,36.93,35.0000,24.3141,10.6859,600.0000,36.93,119.76,3.0300,2.61,337.26,7.428401e-04
2431,36.5425,140.00,36.86,35.0000,24.3141,10.6859,600.0000,36.86,119.76,3.0300,0.00,337.24,7.430160e-04
2432,36.2889,140.00,36.66,35.0000,24.3141,10.6859,600.0000,36.66,119.76,3.0300,2.31,337.22,7.431920e-04
2433,36.6905,140.00,36.35,35.0000,24.3141,10.6859,600.0000,36.34,119.76,3.0300,2.53,337.20,7.433679e-04
2434,36.3289,140.00,35.92,35.0000,24.3141,10.6859,600.0000,35.92,119.76,3.0300,2.01,337.18,7.435438e-04
2435,35.7382,140.00,35.46,35.0000,24.3141,10.6859,600.0000,35.44,119.76,3.0300,2.80,337.16,7.437196e-04
2436,35.6941,140.00,34.93,35.0000,24.3141,10.6859,600.0000,34.92,119.76,3.0300,2.56,337.14,7.438954e-04
2437,36.1809,140.00,34.42,35.0000,24.3141,10.6859,600.0000,34.40,119.76,3.0300,2.86,337.12,7.440712e-04
2438,36.0686,140.00,33.94,35.0000,24.3141,10.6859,600.0000,33.92,119.76,3.0300,2.85,337.10,7.442470e-04
2439,36.4725,140.00,33.52,35.0000,24.3141,10.6859,600.0000,33.51,119.76,3.0300,2.72,337.08,7.444227e-04
2440,35.6906,140.00,33.19,35.0000,24.3141,10.6859,600.0000,33.19,119.76,3.0300,0.00,337.06,7.445984e-04
2441,36.3335,140.00,32.99,35.0000,24.3141,10.6859,600.0000,32.99,119.76,3.0300,2.51,337.04,7.447741e-04
2442,35.7589,140.00,32.92,35.0000,24.3141,10.6859,600.0000,32.92,119.76,3.0300,2.41,337.02,7.449497e-04
2443,36.5154,140.00,32.99,35.0000,24.3141,10.6859,600.0000,32.99,119.76,3.0300,2.34,337.00,7.451253e-04
2444,36.2736,140.00,33.20,35.0000,24.3141,10.6859,600.0000,33.19,119.76,3.0300,2.87,336.98,7.453009e-04
2445,36.1899,140.00,33.51,35.0000,24.3141,10.6859,600.0000,33.50,119.76,3.0300,2.66,336.96,7.454764e-04
2446,35.6673,140.00,33.91,35.0000,24.3141,10.6859,600.0000,33.92,119.76,3.0300,0.00,336.94,7.456520e-04
2447,36.2856,140.00,34.41,35.0000,24.3141,10.6859,600.0000,34.40,119.76,3.0300,2.57,336.92,7.458274e-04
2448,35.8302,140.00,34.92,35.0000,24.3141,10.6859,600.0000,34.91,119.76,3.0300,2.61,336.90,7.460029e-04
2449,36.1040,140.00,35.45,35.0000,24.3141,10.6859,600.0000,35.43,119.76,3.0300,2.82,336.88,7.461783e-04
2450,36.1483,140.00,35.92,35.0000,24.3141,10.6859,600.0000,35.91,119.76,3.0300,2.56,336.86,7.463537e-04
2451,35.5363,140.00,36.35,35.0000,24.3141,10.6859,600.0000,36.33,119.76,3.0300,2.95,336.84,7.465291e-04
2452,36.0741,140.00,36.66,35.0000,24.3141,10.6859,600.0000,36.64,119.76,3.0300,2.85,336.82,7.467044e-04
2453,35.9999,140.00,36.85,35.0000,24.3141,10.6859,600.0000,36.84,119.76,3.0300,2.63,336.80,7.468797e-04
2454,36.3292,140.00,36.93,35.0000,24.3141,10.6859,600.0000,36.91,119.76,3.0300,2.89,336.78,7.470550e-04
2455,35.4793,140.00,36.83,35.0000,24.3141,10.6859,600.0000,36.84,119.76,3.0300,0.00,336.76,7.472302e-04
2456,35.6648,140.00,36.64,35.0000,24.3141,10.6859,600.0000,36.64,119.76,3.0300,2.28,336.74,7.474054e-04
2457,35.9121,140.00,36.31,35.0000,24.3141,10.6859,600.0000,36.32,119.76,3.0300,0.00,336.72,7.475806e-04
2458,35.7976,140.00,35.90,35.0000,24.3141,10.6859,600.0000,35.91,119.76,3.0300,0.00,336.70,7.477557e-04
2459,35.4434,140.00,35.43,35.0000,24.3141,10.6859,600.0000,35.42,119.76,3.0300,1.88,336.68,7.479309e-04
2460,35.5054,140.00,34.91,35.0000,24.3141,10.6859,600.0000,34.91,119.76,3.0300,2.36,336.66,7.481059e-04
2461,36.0597,140.00,34.40,35.0000,24.3141,10.6859,600.0000,34.39,119.76,3.0300,2.78,336.64,7.482810e-04
2462,35.7373,140.00,33.90,35.0000,24.3141,10.6859,600.0000,33.91,119.76,3.0300,0.00,336.62,7.484560e-04
2463,35.9692,140.00,33.49,35.0000,24.3141,10.6859,600.0000,33.49,119.76,3.0300,1.96,336.60,7.486310e-04
2464,35.7896,140.00,33.20,35.0000,24.3141,10.6859,600.0000,33.17,119.76,3.0300,3.00,336.58,7.488060e-04
2465,35.4105,140.00,32.97,35.0000,24.3141,10.6859,600.0000,32.97,119.76,3.0300,0.00,336.56,7.489809e-04
2466,35.4260,140.00,32.90,35.0000,24.3141,10.6859,600.0000,32.90,119.76,3.0300,0.00,336.54,7.491558e-04
2467,35.6578,140.00,32.98,35.0000,24.3141,10.6859,600.0000,32.97,119.76,3.0300,2.61,336.52,7.493307e-04
2468,35.6181,140.00,33.16,35.0000,24.3141,10.6859,600.0000,33.17,119.76,3.0300,0.00,336.50,7.495056e-04
2469,36.2192,140.00,33.48,35.0000,24.3141,10.6859,600.0000,33.49,119.76,3.0300,0.00,336.48,7.496804e-04
2470,35.9071,140.00,33.92,35.0000,24.3141,10.6859,600.0000,33.90,119.76,3.0300,2.98,336.46,7.498552e-04
2471,35.7874,140.00,34.38,35.0000,24.3141,10.6859,600.0000,34.38,119.76,3.0300,1.96,336.45,7.500299e-04
2472,35.7910,140.00,34.91,35.0000,24.3141,10.6859,600.0000,34.90,119.76,3.0300,2.69,336.43,7.502047e-04
2473,35.3872,140.00,35.42,35.0000,24.3141,10.6859,600.0000,35.41,119.76,3.0300,1.89,336.41,7.503794e-04
2474,36.0783,140.00,35.92,35.0000,24.3141,10.6859,600.0000,35.90,119.76,3.0300,2.98,336.39,7.505540e-04
2475,36.0178,140.00,36.29,35.0000,24.3141,10.6859,600.0000,36.31,119.76,3.0300,0.00,336.37,7.507287e-04
2476,35.6201,140.00,36.64,35.0000,24.3141,10.6859,600.0000,36.63,119.76,3.0300,2.83,336.35,7.509033e-04
2477,36.0099,140.00,36.83,35.0000,24.3141,10.6859,600.0000,36.83,119.76,3.0300,2.50,336.33,7.510779e-04
2478,35.8699,140.00,36.89,35.0000,24.3141,10.6859,600.0000,36.89,119.76,3.0300,0.00,336.31,7.512524e-04
2479,35.6286,140.00,36.83,35.0000,24.3141,10.6859,600.0000,36.82,119.76,3.0300,2.58,336.29,7.514269e-04
2480,35.2414,140.00,36.61,35.0000,24.3141,10.6859,600.0000,36.62,119.76,3.0300,0.00,336.27,7.516014e-04
2481,36.0134,140.00,36.34,35.0000,24.3141,10.6859,600.0000,36.31,119.76,3.0300,3.13,336.25,7.517759e-04
2482,35.0728,140.00,35.93,35.0000,24.3141,10.6859,600.0000,35.89,119.76,3.0300,3.18,336.23,7.519503e-04
2483,35.2179,140.00,35.39,35.0000,24.3141,10.6859,600.0000,35.41,119.76,3.0300,0.00,336.21,7.521247e-04
2484,35.7216,140.00,34.90,35.0000,24.3141,10.6859,600.0000,34.89,119.76,3.0300,2.64,336.19,7.522991e-04
2485,35.9617,140.00,34.39,35.0000,24.3141,10.6859,600.0000,34.37,119.76,3.0300,2.81,336.17,7.524735e-04
2486,35.2259,140.00,33.93,35.0000,24.3141,10.6859,600.0000,33.89,119.76,3.0300,3.21,336.15,7.526478e-04
2487,35.3558,140.00,33.50,35.0000,24.3141,10.6859,600.0000,33.47,119.76,3.0300,2.97,336.13,7.528221e-04
2488,35.4548,140.00,33.16,35.0000,24.3141,10.6859,600.0000,33.15,119.76,3.0300,2.28,336.11,7.529963e-04
2489,35.8200,140.00,32.95,35.0000,24.3141,10.6859,600.0000,32.95,119.76,3.0300,0.70,336.09,7.531706e-04
2490,35.6991,140.00,32.87,35.0000,24.3141,10.6859,600.0000,32.88,119.76,3.0300,0.00,336.07,7.533448e-04
2491,35.3853,140.00,32.97,35.0000,24.3141,10.6859,600.0000,32.95,119.76,3.0300,2.95,336.05,7.535189e-04
2492,35.7766,140.00,33.18,35.0000,24.3141,10.6859,600.0000,33.15,119.76,3.0300,3.02,336.03,7.536931e-04
2493,35.2631,140.00,33.49,35.0000,24.3141,10.6859,600.0000,33.47,119.76,3.0300,3.05,336.01,7.538672e-04
2494,35.4193,140.00,33.88,35.0000,24.3141,10.6859,600.0000,33.88,119.76,3.0300,0.00,335.99,7.540413e-04
2495,35.0783,140.00,34.36,35.0000,24.3141,10.6859,600.0000,34.36,119.76,3.0300,0.00,335.97,7.542153e-04
2496,35.1719,140.00,34.87,35.0000,24.3141,10.6859,600.0000,34.88,119.76,3.0300,0.00,335.95,7.543894e-04
2497,35.0653,140.00,35.41,35.0000,24.3141,10.6859,600.0000,35.40,119.76,3.0300,2.86,335.93,7.545634e-04
2498,35.2789,140.00,35.90,35.0000,24.3141,10.6859,600.0000,35.88,119.76,3.0300,2.98,335.91,7.547373e-04
2499,35.6181,140.00,36.31,35.0000,24.3141,10.6859,600.0000,36.29,119.76,3.0300,2.88,335.89,7.549113e-04
2500,35.1388,140.00,36.58,35.0000,24.3141,10.6859,600.0000,36.61,119.76,3.0300,0.00,335.87,7.550852e-04
2501,35.2932,140.00,36.85,35.0000,24.3141,10.6859,600.0000,36.81,119.76,3.0300,3.23,335.85,7.552591e-04
2502,34.9670,140.00,36.85,35.0000,24.3141,10.6859,600.0000,36.88,119.76,3.0300,0.00,335.83,7.554329e-04
2503,35.7084,140.00,36.82,35.0000,24.3141,10.6859,600.0000,36.81,119.76,3.0300,2.62,335.82,7.556067e-04
2504,35.7365,140.00,36.64,35.0000,24.3141,10.6859,600.0000,36.61,119.76,3.0300,3.15,335.80,7.557805e-04
2505,34.9834,140.00,36.31,35.0000,24.3141,10.6859,600.0000,36.29,119.76,3.0300,3.06,335.78,7.559543e-04
2506,35.6439,140.00,35.89,35.0000,24.3141,10.6859,600.0000,35.87,119.76,3.0300,2.93,335.76,7.561280e-04
2507,35.4430,140.00,35.39,35.0000,24.3141,10.6859,600.0000,35.39,119.76,3.0300,2.40,335.74,7.563018e-04
2508,34.7781,140.00,34.87,35.0000,24.3141,10.6859,600.0000,34.87,119.76,3.0300,0.00,335.72,7.564754e-04
2509,35.3963,140.00,34.37,35.0000,24.3141,10.6859,600.0000,34.35,119.76,3.0300,2.92,335.70,7.566491e-04
2510,35.6298,140.00,33.88,35.0000,24.3141,10.6859,600.0000,33.87,119.76,3.0300,2.75,335.68,7.568227e-04
2511,35.3864,140.00,33.46,35.0000,24.3141,10.6859,600.0000,33.45,119.76,3.0300,2.68,335.66,7.569963e-04
2512,35.0838,140.00,33.11,35.0000,24.3141,10.6859,600.0000,33.14,119.76,3.0300,0.00,335.64,7.571699e-04
2513,35.1123,140.00,32.95,35.0000,24.3141,10.6859,600.0000,32.93,119.76,3.0300,2.87,335.62,7.573434e-04
2514,35.3947,140.00,32.88,35.0000,24.3141,10.6859,600.0000,32.87,119.76,3.0300,2.66,335.60,7.575169e-04
2515,35.5306,140.00,32.95,35.0000,24.3141,10.6859,600.0000,32.93,119.76,3.0300,2.95,335.58,7.576904e-04
2516,35.1455,140.00,33.16,35.0000,24.3141,10.6859,600.0000,33.13,119.76,3.0300,3.04,335.56,7.578639e-04
2517,34.8645,140.00,33.46,35.0000,24.3141,10.6859,600.0000,33.45,119.76,3.0300,2.73,335.54,7.580373e-04
2518,35.4997,140.00,33.85,35.0000,24.3141,10.6859,600.0000,33.86,119.76,3.0300,0.00,335.52,7.582107e-04
2519,34.9773,140.00,34.33,35.0000,24.3141,10.6859,600.0000,34.34,119.76,3.0300,0.00,335.50,7.583841e-04
2520,35.0604,140.00,34.87,35.0000,24.3141,10.6859,600.0000,34.86,119.76,3.0300,2.67,335.48,7.585574e-04
2521,34.7063,140.00,35.38,35.0000,24.3141,10.6859,600.0000,35.38,119.76,3.0300,0.00,335.46,7.587308e-04
2522,34.5146,140.00,35.88,35.0000,24.3141,10.6859,600.0000,35.86,119.76,3.0300,3.03,335.44,7.589040e-04
2523,34.7482,140.00,36.26,35.0000,24.3141,10.6859,600.0000,36.27,119.76,3.0300,0.00,335.42,7.590773e-04
2524,35.2396,140.00,36.58,35.0000,24.3141,10.6859,600.0000,36.59,119.76,3.0300,0.00,335.40,7.592505e-04
2525,34.6742,140.00,36.79,35.0000,24.3141,10.6859,600.0000,36.79,119.76,3.0300,0.00,335.39,7.594237e-04
2526,35.2573,140.00,36.85,35.0000,24.3141,10.6859,600.0000,36.86,119.76,3.0300,0.00,335.37,7.595969e-04
2527,34.5560,140.00,36.79,35.0000,24.3141,10.6859,600.0000,36.79,119.76,3.0300,1.96,335.35,7.597701e-04
2528,34.6701,140.00,36.60,35.0000,24.3141,10.6859,600.0000,36.59,119.76,3.0300,2.85,335.33,7.599432e-04
2529,34.5521,140.00,36.22,35.0000,24.3141,10.6859,600.0000,36.27,119.76,3.0300,0.00,335.31,7.601163e-04
2530,35.2776,140.00,35.88,35.0000,24.3141,10.6859,600.0000,35.85,119.76,3.0300,2.98,335.29,7.602894e-04
2531,35.2610,140.00,35.36,35.0000,24.3141,10.6859,600.0000,35.37,119.76,3.0300,0.00,335.27,7.604624e-04
2532,34.8083,140.00,34.85,35.0000,24.3141,10.6859,600.0000,34.85,119.76,3.0300,0.00,335.25,7.606354e-04
2533,34.6111,140.00,34.40,35.0000,24.3141,10.6859,600.0000,34.33,119.76,3.0300,3.58,335.23,7.608084e-04
2534,34.7382,140.00,33.87,35.0000,24.3141,10.6859,600.0000,33.85,119.76,3.0300,2.91,335.21,7.609813e-04
2535,35.0450,140.00,33.45,35.0000,24.3141,10.6859,600.0000,33.43,119.76,3.0300,2.95,335.19,7.611543e-04
2536,35.1014,140.00,33.14,35.0000,24.3141,10.6859,600.0000,33.11,119.76,3.0300,3.05,335.17,7.613272e-04
2537,35.0620,140.00,32.92,35.0000,24.3141,10.6859,600.0000,32.91,119.76,3.0300,2.31,335.15,7.615000e-04
2538,34.4112,140.00,32.86,35.0000,24.3141,10.6859,600.0000,32.85,119.76,3.0300,2.91,335.13,7.616729e-04
2539,34.5870,140.00,32.90,35.0000,24.3141,10.6859,600.0000,32.91,119.76,3.0300,0.00,335.11,7.618457e-04
2540,34.4293,140.00,33.15,35.0000,24.3141,10.6859,600.0000,33.11,119.76,3.0300,3.23,335.09,7.620185e-04
2541,34.3675,140.00,33.49,35.0000,24.3141,10.6859,600.0000,33.43,119.76,3.0300,3.49,335.07,7.621913e-04
2542,34.3797,140.00,33.89,35.0000,24.3141,10.6859,600.0000,33.84,119.76,3.0300,3.30,335.05,7.623640e-04
2543,34.8644,140.00,34.30,35.0000,24.3141,10.6859,600.0000,34.32,119.76,3.0300,0.00,335.04,7.625367e-04
2544,34.5828,140.00,34.87,35.0000,24.3141,10.6859,600.0000,34.84,119.76,3.0300,3.08,335.02,7.627094e-04
2545,34.8477,140.00,35.39,35.0000,24.3141,10.6859,600.0000,35.36,119.76,3.0300,3.16,335.00,7.628821e-04
2546,34.4013,140.00,35.79,35.0000,24.3141,10.6859,600.0000,35.84,119.76,3.0300,0.00,334.98,7.630547e-04
2547,34.1050,140.00,36.36,35.0000,24.3141,10.6859,600.0000,36.25,119.76,3.0300,3.88,334.96,7.632273e-04
2548,34.4332,140.00,36.63,35.0000,24.3141,10.6859,600.0000,36.57,119.76,3.0300,3.50,334.94,7.633999e-04
2549,34.7194,140.00,36.79,35.0000,24.3141,10.6859,600.0000,36.77,119.76,3.0300,2.96,334.92,7.635724e-04
2550,34.0836,140.00,36.80,35.0000,24.3141,10.6859,600.0000,36.83,119.76,3.0300,0.00,334.90,7.637449e-04
2551,34.3007,140.00,36.85,35.0000,24.3141,10.6859,600.0000,36.77,119.76,3.0300,3.70,334.88,7.639174e-04
2552,34.6179,140.00,36.55,35.0000,24.3141,10.6859,600.0000,36.56,119.76,3.0300,0.00,334.86,7.640899e-04
2553,34.8918,140.00,36.27,35.0000,24.3141,10.6859,600.0000,36.25,119.76,3.0300,3.01,334.84,7.642623e-04
2554,34.7586,140.00,35.81,35.0000,24.3141,10.6859,600.0000,35.83,119.76,3.0300,0.00,334.82,7.644347e-04
2555,34.8448,140.00,35.37,35.0000,24.3141,10.6859,600.0000,35.35,119.76,3.0300,3.05,334.80,7.646071e-04
2556,34.2040,140.00,34.78,35.0000,24.3141,10.6859,600.0000,34.83,119.76,3.0300,0.00,334.78,7.647795e-04
2557,34.2986,140.00,34.32,35.0000,24.3141,10.6859,600.0000,34.31,119.76,3.0300,2.65,334.76,7.649518e-04
2558,34.7003,140.00,33.83,35.0000,24.3141,10.6859,600.0000,33.83,119.76,3.0300,2.40,334.75,7.651241e-04
2559,34.6602,140.00,33.35,35.0000,24.3141,10.6859,600.0000,33.41,119.76,3.0300,0.00,334.73,7.652964e-04
2560,34.4054,140.00,33.07,35.0000,24.3141,10.6859,600.0000,33.09,119.76,3.0300,0.00,334.71,7.654686e-04
2561,33.9855,140.00,32.94,35.0000,24.3141,10.6859,600.0000,32.89,119.76,3.0300,3.39,334.69,7.656409e-04
2562,34.7081,140.00,32.80,35.0000,24.3141,10.6859,600.0000,32.82,119.76,3.0300,0.00,334.67,7.658131e-04
2563,34.2589,140.00,32.83,35.0000,24.3141,10.6859,600.0000,32.89,119.76,3.0300,0.00,334.65,7.659852e-04
2564,34.2616,140.00,33.15,35.0000,24.3141,10.6859,600.0000,33.09,119.76,3.0300,3.47,334.63,7.661574e-04
2565,34.7354,140.00,33.47,35.0000,24.3141,10.6859,600.0000,33.41,119.76,3.0300,3.54,334.61,7.663295e-04
2566,33.9192,140.00,33.93,35.0000,24.3141,10.6859,600.0000,33.82,119.76,3.0300,3.88,334.59,7.665016e-04
2567,34.7199,140.00,34.30,35.0000,24.3141,10.6859,600.0000,34.30,119.76,3.0300,0.00,334.57,7.666736e-04
2568,34.7261,140.00,34.76,35.0000,24.3141,10.6859,600.0000,34.82,119.76,3.0300,0.00,334.55,7.668457e-04
2569,34.5388,140.00,35.39,35.0000,24.3141,10.6859,600.0000,35.33,119.76,3.0300,3.41,334.53,7.670177e-04
2570,34.2363,140.00,35.87,35.0000,24.3141,10.6859,600.0000,35.82,119.76,3.0300,3.38,334.51,7.671897e-04
2571,33.9075,140.00,36.17,35.0000,24.3141,10.6859,600.0000,36.23,119.76,3.0300,0.00,334.49,7.673616e-04
2572,34.7104,140.00,36.58,35.0000,24.3141,10.6859,600.0000,36.55,119.76,3.0300,3.12,334.48,7.675336e-04
2573,34.4830,140.00,36.67,35.0000,24.3141,10.6859,600.0000,36.74,119.76,3.0300,0.00,334.46,7.677055e-04
2574,34.4462,140.00,36.87,35.0000,24.3141,10.6859,600.0000,36.81,119.76,3.0300,3.48,334.44,7.678774e-04
2575,34.4232,140.00,36.75,35.0000,24.3141,10.6859,600.0000,36.74,119.76,3.0300,2.66,334.42,7.680492e-04
2576,33.7137,140.00,36.58,35.0000,24.3141,10.6859,600.0000,36.54,119.76,3.0300,3.17,334.40,7.682210e-04
2577,34.1154,140.00,36.37,35.0000,24.3141,10.6859,600.0000,36.22,119.76,3.0300,4.07,334.38,7.683928e-04
2578,34.3911,140.00,35.74,35.0000,24.3141,10.6859,600.0000,35.81,119.76,3.0300,0.00,334.36,7.685646e-04
2579,34.4480,140.00,35.36,35.0000,24.3141,10.6859,600.0000,35.32,119.76,3.0300,3.19,334.34,7.687364e-04
2580,34.5552,140.00,34.87,35.0000,24.3141,10.6859,600.0000,34.81,119.76,3.0300,3.49,334.32,7.689081e-04
2581,34.0063,140.00,34.40,35.0000,24.3141,10.6859,600.0000,34.29,119.76,3.0300,3.88,334.30,7.690798e-04
2582,34.1983,140.00,33.87,35.0000,24.3141,10.6859,600.0000,33.80,119.76,3.0300,3.57,334.28,7.692515e-04
2583,34.1706,140.00,33.43,35.0000,24.3141,10.6859,600.0000,33.39,119.76,3.0300,3.30,334.26,7.694231e-04
2584,34.1628,140.00,32.98,35.0000,24.3141,10.6859,600.0000,33.07,119.76,3.0300,0.00,334.25,7.695947e-04
2585,33.5808,140.00,33.02,35.0000,24.3141,10.6859,600.0000,32.87,119.76,3.0300,4.12,334.23,7.697663e-04
2586,34.3275,140.00,32.82,35.0000,24.3141,10.6859,600.0000,32.80,119.76,3.0300,3.01,334.21,7.699379e-04
2587,33.9771,140.00,32.90,35.0000,24.3141,10.6859,600.0000,32.87,119.76,3.0300,3.11,334.19,7.701094e-04
2588,34.2849,140.00,33.06,35.0000,24.3141,10.6859,600.0000,33.07,119.76,3.0300,0.00,334.17,7.702809e-04
2589,33.9302,140.00,33.39,35.0000,24.3141,10.6859,600.0000,33.38,119.76,3.0300,2.66,334.15,7.704524e-04
2590,33.5246,140.00,33.95,35.0000,24.3141,10.6859,600.0000,33.80,119.76,3.0300,4.10,334.13,7.706239e-04
2591,33.9889,140.00,34.34,35.0000,24.3141,10.6859,600.0000,34.28,119.76,3.0300,3.51,334.11,7.707953e-04
2592,34.3295,140.00,34.83,35.0000,24.3141,10.6859,600.0000,34.79,119.76,3.0300,3.13,334.09,7.709668e-04
2593,33.7244,140.00,35.31,35.0000,24.3141,10.6859,600.0000,35.31,119.76,3.0300,0.00,334.07,7.711381e-04
2594,33.7100,140.00,35.68,35.0000,24.3141,10.6859,600.0000,35.79,119.76,3.0300,0.00,334.05,7.713095e-04
2595,33.4576,140.00,36.13,35.0000,24.3141,10.6859,600.0000,36.20,119.76,3.0300,0.00,334.03,7.714808e-04
2596,33.6156,140.00,36.55,35.0000,24.3141,10.6859,600.0000,36.52,119.76,3.0300,3.09,334.02,7.716521e-04
2597,33.7556,140.00,36.60,35.0000,24.3141,10.6859,600.0000,36.72,119.76,3.0300,0.00,334.00,7.718234e-04
2598,33.8404,140.00,36.67,35.0000,24.3141,10.6859,600.0000,36.79,119.76,3.0300,0.00,333.98,7.719947e-04
2599,33.8461,140.00,36.85,35.0000,24.3141,10.6859,600.0000,36.72,119.76,3.0300,4.00,333.96,7.721659e-04
2600,34.1086,140.00,36.60,35.0000,24.3141,10.6859,600.0000,36.52,119.76,3.0300,3.66,333.94,7.723371e-04
2601,33.5915,140.00,36.21,35.0000,24.3141,10.6859,600.0000,36.20,119.76,3.0300,2.64,333.92,7.725083e-04
2602,34.1557,140.00,35.77,35.0000,24.3141,10.6859,600.0000,35.78,119.76,3.0300,0.00,333.90,7.726795e-04
2603,33.8052,140.00,35.30,35.0000,24.3141,10.6859,600.0000,35.30,119.76,3.0300,2.05,333.88,7.728506e-04
2604,33.7731,140.00,34.76,35.0000,24.3141,10.6859,600.0000,34.78,119.76,3.0300,0.00,333.86,7.730217e-04
2605,34.1873,140.00,34.24,35.0000,24.3141,10.6859,600.0000,34.26,119.76,3.0300,0.00,333.84,7.731928e-04
2606,33.3189,140.00,33.97,35.0000,24.3141,10.6859,600.0000,33.78,119.76,3.0300,4.31,333.82,7.733638e-04
2607,34.0427,140.00,33.35,35.0000,24.3141,10.6859,600.0000,33.36,119.76,3.0300,0.00,333.81,7.735349e-04
2608,33.3428,140.00,33.06,35.0000,24.3141,10.6859,600.0000,33.04,119.76,3.0300,2.79,333.79,7.737059e-04
2609,33.8913,140.00,32.81,35.0000,24.3141,10.6859,600.0000,32.84,119.76,3.0300,0.00,333.77,7.738769e-04
2610,34.0019,140.00,32.89,35.0000,24.3141,10.6859,600.0000,32.77,119.76,3.0300,3.89,333.75,7.740478e-04
2611,33.3919,140.00,32.72,35.0000,24.3141,10.6859,600.0000,32.84,119.76,3.0300,0.00,333.73,7.742188e-04
2612,33.7582,140.00,32.98,35.0000,24.3141,10.6859,600.0000,33.04,119.76,3.0300,0.00,333.71,7.743897e-04
2613,34.0810,140.00,33.30,35.0000,24.3141,10.6859,600.0000,33.36,119.76,3.0300,0.00,333.69,7.745605e-04
2614,33.8479,140.00,33.68,35.0000,24.3141,10.6859,600.0000,33.77,119.76,3.0300,0.00,333.67,7.747314e-04
2615,33.3042,140.00,34.34,35.0000,24.3141,10.6859,600.0000,34.25,119.76,3.0300,3.71,333.65,7.749022e-04
2616,33.7458,140.00,34.90,35.0000,24.3141,10.6859,600.0000,34.77,119.76,3.0300,4.01,333.63,7.750730e-04
2617,33.6860,140.00,35.18,35.0000,24.3141,10.6859,600.0000,35.28,119.76,3.0300,0.00,333.62,7.752438e-04
2618,33.6987,140.00,35.63,35.0000,24.3141,10.6859,600.0000,35.77,119.76,3.0300,0.00,333.60,7.754146e-04
2619,33.6230,140.00,36.28,35.0000,24.3141,10.6859,600.0000,36.18,119.76,3.0300,3.80,333.58,7.755853e-04
2620,33.5129,140.00,36.53,35.0000,24.3141,10.6859,600.0000,36.50,119.76,3.0300,3.21,333.56,7.757560e-04
2621,33.5045,140.00,36.68,35.0000,24.3141,10.6859,600.0000,36.69,119.76,3.0300,0.00,333.54,7.759267e-04
2622,33.5653,140.00,36.90,35.0000,24.3141,10.6859,600.0000,36.76,119.76,3.0300,4.06,333.52,7.760973e-04
2623,33.2753,140.00,36.73,35.0000,24.3141,10.6859,600.0000,36.69,119.76,3.0300,3.14,333.50,7.762680e-04
2624,33.7310,140.00,36.58,35.0000,24.3141,10.6859,600.0000,36.49,119.76,3.0300,3.72,333.48,7.764386e-04
2625,33.9404,140.00,36.22,35.0000,24.3141,10.6859,600.0000,36.17,119.76,3.0300,3.30,333.46,7.766091e-04
2626,33.8043,140.00,35.69,35.0000,24.3141,10.6859,600.0000,35.76,119.76,3.0300,0.00,333.44,7.767797e-04
2627,33.4189,140.00,35.22,35.0000,24.3141,10.6859,600.0000,35.27,119.76,3.0300,0.00,333.43,7.769502e-04
2628,33.5299,140.00,34.79,35.0000,24.3141,10.6859,600.0000,34.76,119.76,3.0300,3.22,333.41,7.771207e-04
2629,33.4640,140.00,34.15,35.0000,24.3141,10.6859,600.0000,34.24,119.76,3.0300,0.00,333.39,7.772912e-04
2630,33.8439,140.00,33.86,35.0000,24.3141,10.6859,600.0000,33.75,119.76,3.0300,3.83,333.37,7.774617e-04
2631,33.3893,140.00,33.45,35.0000,24.3141,10.6859,600.0000,33.34,119.76,3.0300,3.90,333.35,7.776321e-04
2632,33.1764,140.00,32.88,35.0000,24.3141,10.6859,600.0000,33.02,119.76,3.0300,0.00,333.33,7.778025e-04
2633,33.9735,140.00,32.84,35.0000,24.3141,10.6859,600.0000,32.82,119.76,3.0300,3.03,333.31,7.779729e-04
2634,33.7145,140.00,32.82,35.0000,24.3141,10.6859,600.0000,32.75,119.76,3.0300,3.56,333.29,7.781433e-04
2635,33.3850,140.00,32.67,35.0000,24.3141,10.6859,600.0000,32.82,119.76,3.0300,0.00,333.27,7.783136e-04
2636,33.7516,140.00,32.94,35.0000,24.3141,10.6859,600.0000,33.01,119.76,3.0300,0.00,333.25,7.784839e-04
2637,33.0447,140.00,33.15,35.0000,24.3141,10.6859,600.0000,33.33,119.76,3.0300,0.00,333.24,7.786542e-04
2638,33.6944,140.00,33.63,35.0000,24.3141,10.6859,600.0000,33.74,119.76,3.0300,0.00,333.22,7.788245e-04
2639,33.6098,140.00,34.29,35.0000,24.3141,10.6859,600.0000,34.23,119.76,3.0300,3.53,333.20,7.789947e-04
2640,33.5990,140.00,34.71,35.0000,24.3141,10.6859,600.0000,34.74,119.76,3.0300,0.00,333.18,7.791649e-04
2641,33.5221,140.00,35.21,35.0000,24.3141,10.6859,600.0000,35.26,119.76,3.0300,0.00,333.16,7.793351e-04
2642,32.9769,140.00,62.53,35.0000,24.3141,10.6859,600.0000,35.74,119.76,3.0300,23.36,333.14,7.795053e-04
2643,33.4304,140.00,36.01,35.0000,24.3141,10.6859,600.0000,36.15,119.76,3.0300,0.00,333.12,7.796754e-04
2644,33.0293,140.00,36.76,35.0000,24.3141,10.6859,600.0000,36.47,119.76,3.0300,4.69,333.10,7.798455e-04
2645,33.7816,140.00,36.63,35.0000,24.3141,10.6859,600.0000,36.67,119.76,3.0300,0.00,333.08,7.800156e-04
2646,33.1251,140.00,36.76,35.0000,24.3141,10.6859,600.0000,36.73,119.76,3.0300,3.00,333.07,7.801857e-04
2647,33.6007,140.00,36.63,35.0000,24.3141,10.6859,600.0000,36.67,119.76,3.0300,0.00,333.05,7.803557e-04
2648,32.9966,140.00,36.66,35.0000,24.3141,10.6859,600.0000,36.46,119.76,3.0300,4.32,333.03,7.805258e-04
2649,33.5078,140.00,36.22,35.0000,24.3141,10.6859,600.0000,36.15,119.76,3.0300,3.60,333.01,7.806958e-04
2650,32.9779,140.00,62.52,35.0000,24.3141,10.6859,600.0000,35.73,119.76,3.0300,23.36,332.99,7.808657e-04
2651,33.0332,140.00,35.22,35.0000,24.3141,10.6859,600.0000,35.25,119.76,3.0300,0.00,332.97,7.810357e-04
2652,33.4702,140.00,34.60,35.0000,24.3141,10.6859,600.0000,34.73,119.76,3.0300,0.00,332.95,7.812056e-04
2653,33.3863,140.00,34.21,35.0000,24.3141,10.6859,600.0000,34.21,119.76,3.0300,0.00,332.93,7.813755e-04
2654,33.3240,140.00,33.60,35.0000,24.3141,10.6859,600.0000,33.73,119.76,3.0300,0.00,332.92,7.815454e-04
2655,33.0487,140.00,33.14,35.0000,24.3141,10.6859,600.0000,33.31,119.76,3.0300,0.00,332.90,7.817152e-04
2656,33.3114,140.00,32.92,35.0000,24.3141,10.6859,600.0000,32.99,119.76,3.0300,0.00,332.88,7.818851e-04
2657,33.1659,140.00,32.65,35.0000,24.3141,10.6859,600.0000,32.79,119.76,3.0300,0.00,332.86,7.820549e-04
2658,33.6599,140.00,32.87,35.0000,24.3141,10.6859,600.0000,32.72,119.76,3.0300,4.10,332.84,7.822247e-04
2659,33.4998,140.00,32.71,35.0000,24.3141,10.6859,600.0000,32.79,119.76,3.0300,0.00,332.82,7.823944e-04
2660,32.9313,140.00,32.95,35.0000,24.3141,10.6859,600.0000,32.99,119.76,3.0300,0.00,332.80,7.825642e-04
2661,33.3872,140.00,33.11,35.0000,24.3141,10.6859,600.0000,33.30,119.76,3.0300,0.00,332.78,7.827339e-04
2662,33.1876,140.00,33.53,35.0000,24.3141,10.6859,600.0000,33.72,119.76,3.0300,0.00,332.76,7.829036e-04
2663,33.7276,140.00,34.36,35.0000,24.3141,10.6859,600.0000,34.20,119.76,3.0300,4.15,332.75,7.830732e-04
2664,33.0425,140.00,34.79,35.0000,24.3141,10.6859,600.0000,34.71,119.76,3.0300,3.62,332.73,7.832429e-04
2665,33.1434,140.00,35.10,35.0000,24.3141,10.6859,600.0000,35.23,119.76,3.0300,0.00,332.71,7.834125e-04
2666,33.4688,140.00,35.74,35.0000,24.3141,10.6859,600.0000,35.71,119.76,3.0300,3.07,332.69,7.835821e-04
2667,32.8515,140.00,35.96,35.0000,24.3141,10.6859,600.0000,36.12,119.76,3.0300,0.00,332.67,7.837516e-04
2668,33.7601,140.00,36.62,35.0000,24.3141,10.6859,600.0000,36.44,119.76,3.0300,4.24,332.65,7.839212e-04
2669,33.5701,140.00,36.52,35.0000,24.3141,10.6859,600.0000,36.64,119.76,3.0300,0.00,332.63,7.840907e-04
2670,33.5336,140.00,36.77,35.0000,24.3141,10.6859,600.0000,36.71,119.76,3.0300,3.50,332.61,7.842602e-04
2671,33.0379,140.00,36.43,35.0000,24.3141,10.6859,600.0000,36.64,119.76,3.0300,0.00,332.60,7.844297e-04
2672,33.3244,140.00,36.28,35.0000,24.3141,10.6859,600.0000,36.44,119.76,3.0300,0.00,332.58,7.845991e-04
2673,33.2616,140.00,36.20,35.0000,24.3141,10.6859,600.0000,36.12,119.76,3.0300,3.64,332.56,7.847686e-04
2674,33.4716,140.00,35.74,35.0000,24.3141,10.6859,600.0000,35.70,119.76,3.0300,3.21,332.54,7.849380e-04
2675,33.4661,140.00,35.31,35.0000,24.3141,10.6859,600.0000,35.22,119.76,3.0300,3.72,332.52,7.851074e-04
2676,33.2880,140.00,34.68,35.0000,24.3141,10.6859,600.0000,34.70,119.76,3.0300,0.00,332.50,7.852767e-04
2677,33.1604,140.00,34.24,35.0000,24.3141,10.6859,600.0000,34.18,119.76,3.0300,3.43,332.48,7.854461e-04
2678,33.5233,140.00,33.86,35.0000,24.3141,10.6859,600.0000,33.70,119.76,3.0300,4.15,332.46,7.856154e-04
2679,33.7721,140.00,33.24,35.0000,24.3141,10.6859,600.0000,33.28,119.76,3.0300,0.00,332.45,7.857847e-04
2680,32.8778,140.00,33.30,35.0000,24.3141,10.6859,600.0000,32.96,119.76,3.0300,4.85,332.43,7.859539e-04
2681,33.6286,140.00,32.81,35.0000,24.3141,10.6859,600.0000,32.76,119.76,3.0300,3.38,332.41,7.861232e-04
2682,33.4502,140.00,32.76,35.0000,24.3141,10.6859,600.0000,32.69,119.76,3.0300,3.54,332.39,7.862924e-04
2683,32.9171,140.00,32.71,35.0000,24.3141,10.6859,600.0000,32.76,119.76,3.0300,0.00,332.37,7.864616e-04
2684,33.5104,140.00,32.89,35.0000,24.3141,10.6859,600.0000,32.96,119.76,3.0300,0.00,332.35,7.866308e-04
2685,33.4985,140.00,33.41,35.0000,24.3141,10.6859,600.0000,33.27,119.76,3.0300,4.04,332.33,7.867999e-04
2686,33.7037,140.00,33.61,35.0000,24.3141,10.6859,600.0000,33.69,119.76,3.0300,0.00,332.32,7.869690e-04
2687,33.7461,140.00,34.15,35.0000,24.3141,10.6859,600.0000,34.17,119.76,3.0300,0.00,332.30,7.871381e-04
2688,33.2007,140.00,34.79,35.0000,24.3141,10.6859,600.0000,34.68,119.76,3.0300,3.84,332.28,7.873072e-04
2689,33.0771,140.00,35.31,35.0000,24.3141,10.6859,600.0000,35.20,119.76,3.0300,3.86,332.26,7.874763e-04
2690,32.8560,140.00,35.59,35.0000,24.3141,10.6859,600.0000,35.68,119.76,3.0300,0.00,332.24,7.876453e-04
2691,33.3628,140.00,36.10,35.0000,24.3141,10.6859,600.0000,36.09,119.76,3.0300,1.91,332.22,7.878143e-04
2692,33.3212,140.00,36.25,35.0000,24.3141,10.6859,600.0000,36.41,119.76,3.0300,0.00,332.20,7.879833e-04
2693,33.5086,140.00,36.62,35.0000,24.3141,10.6859,600.0000,36.61,119.76,3.0300,2.60,332.18,7.881523e-04
2694,33.3874,140.00,36.66,35.0000,24.3141,10.6859,600.0000,36.68,119.76,3.0300,0.00,332.17,7.883212e-04
2695,33.0249,140.00,36.37,35.0000,24.3141,10.6859,600.0000,36.61,119.76,3.0300,0.00,332.15,7.884902e-04
2696,32.8376,140.00,63.08,35.0000,24.3141,10.6859,600.0000,36.41,119.76,3.0300,23.31,332.13,7.886591e-04
2697,32.9233,140.00,62.82,35.0000,24.3141,10.6859,600.0000,36.09,119.76,3.0300,23.33,332.11,7.888279e-04
2698,33.6990,140.00,35.55,35.0000,24.3141,10.6859,600.0000,35.67,119.76,3.0300,0.00,332.09,7.889968e-04
2699,33.7395,140.00,35.25,35.0000,24.3141,10.6859,600.0000,35.19,119.76,3.0300,3.45,332.07,7.891656e-04
2700,32.8538,140.00,34.71,35.0000,24.3141,10.6859,600.0000,34.67,119.76,3.0300,3.25,332.05,7.893344e-04
2701,33.3760,140.00,34.12,35.0000,24.3141,10.6859,600.0000,34.15,119.76,3.0300,0.00,332.04,7.895032e-04
2702,33.0319,140.00,33.41,35.0000,24.3141,10.6859,600.0000,33.67,119.76,3.0300,0.00,332.02,7.896720e-04
2703,33.1771,140.00,33.48,35.0000,24.3141,10.6859,600.0000,33.25,119.76,3.0300,4.45,332.00,7.898407e-04
2704,33.7071,140.00,32.96,35.0000,24.3141,10.6859,600.0000,32.93,119.76,3.0300,3.04,331.98,7.900095e-04
2705,33.7057,140.00,32.78,35.0000,24.3141,10.6859,600.0000,32.73,119.76,3.0300,3.33,331.96,7.901782e-04
2706,32.9044,140.00,32.59,35.0000,24.3141,10.6859,600.0000,32.66,119.76,3.0300,0.00,331.94,7.903468e-04
2707,33.5171,140.00,32.71,35.0000,24.3141,10.6859,600.0000,32.73,119.76,3.0300,0.00,331.92,7.905155e-04
2708,32.9933,140.00,33.09,35.0000,24.3141,10.6859,600.0000,32.93,119.76,3.0300,4.16,331.91,7.906841e-04
2709,32.8322,140.00,33.40,35.0000,24.3141,10.6859,600.0000,33.24,119.76,3.0300,4.16,331.89,7.908527e-04
2710,32.8872,140.00,33.93,35.0000,24.3141,10.6859,600.0000,33.66,119.76,3.0300,4.64,331.87,7.910213e-04
2711,32.9818,140.00,61.19,35.0000,24.3141,10.6859,600.0000,34.14,119.76,3.0300,23.48,331.85,7.911899e-04
2712,32.7955,140.00,61.62,35.0000,24.3141,10.6859,600.0000,34.65,119.76,3.0300,23.44,331.83,7.913584e-04
2713,33.1404,140.00,35.04,35.0000,24.3141,10.6859,600.0000,35.17,119.76,3.0300,0.00,331.81,7.915269e-04
2714,33.1209,140.00,35.82,35.0000,24.3141,10.6859,600.0000,35.65,119.76,3.0300,4.21,331.79,7.916954e-04
2715,33.7433,140.00,36.25,35.0000,24.3141,10.6859,600.0000,36.06,119.76,3.0300,4.29,331.78,7.918639e-04
2716,32.9897,140.00,36.57,35.0000,24.3141,10.6859,600.0000,36.38,119.76,3.0300,4.29,331.76,7.920324e-04
2717,33.5637,140.00,36.75,35.0000,24.3141,10.6859,600.0000,36.58,119.76,3.0300,4.18,331.74,7.922008e-04
2718,33.0536,140.00,36.48,35.0000,24.3141,10.6859,600.0000,36.65,119.76,3.0300,0.00,331.72,7.923692e-04
2719,33.1098,140.00,36.58,35.0000,24.3141,10.6859,600.0000,36.58,119.76,3.0300,2.41,331.70,7.925376e-04
2720,32.9571,140.00,36.47,35.0000,24.3141,10.6859,600.0000,36.38,119.76,3.0300,3.78,331.68,7.927059e-04
2721,33.6529,140.00,35.99,35.0000,24.3141,10.6859,600.0000,36.06,119.76,3.0300,0.00,331.66,7.928743e-04
2722,33.4831,140.00,35.42,35.0000,24.3141,10.6859,600.0000,35.64,119.76,3.0300,0.00,331.65,7.930426e-04
2723,33.7167,140.00,35.15,35.0000,24.3141,10.6859,600.0000,35.16,119.76,3.0300,0.00,331.63,7.932109e-04
2724,32.9265,140.00,61.61,35.0000,24.3141,10.6859,600.0000,34.64,119.76,3.0300,23.44,331.61,7.933792e-04
2725,33.6481,140.00,34.06,35.0000,24.3141,10.6859,600.0000,34.12,119.76,3.0300,0.00,331.59,7.935474e-04
2726,33.6375,140.00,33.61,35.0000,24.3141,10.6859,600.0000,33.64,119.76,3.0300,0.00,331.57,7.937157e-04
2727,33.4149,140.00,33.43,35.0000,24.3141,10.6859,600.0000,33.22,119.76,3.0300,4.37,331.55,7.938839e-04
2728,33.1790,140.00,32.79,35.0000,24.3141,10.6859,600.0000,32.90,119.76,3.0300,0.00,331.53,7.940521e-04
2729,33.3154,140.00,32.67,35.0000,24.3141,10.6859,600.0000,32.70,119.76,3.0300,0.00,331.52,7.942202e-04
2730,33.0540,140.00,32.56,35.0000,24.3141,10.6859,600.0000,32.63,119.76,3.0300,0.00,331.50,7.943884e-04
2731,32.8633,140.00,33.02,35.0000,24.3141,10.6859,600.0000,32.70,119.76,3.0300,4.82,331.48,7.945565e-04
2732,32.9219,140.00,32.84,35.0000,24.3141,10.6859,600.0000,32.89,119.76,3.0300,0.00,331.46,7.947246e-04
2733,33.5386,140.00,33.20,35.0000,24.3141,10.6859,600.0000,33.21,119.76,3.0300,0.00,331.44,7.948927e-04
2734,33.2182,140.00,33.54,35.0000,24.3141,10.6859,600.0000,33.62,119.76,3.0300,0.00,331.42,7.950607e-04
2735,33.8076,140.00,34.06,35.0000,24.3141,10.6859,600.0000,34.11,119.76,3.0300,0.00,331.41,7.952288e-04
2736,33.5672,140.00,34.79,35.0000,24.3141,10.6859,600.0000,34.62,119.76,3.0300,4.17,331.39,7.953968e-04
2737,32.9726,140.00,62.02,35.0000,24.3141,10.6859,600.0000,35.14,119.76,3.0300,23.40,331.37,7.955648e-04
2738,33.4975,140.00,35.74,35.0000,24.3141,10.6859,600.0000,35.62,119.76,3.0300,3.94,331.35,7.957327e-04
2739,33.3211,140.00,35.92,35.0000,24.3141,10.6859,600.0000,36.03,119.76,3.0300,0.00,331.33,7.959007e-04
2740,33.6181,140.00,36.41,35.0000,24.3141,10.6859,600.0000,36.35,119.76,3.0300,3.48,331.31,7.960686e-04
2741,33.1811,140.00,36.34,35.0000,24.3141,10.6859,600.0000,36.55,119.76,3.0300,0.00,331.29,7.962365e-04
2742,33.2842,140.00,36.68,35.0000,24.3141,10.6859,600.0000,36.61,119.76,3.0300,3.55,331.28,7.964044e-04
2743,32.9946,140.00,63.20,35.0000,24.3141,10.6859,600.0000,36.54,119.76,3.0300,23.30,331.26,7.965723e-04
2744,33.1222,140.00,36.42,35.0000,24.3141,10.6859,600.0000,36.34,119.76,3.0300,3.60,331.24,7.967401e-04
2745,33.6535,140.00,36.23,35.0000,24.3141,10.6859,600.0000,36.02,119.76,3.0300,4.38,331.22,7.969079e-04
2746,33.0993,140.00,35.72,35.0000,24.3141,10.6859,600.0000,35.61,119.76,3.0300,3.90,331.20,7.970757e-04
2747,33.4946,140.00,35.31,35.0000,24.3141,10.6859,600.0000,35.12,119.76,3.0300,4.27,331.18,7.972435e-04
2748,32.9780,140.00,34.51,35.0000,24.3141,10.6859,600.0000,34.60,119.76,3.0300,0.00,331.17,7.974113e-04
2749,32.9581,140.00,61.15,35.0000,24.3141,10.6859,600.0000,34.09,119.76,3.0300,23.49,331.15,7.975790e-04
2750,33.4402,140.00,33.53,35.0000,24.3141,10.6859,600.0000,33.60,119.76,3.0300,0.00,331.13,7.977467e-04
2751,33.6918,140.00,33.14,35.0000,24.3141,10.6859,600.0000,33.19,119.76,3.0300,0.00,331.11,7.979144e-04
2752,33.5704,140.00,32.99,35.0000,24.3141,10.6859,600.0000,32.87,119.76,3.0300,3.95,331.09,7.980821e-04
2753,33.4076,140.00,32.61,35.0000,24.3141,10.6859,600.0000,32.67,119.76,3.0300,0.00,331.07,7.982497e-04
2754,33.1027,140.00,32.68,35.0000,24.3141,10.6859,600.0000,32.60,119.76,3.0300,3.67,331.06,7.984174e-04
2755,32.9591,140.00,32.75,35.0000,24.3141,10.6859,600.0000,32.66,119.76,3.0300,3.72,331.04,7.985850e-04
2756,33.4601,140.00,32.94,35.0000,24.3141,10.6859,600.0000,32.86,119.76,3.0300,3.62,331.02,7.987526e-04
2757,33.0237,140.00,32.95,35.0000,24.3141,10.6859,600.0000,33.18,119.76,3.0300,0.00,331.00,7.989201e-04
2758,33.9262,140.00,33.56,35.0000,24.3141,10.6859,600.0000,33.59,119.76,3.0300,0.00,330.98,7.990877e-04
2759,32.9946,140.00,34.09,35.0000,24.3141,10.6859,600.0000,34.07,119.76,3.0300,2.93,330.96,7.992552e-04
2760,33.4743,140.00,34.49,35.0000,24.3141,10.6859,600.0000,34.59,119.76,3.0300,0.00,330.95,7.994227e-04
2761,33.0416,140.00,35.12,35.0000,24.3141,10.6859,600.0000,35.10,119.76,3.0300,2.93,330.93,7.995902e-04
2762,33.9480,140.00,35.54,35.0000,24.3141,10.6859,600.0000,35.59,119.76,3.0300,0.00,330.91,7.997577e-04
2763,33.5607,140.00,35.95,35.0000,24.3141,10.6859,600.0000,36.00,119.76,3.0300,0.00,330.89,7.999251e-04
2764,33.7601,140.00,36.27,35.0000,24.3141,10.6859,600.0000,36.31,119.76,3.0300,0.00,330.87,8.000925e-04
2765,33.4029,140.00,36.56,35.0000,24.3141,10.6859,600.0000,36.51,119.76,3.0300,3.38,330.85,8.002599e-04
2766,33.3245,140.00,36.40,35.0000,24.3141,10.6859,600.0000,36.58,119.76,3.0300,0.00,330.84,8.004273e-04
2767,33.5796,140.00,36.44,35.0000,24.3141,10.6859,600.0000,36.51,119.76,3.0300,0.00,330.82,8.005947e-04
2768,33.3990,140.00,36.38,35.0000,24.3141,10.6859,600.0000,36.31,119.76,3.0300,3.57,330.80,8.007620e-04
2769,33.8153,140.00,35.92,35.0000,24.3141,10.6859,600.0000,35.99,119.76,3.0300,0.00,330.78,8.009293e-04
2770,33.5819,140.00,35.65,35.0000,24.3141,10.6859,600.0000,35.57,119.76,3.0300,3.58,330.76,8.010966e-04
2771,33.0773,140.00,35.22,35.0000,24.3141,10.6859,600.0000,35.09,119.76,3.0300,3.96,330.74,8.012639e-04
2772,33.1209,140.00,34.90,35.0000,24.3141,10.6859,600.0000,34.57,119.76,3.0300,4.82,330.73,8.014311e-04
2773,34.0708,140.00,34.04,35.0000,24.3141,10.6859,600.0000,34.05,119.76,3.0300,0.00,330.71,8.015984e-04
2774,33.1926,140.00,33.41,35.0000,24.3141,10.6859,600.0000,33.57,119.76,3.0300,0.00,330.69,8.017656e-04
2775,33.6280,140.00,33.15,35.0000,24.3141,10.6859,600.0000,33.15,119.76,3.0300,2.24,330.67,8.019328e-04
2776,33.1978,140.00,32.78,35.0000,24.3141,10.6859,600.0000,32.83,119.76,3.0300,0.00,330.65,8.020999e-04
2777,33.3205,140.00,32.63,35.0000,24.3141,10.6859,600.0000,32.63,119.76,3.0300,0.00,330.63,8.022671e-04
2778,34.0448,140.00,32.66,35.0000,24.3141,10.6859,600.0000,32.56,119.76,3.0300,3.76,330.62,8.024342e-04
2779,33.6063,140.00,32.63,35.0000,24.3141,10.6859,600.0000,32.63,119.76,3.0300,2.09,330.60,8.026013e-04
2780,33.2394,140.00,32.90,35.0000,24.3141,10.6859,600.0000,32.83,119.76,3.0300,3.62,330.58,8.027684e-04
2781,33.5582,140.00,33.20,35.0000,24.3141,10.6859,600.0000,33.14,119.76,3.0300,3.40,330.56,8.029355e-04
2782,33.2402,140.00,33.54,35.0000,24.3141,10.6859,600.0000,33.56,119.76,3.0300,0.00,330.54,8.031025e-04
2783,33.2696,140.00,34.05,35.0000,24.3141,10.6859,600.0000,34.04,119.76,3.0300,2.80,330.52,8.032695e-04
2784,33.6103,140.00,34.58,35.0000,24.3141,10.6859,600.0000,34.55,119.76,3.0300,3.00,330.51,8.034366e-04
2785,33.2673,140.00,34.94,35.0000,24.3141,10.6859,600.0000,35.07,119.76,3.0300,0.00,330.49,8.036035e-04
2786,33.8652,140.00,35.47,35.0000,24.3141,10.6859,600.0000,35.55,119.76,3.0300,0.00,330.47,8.037705e-04
2787,33.4303,140.00,36.17,35.0000,24.3141,10.6859,600.0000,35.96,119.76,3.0300,4.39,330.45,8.039374e-04
2788,34.1634,140.00,36.22,35.0000,24.3141,10.6859,600.0000,36.28,119.76,3.0300,0.00,330.43,8.041044e-04
2789,33.6928,140.00,36.46,35.0000,24.3141,10.6859,600.0000,36.48,119.76,3.0300,0.00,330.42,8.042713e-04
2790,33.3720,140.00,36.50,35.0000,24.3141,10.6859,600.0000,36.54,119.76,3.0300,0.00,330.40,8.044382e-04
2791,34.1447,140.00,36.49,35.0000,24.3141,10.6859,600.0000,36.47,119.76,3.0300,2.87,330.38,8.046050e-04
2792,34.1875,140.00,36.28,35.0000,24.3141,10.6859,600.0000,36.27,119.76,3.0300,2.36,330.36,8.047719e-04
2793,33.5268,140.00,36.11,35.0000,24.3141,10.6859,600.0000,35.95,119.76,3.0300,4.13,330.34,8.049387e-04
2794,33.4374,140.00,35.50,35.0000,24.3141,10.6859,600.0000,35.54,119.76,3.0300,0.00,330.32,8.051055e-04
2795,34.2082,140.00,35.14,35.0000,24.3141,10.6859,600.0000,35.05,119.76,3.0300,3.65,330.31,8.052723e-04
2796,34.1410,140.00,34.50,35.0000,24.3141,10.6859,600.0000,34.54,119.76,3.0300,0.00,330.29,8.054390e-04
2797,33.5423,140.00,34.19,35.0000,24.3141,10.6859,600.0000,34.02,119.76,3.0300,4.22,330.27,8.056058e-04
2798,34.0769,140.00,33.60,35.0000,24.3141,10.6859,600.0000,33.53,119.76,3.0300,3.55,330.25,8.057725e-04
2799,33.6608,140.00,33.22,35.0000,24.3141,10.6859,600.0000,33.12,119.76,3.0300,3.82,330.23,8.059392e-04
2800,33.5807,140.00,32.96,35.0000,24.3141,10.6859,600.0000,32.80,119.76,3.0300,4.17,330.22,8.061059e-04
2801,34.3813,140.00,32.68,35.0000,24.3141,10.6859,600.0000,32.60,119.76,3.0300,3.66,330.20,8.062726e-04
2802,33.6719,140.00,32.50,35.0000,24.3141,10.6859,600.0000,32.53,119.76,3.0300,0.00,330.18,8.064392e-04
2803,34.2908,140.00,32.66,35.0000,24.3141,10.6859,600.0000,32.59,119.76,3.0300,3.57,330.16,8.066058e-04
2804,33.9153,140.00,32.83,35.0000,24.3141,10.6859,600.0000,32.79,119.76,3.0300,3.24,330.14,8.067724e-04
2805,34.0048,140.00,33.19,35.0000,24.3141,10.6859,600.0000,33.11,119.76,3.0300,3.66,330.12,8.069390e-04
2806,33.4806,140.00,33.58,35.0000,24.3141,10.6859,600.0000,33.52,119.76,3.0300,3.43,330.11,8.071056e-04
2807,33.4906,140.00,34.02,35.0000,24.3141,10.6859,600.0000,34.00,119.76,3.0300,3.00,330.09,8.072721e-04
2808,34.4146,140.00,34.57,35.0000,24.3141,10.6859,600.0000,34.52,119.76,3.0300,3.41,330.07,8.074386e-04
2809,34.4779,140.00,34.96,35.0000,24.3141,10.6859,600.0000,35.03,119.76,3.0300,0.00,330.05,8.076051e-04
2810,34.3803,140.00,35.59,35.0000,24.3141,10.6859,600.0000,35.51,119.76,3.0300,3.59,330.03,8.077716e-04
2811,34.3839,140.00,35.95,35.0000,24.3141,10.6859,600.0000,35.93,119.76,3.0300,3.00,330.02,8.079381e-04
2812,34.0043,140.00,36.26,35.0000,24.3141,10.6859,600.0000,36.24,119.76,3.0300,2.87,330.00,8.081045e-04
2813,34.0576,140.00,36.39,35.0000,24.3141,10.6859,600.0000,36.44,119.76,3.0300,0.00,329.98,8.082710e-04
2814,33.9285,140.00,36.47,35.0000,24.3141,10.6859,600.0000,36.51,119.76,3.0300,0.00,329.96,8.084374e-04
2815,34.4038,140.00,36.44,35.0000,24.3141,10.6859,600.0000,36.44,119.76,3.0300,2.29,329.94,8.086038e-04
2816,34.3353,140.00,36.21,35.0000,24.3141,10.6859,600.0000,36.24,119.76,3.0300,0.00,329.92,8.087701e-04
2817,34.3323,140.00,35.93,35.0000,24.3141,10.6859,600.0000,35.92,119.76,3.0300,2.84,329.91,8.089365e-04
2818,33.7385,140.00,35.51,35.0000,24.3141,10.6859,600.0000,35.50,119.76,3.0300,2.70,329.89,8.091028e-04
2819,33.6429,140.00,35.07,35.0000,24.3141,10.6859,600.0000,35.02,119.76,3.0300,3.41,329.87,8.092691e-04
2820,34.5474,140.00,34.58,35.0000,24.3141,10.6859,600.0000,34.50,119.76,3.0300,3.67,329.85,8.094354e-04
2821,33.7874,140.00,33.89,35.0000,24.3141,10.6859,600.0000,33.98,119.76,3.0300,0.00,329.83,8.096017e-04
2822,34.0931,140.00,33.45,35.0000,24.3141,10.6859,600.0000,33.50,119.76,3.0300,0.00,329.82,8.097679e-04
2823,34.2938,140.00,33.10,35.0000,24.3141,10.6859,600.0000,33.08,119.76,3.0300,2.94,329.80,8.099341e-04
2824,34.5208,140.00,32.78,35.0000,24.3141,10.6859,600.0000,32.76,119.76,3.0300,2.81,329.78,8.101003e-04
2825,33.7833,140.00,32.64,35.0000,24.3141,10.6859,600.0000,32.56,119.76,3.0300,3.62,329.76,8.102665e-04
2826,33.9203,140.00,32.58,35.0000,24.3141,10.6859,600.0000,32.49,119.76,3.0300,3.73,329.74,8.104327e-04
2827,34.6158,140.00,32.57,35.0000,24.3141,10.6859,600.0000,32.56,119.76,3.0300,2.78,329.73,8.105989e-04
2828,34.5018,140.00,32.71,35.0000,24.3141,10.6859,600.0000,32.75,119.76,3.0300,0.00,329.71,8.107650e-04
2829,34.0549,140.00,33.13,35.0000,24.3141,10.6859,600.0000,33.07,119.76,3.0300,3.49,329.69,8.109311e-04
2830,33.9778,140.00,33.44,35.0000,24.3141,10.6859,600.0000,33.48,119.76,3.0300,0.00,329.67,8.110972e-04
2831,34.0589,140.00,33.92,35.0000,24.3141,10.6859,600.0000,33.96,119.76,3.0300,0.00,329.65,8.112633e-04
2832,34.6002,140.00,34.50,35.0000,24.3141,10.6859,600.0000,34.48,119.76,3.0300,2.97,329.64,8.114293e-04
2833,33.9673,140.00,35.09,35.0000,24.3141,10.6859,600.0000,35.00,119.76,3.0300,3.74,329.62,8.115954e-04
2834,34.3958,140.00,35.47,35.0000,24.3141,10.6859,600.0000,35.48,119.76,3.0300,0.00,329.60,8.117614e-04
2835,33.9980,140.00,35.94,35.0000,24.3141,10.6859,600.0000,35.89,119.76,3.0300,3.38,329.58,8.119274e-04
2836,34.5087,140.00,36.16,35.0000,24.3141,10.6859,600.0000,36.20,119.76,3.0300,0.00,329.56,8.120933e-04
2837,34.5640,140.00,36.37,35.0000,24.3141,10.6859,600.0000,36.40,119.76,3.0300,0.00,329.55,8.122593e-04
2838,34.0711,140.00,36.46,35.0000,24.3141,10.6859,600.0000,36.47,119.76,3.0300,0.00,329.53,8.124252e-04
2839,34.8623,140.00,36.41,35.0000,24.3141,10.6859,600.0000,36.40,119.76,3.0300,2.48,329.51,8.125912e-04
2840,34.1653,140.00,36.15,35.0000,24.3141,10.6859,600.0000,36.20,119.76,3.0300,0.00,329.49,8.127571e-04
2841,34.1026,140.00,35.87,35.0000,24.3141,10.6859,600.0000,35.88,119.76,3.0300,0.00,329.47,8.129229e-04
2842,33.9658,140.00,35.49,35.0000,24.3141,10.6859,600.0000,35.46,119.76,3.0300,2.98,329.46,8.130888e-04
2843,34.6355,140.00,34.93,35.0000,24.3141,10.6859,600.0000,34.98,119.76,3.0300,0.00,329.44,8.132546e-04
2844,34.3511,140.00,34.47,35.0000,24.3141,10.6859,600.0000,34.46,119.76,3.0300,2.57,329.42,8.134205e-04
2845,34.5517,140.00,33.90,35.0000,24.3141,10.6859,600.0000,33.94,119.76,3.0300,0.00,329.40,8.135863e-04
2846,34.2208,140.00,33.49,35.0000,24.3141,10.6859,600.0000,33.46,119.76,3.0300,3.18,329.38,8.137521e-04
2847,34.0213,140.00,33.01,35.0000,24.3141,10.6859,600.0000,33.04,119.76,3.0300,0.00,329.37,8.139178e-04
2848,34.7502,140.00,32.74,35.0000,24.3141,10.6859,600.0000,32.72,119.76,3.0300,2.94,329.35,8.140836e-04
2849,34.3351,140.00,32.60,35.0000,24.3141,10.6859,600.0000,32.52,119.76,3.0300,3.65,329.33,8.142493e-04
2850,34.6939,140.00,32.43,35.0000,24.3141,10.6859,600.0000,32.45,119.76,3.0300,0.00,329.31,8.144150e-04
2851,34.6923,140.00,32.57,35.0000,24.3141,10.6859,600.0000,32.52,119.76,3.0300,3.41,329.29,8.145807e-04
2852,34.7002,140.00,32.77,35.0000,24.3141,10.6859,600.0000,32.71,119.76,3.0300,3.40,329.28,8.147464e-04
2853,34.7253,140.00,33.03,35.0000,24.3141,10.6859,600.0000,33.03,119.76,3.0300,0.00,329.26,8.149120e-04
2854,34.6721,140.00,33.42,35.0000,24.3141,10.6859,600.0000,33.44,119.76,3.0300,0.00,329.24,8.150777e-04
2855,34.2101,140.00,33.87,35.0000,24.3141,10.6859,600.0000,33.92,119.76,3.0300,0.00,329.22,8.152433e-04
2856,34.7950,140.00,34.45,35.0000,24.3141,10.6859,600.0000,34.44,119.76,3.0300,2.78,329.20,8.154089e-04
2857,34.1688,140.00,34.94,35.0000,24.3141,10.6859,600.0000,34.96,119.76,3.0300,0.00,329.19,8.155745e-04
2858,35.1388,140.00,35.45,35.0000,24.3141,10.6859,600.0000,35.44,119.76,3.0300,2.72,329.17,8.157400e-04
2859,34.9025,140.00,35.88,35.0000,24.3141,10.6859,600.0000,35.85,119.76,3.0300,3.11,329.15,8.159056e-04
2860,34.7940,140.00,36.20,35.0000,24.3141,10.6859,600.0000,36.17,119.76,3.0300,3.12,329.13,8.160711e-04
2861,34.8381,140.00,36.40,35.0000,24.3141,10.6859,600.0000,36.36,119.76,3.0300,3.14,329.11,8.162366e-04
2862,34.8096,140.00,36.46,35.0000,24.3141,10.6859,600.0000,36.43,119.76,3.0300,3.16,329.10,8.164021e-04
2863,34.8332,140.00,36.38,35.0000,24.3141,10.6859,600.0000,36.36,119.76,3.0300,2.91,329.08,8.165676e-04
2864,34.5830,140.00,36.22,35.0000,24.3141,10.6859,600.0000,36.16,119.76,3.0300,3.43,329.06,8.167330e-04
2865,34.8212,140.00,35.90,35.0000,24.3141,10.6859,600.0000,35.84,119.76,3.0300,3.50,329.04,8.168984e-04
2866,35.2523,140.00,35.44,35.0000,24.3141,10.6859,600.0000,35.42,119.76,3.0300,2.85,329.02,8.170639e-04
2867,34.5958,140.00,34.99,35.0000,24.3141,10.6859,600.0000,34.94,119.76,3.0300,3.37,329.01,8.172293e-04
2868,35.3025,140.00,34.43,35.0000,24.3141,10.6859,600.0000,34.42,119.76,3.0300,2.72,328.99,8.173946e-04
2869,35.1001,140.00,33.89,35.0000,24.3141,10.6859,600.0000,33.90,119.76,3.0300,0.00,328.97,8.175600e-04
2870,34.5371,140.00,33.40,35.0000,24.3141,10.6859,600.0000,33.42,119.76,3.0300,0.00,328.95,8.177253e-04
2871,35.1589,140.00,33.02,35.0000,24.3141,10.6859,600.0000,33.00,119.76,3.0300,2.93,328.94,8.178906e-04
2872,34.9362,140.00,32.69,35.0000,24.3141,10.6859,600.0000,32.68,119.76,3.0300,2.73,328.92,8.180559e-04
2873,35.1292,140.00,32.48,35.0000,24.3141,10.6859,600.0000,32.48,119.76,3.0300,0.00,328.90,8.182212e-04
2874,34.7874,140.00,32.41,35.0000,24.3141,10.6859,600.0000,32.41,119.76,3.0300,0.00,328.88,8.183865e-04
2875,35.1390,140.00,32.50,35.0000,24.3141,10.6859,600.0000,32.48,119.76,3.0300,3.07,328.86,8.185517e-04
2876,34.5390,140.00,32.75,35.0000,24.3141,10.6859,600.0000,32.67,119.76,3.0300,3.63,328.85,8.187170e-04
2877,35.0996,140.00,32.97,35.0000,24.3141,10.6859,600.0000,32.99,119.76,3.0300,0.00,328.83,8.188822e-04
2878,35.2125,140.00,33.41,35.0000,24.3141,10.6859,600.0000,33.40,119.76,3.0300,2.43,328.81,8.190474e-04
2879,34.5152,140.00,140.00,35.0000,35.0000,0.0000,600.0000,33.88,33.88,0.0000,106.12,328.79,8.192126e-04
2880,34.5534,140.00,34.41,35.0000,24.3141,10.6859,600.0000,34.40,119.76,3.0300,2.46,328.77,8.193777e-04
2881,34.8311,140.00,34.88,35.0000,24.3141,10.6859,600.0000,34.92,119.76,3.0300,0.00,328.76,8.195428e-04
2882,35.2737,140.00,35.42,35.0000,24.3141,10.6859,600.0000,35.40,119.76,3.0300,2.94,328.74,8.197080e-04
2883,35.5242,140.00,35.83,35.0000,24.3141,10.6859,600.0000,35.81,119.76,3.0300,2.90,328.72,8.198731e-04
2884,34.8487,140.00,36.14,35.0000,24.3141,10.6859,600.0000,36.13,119.76,3.0300,2.66,328.70,8.200381e-04
2885,34.9513,140.00,36.34,35.0000,24.3141,10.6859,600.0000,36.32,119.76,3.0300,2.75,328.69,8.202032e-04
2886,35.0803,140.00,36.37,35.0000,24.3141,10.6859,600.0000,36.39,119.76,3.0300,0.00,328.67,8.203683e-04
2887,35.4605,140.00,36.33,35.0000,24.3141,10.6859,600.0000,36.32,119.76,3.0300,2.79,328.65,8.205333e-04
2888,34.7791,140.00,36.12,35.0000,24.3141,10.6859,600.0000,36.12,119.76,3.0300,0.00,328.63,8.206983e-04
2889,34.7431,140.00,35.84,35.0000,24.3141,10.6859,600.0000,35.80,119.76,3.0300,3.22,328.61,8.208633e-04
2890,34.6784,140.00,35.40,35.0000,24.3141,10.6859,600.0000,35.38,119.76,3.0300,2.83,328.60,8.210283e-04
2891,34.8541,140.00,34.93,35.0000,24.3141,10.6859,600.0000,34.90,119.76,3.0300,3.13,328.58,8.211932e-04
2892,34.7777,140.00,34.35,35.0000,24.3141,10.6859,600.0000,34.38,119.76,3.0300,0.00,328.56,8.213582e-04
2893,35.6578,140.00,33.87,35.0000,24.3141,10.6859,600.0000,33.86,119.76,3.0300,2.72,328.54,8.215231e-04
2894,35.1179,140.00,33.42,35.0000,24.3141,10.6859,600.0000,33.38,119.76,3.0300,3.26,328.52,8.216880e-04
2895,35.2162,140.00,32.97,35.0000,24.3141,10.6859,600.0000,32.96,119.76,3.0300,2.78,328.51,8.218529e-04
2896,35.2185,140.00,32.64,35.0000,24.3141,10.6859,600.0000,32.64,119.76,3.0300,2.33,328.49,8.220177e-04
2897,34.8635,140.00,32.50,35.0000,24.3141,10.6859,600.0000,32.44,119.76,3.0300,3.43,328.47,8.221826e-04
2898,35.5524,140.00,32.39,35.0000,24.3141,10.6859,600.0000,32.37,119.76,3.0300,3.01,328.45,8.223474e-04
2899,34.8874,140.00,32.41,35.0000,24.3141,10.6859,600.0000,32.44,119.76,3.0300,0.00,328.44,8.225122e-04
2900,35.1235,140.00,32.60,35.0000,24.3141,10.6859,600.0000,32.63,119.76,3.0300,0.00,328.42,8.226770e-04
2901,35.2005,140.00,32.98,35.0000,24.3141,10.6859,600.0000,32.95,119.76,3.0300,3.07,328.40,8.228418e-04
2902,35.3416,140.00,33.36,35.0000,24.3141,10.6859,600.0000,33.36,119.76,3.0300,0.00,328.38,8.230066e-04
2903,35.4009,140.00,33.84,35.0000,24.3141,10.6859,600.0000,33.84,119.76,3.0300,2.07,328.36,8.231713e-04
2904,35.7964,140.00,34.39,35.0000,24.3141,10.6859,600.0000,34.36,119.76,3.0300,3.07,328.35,8.233360e-04
2905,35.5070,140.00,34.89,35.0000,24.3141,10.6859,600.0000,34.87,119.76,3.0300,2.75,328.33,8.235008e-04
2906,35.2912,140.00,35.37,35.0000,24.3141,10.6859,600.0000,35.36,119.76,3.0300,2.86,328.31,8.236654e-04
2907,34.9721,140.00,35.76,35.0000,24.3141,10.6859,600.0000,35.77,119.76,3.0300,0.00,328.29,8.238301e-04
2908,35.7909,140.00,36.11,35.0000,24.3141,10.6859,600.0000,36.08,119.76,3.0300,3.00,328.28,8.239948e-04
2909,35.6380,140.00,36.31,35.0000,24.3141,10.6859,600.0000,36.28,119.76,3.0300,3.08,328.26,8.241594e-04
2910,35.8005,140.00,36.36,35.0000,24.3141,10.6859,600.0000,36.35,119.76,3.0300,2.64,328.24,8.243240e-04
2911,35.7319,140.00,36.31,35.0000,24.3141,10.6859,600.0000,36.28,119.76,3.0300,3.11,328.22,8.244886e-04
2912,35.6158,140.00,36.08,35.0000,24.3141,10.6859,600.0000,36.08,119.76,3.0300,1.92,328.21,8.246532e-04
2913,35.3131,140.00,35.78,35.0000,24.3141,10.6859,600.0000,35.76,119.76,3.0300,2.90,328.19,8.248178e-04
2914,35.9481,140.00,35.34,35.0000,24.3141,10.6859,600.0000,35.34,119.76,3.0300,1.91,328.17,8.249823e-04
2915,35.2652,140.00,34.87,35.0000,24.3141,10.6859,600.0000,34.86,119.76,3.0300,2.83,328.15,8.251469e-04
2916,35.7252,140.00,34.36,35.0000,24.3141,10.6859,600.0000,34.34,119.76,3.0300,2.90,328.13,8.253114e-04
2917,35.8066,140.00,33.81,35.0000,24.3141,10.6859,600.0000,33.82,119.76,3.0300,0.00,328.12,8.254759e-04
2918,35.8466,140.00,33.36,35.0000,24.3141,10.6859,600.0000,33.33,119.76,3.0300,3.04,328.10,8.256404e-04
2919,35.9719,140.00,32.94,35.0000,24.3141,10.6859,600.0000,32.92,119.76,3.0300,2.94,328.08,8.258048e-04
2920,35.7660,140.00,32.59,35.0000,24.3141,10.6859,600.0000,32.60,119.76,3.0300,0.00,328.06,8.259693e-04
2921,35.2341,140.00,32.42,35.0000,24.3141,10.6859,600.0000,32.40,119.76,3.0300,2.96,328.05,8.261337e-04
2922,35.3201,140.00,32.34,35.0000,24.3141,10.6859,600.0000,32.33,119.76,3.0300,2.71,328.03,8.262981e-04
2923,35.2780,140.00,32.38,35.0000,24.3141,10.6859,600.0000,32.39,119.76,3.0300,0.00,328.01,8.264625e-04
2924,36.0703,140.00,32.59,35.0000,24.3141,10.6859,600.0000,32.59,119.76,3.0300,0.00,327.99,8.266269e-04
2925,35.8953,140.00,32.90,35.0000,24.3141,10.6859,600.0000,32.91,119.76,3.0300,0.00,327.97,8.267912e-04
2926,35.5431,140.00,33.33,35.0000,24.3141,10.6859,600.0000,33.32,119.76,3.0300,2.59,327.96,8.269556e-04
2927,35.8756,140.00,33.81,35.0000,24.3141,10.6859,600.0000,33.80,119.76,3.0300,2.77,327.94,8.271199e-04
2928,35.4726,140.00,34.31,35.0000,24.3141,10.6859,600.0000,34.32,119.76,3.0300,0.00,327.92,8.272842e-04
2929,35.5487,140.00,34.83,35.0000,24.3141,10.6859,600.0000,34.83,119.76,3.0300,0.00,327.90,8.274485e-04
2930,35.2676,140.00,35.33,35.0000,24.3141,10.6859,600.0000,35.31,119.76,3.0300,2.84,327.89,8.276128e-04
2931,35.9559,140.00,35.72,35.0000,24.3141,10.6859,600.0000,35.72,119.76,3.0300,0.00,327.87,8.277770e-04
2932,35.5819,140.00,36.04,35.0000,24.3141,10.6859,600.0000,36.04,119.76,3.0300,2.28,327.85,8.279413e-04
2933,35.8689,140.00,36.26,35.0000,24.3141,10.6859,600.0000,36.24,119.76,3.0300,3.03,327.83,8.281055e-04
2934,35.8738,140.00,36.33,35.0000,24.3141,10.6859,600.0000,36.30,119.76,3.0300,3.08,327.82,8.282697e-04
2935,35.7990,140.00,36.26,35.0000,24.3141,10.6859,600.0000,36.23,119.76,3.0300,2.97,327.80,8.284339e-04
2936,35.8370,140.00,36.04,35.0000,24.3141,10.6859,600.0000,36.03,119.76,3.0300,2.55,327.78,8.285981e-04
2937,36.1257,140.00,35.72,35.0000,24.3141,10.6859,600.0000,35.71,119.76,3.0300,2.41,327.76,8.287622e-04
2938,35.8279,140.00,35.32,35.0000,24.3141,10.6859,600.0000,35.30,119.76,3.0300,2.89,327.75,8.289263e-04
2939,36.3025,140.00,34.81,35.0000,24.3141,10.6859,600.0000,34.81,119.76,3.0300,0.00,327.73,8.290905e-04
2940,35.8584,140.00,34.29,35.0000,24.3141,10.6859,600.0000,34.29,119.76,3.0300,0.00,327.71,8.292546e-04
2941,35.8510,140.00,33.79,35.0000,24.3141,10.6859,600.0000,33.77,119.76,3.0300,2.81,327.69,8.294187e-04
2942,36.2188,140.00,33.31,35.0000,24.3141,10.6859,600.0000,33.29,119.76,3.0300,2.89,327.67,8.295827e-04
2943,36.0350,140.00,32.88,35.0000,24.3141,10.6859,600.0000,32.87,119.76,3.0300,2.18,327.66,8.297468e-04
2944,36.1142,140.00,32.57,35.0000,24.3141,10.6859,600.0000,32.55,119.76,3.0300,2.93,327.64,8.299108e-04
2945,35.6192,140.00,32.37,35.0000,24.3141,10.6859,600.0000,32.35,119.76,3.0300,2.78,327.62,8.300748e-04
2946,36.3038,140.00,32.29,35.0000,24.3141,10.6859,600.0000,32.28,119.76,3.0300,2.66,327.60,8.302388e-04
2947,35.4787,140.00,32.34,35.0000,24.3141,10.6859,600.0000,32.35,119.76,3.0300,0.00,327.59,8.304028e-04
2948,35.5056,140.00,32.54,35.0000,24.3141,10.6859,600.0000,32.55,119.76,3.0300,0.00,327.57,8.305668e-04
2949,36.4010,140.00,32.88,35.0000,24.3141,10.6859,600.0000,32.86,119.76,3.0300,2.88,327.55,8.307307e-04
2950,35.8083,140.00,33.27,35.0000,24.3141,10.6859,600.0000,33.28,119.76,3.0300,0.00,327.53,8.308947e-04
2951,36.3169,140.00,33.75,35.0000,24.3141,10.6859,600.0000,33.76,119.76,3.0300,0.00,327.52,8.310586e-04
2952,35.9407,140.00,34.27,35.0000,24.3141,10.6859,600.0000,34.27,119.76,3.0300,2.22,327.50,8.312225e-04
2953,36.3002,140.00,34.80,35.0000,24.3141,10.6859,600.0000,34.79,119.76,3.0300,2.85,327.48,8.313864e-04
2954,36.0060,140.00,35.28,35.0000,24.3141,10.6859,600.0000,35.27,119.76,3.0300,2.67,327.46,8.315502e-04
2955,36.4050,140.00,35.69,35.0000,24.3141,10.6859,600.0000,35.68,119.76,3.0300,2.63,327.45,8.317141e-04
2956,35.8529,140.00,36.02,35.0000,24.3141,10.6859,600.0000,36.00,119.76,3.0300,2.91,327.43,8.318779e-04
2957,36.3680,140.00,36.21,35.0000,24.3141,10.6859,600.0000,36.19,119.76,3.0300,2.83,327.41,8.320417e-04
2958,35.8894,140.00,36.27,35.0000,24.3141,10.6859,600.0000,36.26,119.76,3.0300,2.54,327.39,8.322055e-04
2959,35.8229,140.00,36.21,35.0000,24.3141,10.6859,600.0000,36.19,119.76,3.0300,2.90,327.38,8.323693e-04
2960,35.7823,140.00,36.00,35.0000,24.3141,10.6859,600.0000,35.99,119.76,3.0300,2.80,327.36,8.325331e-04
2961,36.1828,140.00,35.67,35.0000,24.3141,10.6859,600.0000,35.67,119.76,3.0300,1.93,327.34,8.326969e-04
2962,36.5915,140.00,35.27,35.0000,24.3141,10.6859,600.0000,35.25,119.76,3.0300,2.85,327.32,8.328606e-04
2963,36.2535,140.00,34.78,35.0000,24.3141,10.6859,600.0000,34.77,119.76,3.0300,2.76,327.31,8.330243e-04
2964,35.8488,140.00,34.26,35.0000,24.3141,10.6859,600.0000,34.25,119.76,3.0300,2.76,327.29,8.331880e-04
2965,36.6437,140.00,33.74,35.0000,24.3141,10.6859,600.0000,33.73,119.76,3.0300,2.56,327.27,8.333517e-04
2966,35.7699,140.00,33.24,35.0000,24.3141,10.6859,600.0000,33.25,119.76,3.0300,0.00,327.25,8.335154e-04
2967,36.1324,140.00,32.84,35.0000,24.3141,10.6859,600.0000,32.83,119.76,3.0300,2.71,327.24,8.336790e-04
2968,36.1170,140.00,32.52,35.0000,24.3141,10.6859,600.0000,32.51,119.76,3.0300,2.57,327.22,8.338427e-04
2969,35.8956,140.00,32.31,35.0000,24.3141,10.6859,600.0000,32.31,119.76,3.0300,2.22,327.20,8.340063e-04
2970,35.8111,140.00,32.23,35.0000,24.3141,10.6859,600.0000,32.24,119.76,3.0300,0.00,327.18,8.341699e-04
2971,36.4825,140.00,32.32,35.0000,24.3141,10.6859,600.0000,32.30,119.76,3.0300,2.81,327.17,8.343335e-04
2972,36.6086,140.00,32.52,35.0000,24.3141,10.6859,600.0000,32.50,119.76,3.0300,2.81,327.15,8.344970e-04
2973,36.1749,140.00,32.82,35.0000,24.3141,10.6859,600.0000,32.82,119.76,3.0300,2.45,327.13,8.346606e-04
2974,36.3161,140.00,33.25,35.0000,24.3141,10.6859,600.0000,33.23,119.76,3.0300,2.83,327.11,8.348241e-04
2975,36.2091,140.00,33.72,35.0000,24.3141,10.6859,600.0000,33.71,119.76,3.0300,2.69,327.10,8.349877e-04
2976,36.7476,140.00,34.23,35.0000,24.3141,10.6859,600.0000,34.23,119.76,3.0300,2.51,327.08,8.351512e-04
2977,35.9342,140.00,34.76,35.0000,24.3141,10.6859,600.0000,34.74,119.76,3.0300,2.81,327.06,8.353147e-04
2978,36.2986,140.00,35.24,35.0000,24.3141,10.6859,600.0000,35.22,119.76,3.0300,2.96,327.04,8.354781e-04
2979,36.1766,140.00,35.65,35.0000,24.3141,10.6859,600.0000,35.63,119.76,3.0300,2.82,327.03,8.356416e-04
2980,36.6867,140.00,35.95,35.0000,24.3141,10.6859,600.0000,35.95,119.76,3.0300,2.23,327.01,8.358050e-04
2981,36.8175,140.00,36.16,35.0000,24.3141,10.6859,600.0000,36.15,119.76,3.0300,2.71,326.99,8.359685e-04
2982,36.7008,140.00,36.23,35.0000,24.3141,10.6859,600.0000,36.21,119.76,3.0300,2.85,326.97,8.361319e-04
2983,36.2933,140.00,36.16,35.0000,24.3141,10.6859,600.0000,36.14,119.76,3.0300,2.88,326.96,8.362953e-04
2984,36.5739,140.00,35.95,35.0000,24.3141,10.6859,600.0000,35.94,119.76,3.0300,2.31,326.94,8.364586e-04
2985,36.1309,140.00,35.63,35.0000,24.3141,10.6859,600.0000,35.62,119.76,3.0300,2.37,326.92,8.366220e-04
2986,36.2870,140.00,35.22,35.0000,24.3141,10.6859,600.0000,35.21,119.76,3.0300,2.86,326.90,8.367853e-04
2987,36.3762,140.00,34.73,35.0000,24.3141,10.6859,600.0000,34.72,119.76,3.0300,2.31,326.89,8.369487e-04
2988,35.9348,140.00,34.23,35.0000,24.3141,10.6859,600.0000,34.20,119.76,3.0300,3.05,326.87,8.371120e-04
2989,36.7995,140.00,33.68,35.0000,24.3141,10.6859,600.0000,33.68,119.76,3.0300,1.99,326.85,8.372753e-04
2990,36.0583,140.00,33.22,35.0000,24.3141,10.6859,600.0000,33.20,119.76,3.0300,3.03,326.83,8.374386e-04
2991,36.2946,140.00,32.80,35.0000,24.3141,10.6859,600.0000,32.78,119.76,3.0300,2.74,326.82,8.376018e-04
2992,36.4859,140.00,32.47,35.0000,24.3141,10.6859,600.0000,32.46,119.76,3.0300,2.46,326.80,8.377651e-04
2993,36.1369,140.00,32.28,35.0000,24.3141,10.6859,600.0000,32.26,119.76,3.0300,2.85,326.78,8.379283e-04
2994,36.3137,140.00,32.20,35.0000,24.3141,10.6859,600.0000,32.19,119.76,3.0300,2.43,326.76,8.380915e-04
2995,36.1268,140.00,32.27,35.0000,24.3141,10.6859,600.0000,32.26,119.76,3.0300,2.79,326.75,8.382547e-04
2996,36.1338,140.00,32.47,35.0000,24.3141,10.6859,600.0000,32.46,119.76,3.0300,2.66,326.73,8.384179e-04
2997,36.0429,140.00,32.78,35.0000,24.3141,10.6859,600.0000,32.77,119.76,3.0300,2.62,326.71,8.385811e-04
2998,36.5253,140.00,33.19,35.0000,24.3141,10.6859,600.0000,33.18,119.76,3.0300,2.49,326.69,8.387442e-04
2999,36.1168,140.00,33.66,35.0000,24.3141,10.6859,600.0000,33.66,119.76,3.0300,0.00,326.68,8.389074e-04
3000,36.4024,140.00,34.20,35.0000,24.3141,10.6859,600.0000,34.18,119.76,3.0300,2.89,326.66,8.390705e-04
3001,36.2592,140.00,34.71,35.0000,24.3141,10.6859,600.0000,34.70,119.76,3.0300,2.80,326.64,8.392336e-04
3002,36.2363,140.00,35.18,35.0000,24.3141,10.6859,600.0000,35.18,119.76,3.0300,2.61,326.62,8.393967e-04
3003,36.3669,140.00,35.60,35.0000,24.3141,10.6859,600.0000,35.59,119.76,3.0300,2.71,326.61,8.395598e-04
3004,36.5522,140.00,35.91,35.0000,24.3141,10.6859,600.0000,35.90,119.76,3.0300,2.66,326.59,8.397228e-04
3005,36.2830,140.00,36.10,35.0000,24.3141,10.6859,600.0000,36.10,119.76,3.0300,0.00,326.57,8.398859e-04
3006,36.9112,140.00,36.17,35.0000,24.3141,10.6859,600.0000,36.17,119.76,3.0300,2.49,326.56,8.400489e-04
3007,36.7770,140.00,36.11,35.0000,24.3141,10.6859,600.0000,36.10,119.76,3.0300,2.71,326.54,8.402119e-04
3008,36.5851,140.00,35.90,35.0000,24.3141,10.6859,600.0000,35.90,119.76,3.0300,2.04,326.52,8.403749e-04
3009,36.2006,140.00,35.58,35.0000,24.3141,10.6859,600.0000,35.58,119.76,3.0300,2.61,326.50,8.405379e-04
3010,36.2362,140.00,35.17,35.0000,24.3141,10.6859,600.0000,35.16,119.76,3.0300,2.68,326.49,8.407009e-04
3011,36.8699,140.00,34.69,35.0000,24.3141,10.6859,600.0000,34.68,119.76,3.0300,2.69,326.47,8.408638e-04
3012,36.5795,140.00,34.16,35.0000,24.3141,10.6859,600.0000,34.16,119.76,3.0300,2.58,326.45,8.410268e-04
3013,36.8569,140.00,33.65,35.0000,24.3141,10.6859,600.0000,33.64,119.76,3.0300,2.79,326.43,8.411897e-04
3014,36.8575,140.00,33.16,35.0000,24.3141,10.6859,600.0000,33.15,119.76,3.0300,2.52,326.42,8.413526e-04
3015,37.0156,140.00,32.75,35.0000,24.3141,10.6859,600.0000,32.74,119.76,3.0300,2.66,326.40,8.415155e-04
3016,36.9652,140.00,32.43,35.0000,24.3141,10.6859,600.0000,32.42,119.76,3.0300,2.75,326.38,8.416784e-04
3017,36.2215,140.00,32.23,35.0000,24.3141,10.6859,600.0000,32.21,119.76,3.0300,2.82,326.36,8.418412e-04
3018,36.8797,140.00,32.15,35.0000,24.3141,10.6859,600.0000,32.14,119.76,3.0300,2.66,326.35,8.420041e-04
3019,36.9143,140.00,32.21,35.0000,24.3141,10.6859,600.0000,32.21,119.76,3.0300,2.26,326.33,8.421669e-04
3020,36.4570,140.00,32.42,35.0000,24.3141,10.6859,600.0000,32.41,119.76,3.0300,2.61,326.31,8.423297e-04
3021,37.0743,140.00,32.73,35.0000,24.3141,10.6859,600.0000,32.72,119.76,3.0300,2.14,326.29,8.424925e-04
3022,36.5372,140.00,33.14,35.0000,24.3141,10.6859,600.0000,33.14,119.76,3.0300,2.56,326.28,8.426553e-04
3023,36.7476,140.00,33.62,35.0000,24.3141,10.6859,600.0000,33.62,119.76,3.0300,2.58,326.26,8.428180e-04
3024,36.6276,140.00,34.15,35.0000,24.3141,10.6859,600.0000,34.13,119.76,3.0300,2.81,326.24,8.429808e-04
3025,36.7833,140.00,34.66,35.0000,24.3141,10.6859,600.0000,34.65,119.76,3.0300,2.74,326.23,8.431435e-04
3026,37.1625,140.00,35.14,35.0000,24.3141,10.6859,600.0000,35.13,119.76,3.0300,2.69,326.21,8.433062e-04
3027,36.6885,140.00,35.55,35.0000,24.3141,10.6859,600.0000,35.54,119.76,3.0300,2.81,326.19,8.434690e-04
3028,36.7740,140.00,35.86,35.0000,24.3141,10.6859,600.0000,35.86,119.76,3.0300,2.54,326.17,8.436316e-04
3029,36.4148,140.00,36.06,35.0000,24.3141,10.6859,600.0000,36.05,119.76,3.0300,2.20,326.16,8.437943e-04
3030,36.7579,140.00,36.13,35.0000,24.3141,10.6859,600.0000,36.12,119.76,3.0300,2.59,326.14,8.439570e-04
3031,36.5548,140.00,36.06,35.0000,24.3141,10.6859,600.0000,36.05,119.76,3.0300,2.80,326.12,8.441196e-04
3032,36.3670,140.00,35.84,35.0000,24.3141,10.6859,600.0000,35.85,119.76,3.0300,0.00,326.10,8.442822e-04
3033,36.2301,140.00,35.54,35.0000,24.3141,10.6859,600.0000,35.53,119.76,3.0300,2.85,326.09,8.444449e-04
3034,36.4624,140.00,35.12,35.0000,24.3141,10.6859,600.0000,35.11,119.76,3.0300,2.62,326.07,8.446075e-04
3035,37.1649,140.00,34.63,35.0000,24.3141,10.6859,600.0000,34.63,119.76,3.0300,2.50,326.05,8.447700e-04
3036,36.9930,140.00,34.12,35.0000,24.3141,10.6859,600.0000,34.11,119.76,3.0300,2.79,326.04,8.449326e-04
3037,36.6563,140.00,33.60,35.0000,24.3141,10.6859,600.0000,33.59,119.76,3.0300,2.63,326.02,8.450952e-04
3038,36.3476,140.00,33.11,35.0000,24.3141,10.6859,600.0000,33.10,119.76,3.0300,2.62,326.00,8.452577e-04
3039,37.0248,140.00,32.69,35.0000,24.3141,10.6859,600.0000,32.69,119.76,3.0300,2.37,325.98,8.454202e-04
3040,36.7769,140.00,32.38,35.0000,24.3141,10.6859,600.0000,32.37,119.76,3.0300,2.80,325.97,8.455827e-04
3041,36.4879,140.00,32.17,35.0000,24.3141,10.6859,600.0000,32.17,119.76,3.0300,2.63,325.95,8.457452e-04
3042,36.7818,140.00,32.10,35.0000,24.3141,10.6859,600.0000,32.10,119.76,3.0300,2.12,325.93,8.459077e-04
3043,36.5518,140.00,32.17,35.0000,24.3141,10.6859,600.0000,32.16,119.76,3.0300,2.38,325.91,8.460702e-04
3044,36.9488,140.00,32.36,35.0000,24.3141,10.6859,600.0000,32.36,119.76,3.0300,1.98,325.90,8.462326e-04
3045,37.0709,140.00,32.68,35.0000,24.3141,10.6859,600.0000,32.67,119.76,3.0300,2.66,325.88,8.463951e-04
3046,36.7940,140.00,33.10,35.0000,24.3141,10.6859,600.0000,33.09,119.76,3.0300,2.87,325.86,8.465575e-04
3047,37.1138,140.00,33.58,35.0000,24.3141,10.6859,600.0000,33.57,119.76,3.0300,2.75,325.85,8.467199e-04
3048,37.0112,140.00,34.08,35.0000,24.3141,10.6859,600.0000,34.08,119.76,3.0300,2.14,325.83,8.468823e-04
3049,37.1138,140.00,34.60,35.0000,24.3141,10.6859,600.0000,34.60,119.76,3.0300,2.43,325.81,8.470446e-04
3050,37.0905,140.00,35.09,35.0000,24.3141,10.6859,600.0000,35.08,119.76,3.0300,2.67,325.79,8.472070e-04
3051,37.0541,140.00,35.50,35.0000,24.3141,10.6859,600.0000,35.49,119.76,3.0300,2.59,325.78,8.473693e-04
3052,36.6142,140.00,35.82,35.0000,24.3141,10.6859,600.0000,35.81,119.76,3.0300,2.81,325.76,8.475317e-04
3053,36.8870,140.00,36.02,35.0000,24.3141,10.6859,600.0000,36.00,119.76,3.0300,2.74,325.74,8.476940e-04
3054,36.5796,140.00,36.09,35.0000,24.3141,10.6859,600.0000,36.07,119.76,3.0300,2.88,325.72,8.478563e-04
3055,36.6252,140.00,36.01,35.0000,24.3141,10.6859,600.0000,36.00,119.76,3.0300,2.80,325.71,8.480186e-04
3056,36.4936,140.00,35.81,35.0000,24.3141,10.6859,600.0000,35.80,119.76,3.0300,2.74,325.69,8.481808e-04
3057,36.4165,140.00,35.48,35.0000,24.3141,10.6859,600.0000,35.48,119.76,3.0300,2.34,325.67,8.483431e-04
3058,36.9367,140.00,35.07,35.0000,24.3141,10.6859,600.0000,35.06,119.76,3.0300,2.40,325.66,8.485053e-04
3059,36.3916,140.00,34.58,35.0000,24.3141,10.6859,600.0000,34.58,119.76,3.0300,0.00,325.64,8.486676e-04
3060,37.2410,140.00,34.06,35.0000,24.3141,10.6859,600.0000,34.06,119.76,3.0300,2.54,325.62,8.488298e-04
3061,37.1674,140.00,33.54,35.0000,24.3141,10.6859,600.0000,33.54,119.76,3.0300,0.00,325.60,8.489920e-04
3062,36.3467,140.00,33.07,35.0000,24.3141,10.6859,600.0000,33.05,119.76,3.0300,2.75,325.59,8.491542e-04
3063,37.0917,140.00,32.64,35.0000,24.3141,10.6859,600.0000,32.64,119.76,3.0300,2.01,325.57,8.493163e-04
3064,37.1667,140.00,32.32,35.0000,24.3141,10.6859,600.0000,32.32,119.76,3.0300,2.55,325.55,8.494785e-04
3065,36.2740,140.00,32.11,35.0000,24.3141,10.6859,600.0000,32.12,119.76,3.0300,0.00,325.54,8.496406e-04
3066,36.7004,140.00,32.06,35.0000,24.3141,10.6859,600.0000,32.05,119.76,3.0300,2.69,325.52,8.498027e-04
3067,36.7210,140.00,32.11,35.0000,24.3141,10.6859,600.0000,32.11,119.76,3.0300,0.00,325.50,8.499648e-04
3068,36.3348,140.00,32.32,35.0000,24.3141,10.6859,600.0000,32.31,119.76,3.0300,2.52,325.48,8.501269e-04
3069,36.8734,140.00,32.63,35.0000,24.3141,10.6859,600.0000,32.62,119.76,3.0300,2.32,325.47,8.502890e-04
3070,37.0254,140.00,33.05,35.0000,24.3141,10.6859,600.0000,33.04,119.76,3.0300,2.71,325.45,8.504511e-04
3071,36.5126,140.00,33.52,35.0000,24.3141,10.6859,600.0000,33.52,119.76,3.0300,2.38,325.43,8.506131e-04
3072,36.4185,140.00,34.05,35.0000,24.3141,10.6859,600.0000,34.03,119.76,3.0300,2.89,325.42,8.507752e-04
3073,36.3003,140.00,34.55,35.0000,24.3141,10.6859,600.0000,34.55,119.76,3.0300,2.33,325.40,8.509372e-04
3074,36.8231,140.00,35.03,35.0000,24.3141,10.6859,600.0000,35.03,119.76,3.0300,2.25,325.38,8.510992e-04
3075,36.2815,140.00,35.43,35.0000,24.3141,10.6859,600.0000,35.44,119.76,3.0300,0.00,325.36,8.512612e-04
3076,36.6734,140.00,35.77,35.0000,24.3141,10.6859,600.0000,35.76,119.76,3.0300,2.78,325.35,8.514232e-04
3077,36.5430,140.00,35.95,35.0000,24.3141,10.6859,600.0000,35.95,119.76,3.0300,0.00,325.33,8.515851e-04
3078,36.7910,140.00,36.03,35.0000,24.3141,10.6859,600.0000,36.02,119.76,3.0300,2.67,325.31,8.517471e-04
3079,37.1053,140.00,35.96,35.0000,24.3141,10.6859,600.0000,35.95,119.76,3.0300,2.64,325.30,8.519090e-04
3080,36.9090,140.00,35.75,35.0000,24.3141,10.6859,600.0000,35.75,119.76,3.0300,2.39,325.28,8.520710e-04
3081,36.9567,140.00,35.43,35.0000,24.3141,10.6859,600.0000,35.43,119.76,3.0300,2.40,325.26,8.522329e-04
3082,37.0013,140.00,35.02,35.0000,24.3141,10.6859,600.0000,35.01,119.76,3.0300,2.39,325.24,8.523948e-04
3083,36.9682,140.00,34.54,35.0000,24.3141,10.6859,600.0000,34.53,119.76,3.0300,2.70,325.23,8.525566e-04
3084,36.6955,140.00,34.02,35.0000,24.3141,10.6859,600.0000,34.01,119.76,3.0300,2.64,325.21,8.527185e-04
3085,37.1425,140.00,33.49,35.0000,24.3141,10.6859,600.0000,33.49,119.76,3.0300,2.57,325.19,8.528803e-04
3086,37.1010,140.00,33.01,35.0000,24.3141,10.6859,600.0000,33.00,119.76,3.0300,2.36,325.18,8.530422e-04
3087,36.6105,140.00,32.60,35.0000,24.3141,10.6859,600.0000,32.59,119.76,3.0300,2.67,325.16,8.532040e-04
3088,36.6398,140.00,32.28,35.0000,24.3141,10.6859,600.0000,32.27,119.76,3.0300,2.70,325.14,8.533658e-04
3089,36.9072,140.00,32.08,35.0000,24.3141,10.6859,600.0000,32.06,119.76,3.0300,2.78,325.12,8.535276e-04
3090,36.6023,140.00,32.00,35.0000,24.3141,10.6859,600.0000,31.99,119.76,3.0300,2.55,325.11,8.536894e-04
3091,37.0017,140.00,32.06,35.0000,24.3141,10.6859,600.0000,32.06,119.76,3.0300,2.41,325.09,8.538512e-04
3092,37.0612,140.00,32.26,35.0000,24.3141,10.6859,600.0000,32.26,119.76,3.0300,0.00,325.07,8.540129e-04
3093,36.2367,140.00,32.59,35.0000,24.3141,10.6859,600.0000,32.57,119.76,3.0300,2.80,325.06,8.541746e-04
3094,36.7648,140.00,33.00,35.0000,24.3141,10.6859,600.0000,32.99,119.76,3.0300,2.70,325.04,8.543364e-04
3095,36.8237,140.00,33.47,35.0000,24.3141,10.6859,600.0000,33.47,119.76,3.0300,2.45,325.02,8.544981e-04
3096,36.3600,140.00,34.00,35.0000,24.3141,10.6859,600.0000,33.98,119.76,3.0300,2.84,325.00,8.546598e-04
3097,36.4302,140.00,34.50,35.0000,24.3141,10.6859,600.0000,34.50,119.76,3.0300,2.60,324.99,8.548215e-04
3098,36.6388,140.00,34.99,35.0000,24.3141,10.6859,600.0000,34.98,119.76,3.0300,2.87,324.97,8.549831e-04
3099,37.0800,140.00,35.39,35.0000,24.3141,10.6859,600.0000,35.39,119.76,3.0300,2.08,324.95,8.551448e-04
3100,36.5832,140.00,35.73,35.0000,24.3141,10.6859,600.0000,35.70,119.76,3.0300,3.00,324.94,8.553064e-04
3101,36.2873,140.00,35.92,35.0000,24.3141,10.6859,600.0000,35.90,119.76,3.0300,2.78,324.92,8.554680e-04
3102,36.7180,140.00,35.98,35.0000,24.3141,10.6859,600.0000,35.97,119.76,3.0300,2.71,324.90,8.556296e-04
3103,36.2019,140.00,35.91,35.0000,24.3141,10.6859,600.0000,35.90,119.76,3.0300,2.86,324.88,8.557912e-04
3104,36.7805,140.00,35.71,35.0000,24.3141,10.6859,600.0000,35.70,119.76,3.0300,2.80,324.87,8.559528e-04
3105,36.5118,140.00,35.38,35.0000,24.3141,10.6859,600.0000,35.38,119.76,3.0300,2.04,324.85,8.561144e-04
3106,37.0416,140.00,34.97,35.0000,24.3141,10.6859,600.0000,34.96,119.76,3.0300,2.74,324.83,8.562760e-04
3107,36.8281,140.00,34.48,35.0000,24.3141,10.6859,600.0000,34.47,119.76,3.0300,2.16,324.82,8.564375e-04
3108,36.8352,140.00,33.96,35.0000,24.3141,10.6859,600.0000,33.95,119.76,3.0300,2.15,324.80,8.565990e-04
3109,36.1854,140.00,33.44,35.0000,24.3141,10.6859,600.0000,33.43,119.76,3.0300,2.50,324.78,8.567605e-04
3110,36.6989,140.00,32.96,35.0000,24.3141,10.6859,600.0000,32.95,119.76,3.0300,2.60,324.77,8.569220e-04
3111,36.6744,140.00,32.54,35.0000,24.3141,10.6859,600.0000,32.53,119.76,3.0300,2.60,324.75,8.570835e-04
3112,36.4853,140.00,32.21,35.0000,24.3141,10.6859,600.0000,32.21,119.76,3.0300,0.00,324.73,8.572450e-04
3113,36.7766,140.00,32.02,35.0000,24.3141,10.6859,600.0000,32.01,119.76,3.0300,2.71,324.71,8.574065e-04
3114,36.6796,140.00,31.95,35.0000,24.3141,10.6859,600.0000,31.94,119.76,3.0300,2.75,324.70,8.575679e-04
3115,37.0436,140.00,32.01,35.0000,24.3141,10.6859,600.0000,32.01,119.76,3.0300,2.39,324.68,8.577293e-04
3116,36.0629,140.00,32.20,35.0000,24.3141,10.6859,600.0000,32.21,119.76,3.0300,0.00,324.66,8.578908e-04
3117,36.7350,140.00,32.52,35.0000,24.3141,10.6859,600.0000,32.52,119.76,3.0300,2.25,324.65,8.580522e-04
3118,36.7706,140.00,32.94,35.0000,24.3141,10.6859,600.0000,32.93,119.76,3.0300,2.30,324.63,8.582135e-04
3119,36.1161,140.00,33.41,35.0000,24.3141,10.6859,600.0000,33.41,119.76,3.0300,0.00,324.61,8.583749e-04
3120,36.3543,140.00,33.94,35.0000,24.3141,10.6859,600.0000,33.93,119.76,3.0300,2.57,324.60,8.585363e-04
3121,36.3997,140.00,34.44,35.0000,24.3141,10.6859,600.0000,34.44,119.76,3.0300,0.00,324.58,8.586976e-04
3122,36.5381,140.00,34.94,35.0000,24.3141,10.6859,600.0000,34.92,119.76,3.0300,2.86,324.56,8.588590e-04
3123,36.5973,140.00,35.34,35.0000,24.3141,10.6859,600.0000,35.34,119.76,3.0300,2.21,324.54,8.590203e-04
3124,36.2051,140.00,35.66,35.0000,24.3141,10.6859,600.0000,35.65,119.76,3.0300,2.65,324.53,8.591816e-04
3125,36.7789,140.00,35.87,35.0000,24.3141,10.6859,600.0000,35.85,119.76,3.0300,2.94,324.51,8.593429e-04
3126,36.1869,140.00,35.92,35.0000,24.3141,10.6859,600.0000,35.91,119.76,3.0300,2.16,324.49,8.595042e-04
3127,36.7213,140.00,35.85,35.0000,24.3141,10.6859,600.0000,35.84,119.76,3.0300,2.41,324.48,8.596655e-04
3128,36.6589,140.00,35.65,35.0000,24.3141,10.6859,600.0000,35.64,119.76,3.0300,2.67,324.46,8.598267e-04
3129,36.4615,140.00,35.34,35.0000,24.3141,10.6859,600.0000,35.32,119.76,3.0300,2.88,324.44,8.599879e-04
3130,36.5651,140.00,34.92,35.0000,24.3141,10.6859,600.0000,34.91,119.76,3.0300,2.81,324.43,8.601492e-04
3131,36.2532,140.00,34.43,35.0000,24.3141,10.6859,600.0000,34.42,119.76,3.0300,2.72,324.41,8.603104e-04
3132,36.2239,140.00,33.90,35.0000,24.3141,10.6859,600.0000,33.90,119.76,3.0300,2.17,324.39,8.604716e-04
3133,36.5187,140.00,33.38,35.0000,24.3141,10.6859,600.0000,33.38,119.76,3.0300,1.78,324.37,8.606328e-04
3134,36.3331,140.00,32.89,35.0000,24.3141,10.6859,600.0000,32.90,119.76,3.0300,0.00,324.36,8.607940e-04
3135,36.6154,140.00,32.48,35.0000,24.3141,10.6859,600.0000,32.48,119.76,3.0300,2.23,324.34,8.609551e-04
3136,36.8165,140.00,32.16,35.0000,24.3141,10.6859,600.0000,32.16,119.76,3.0300,2.20,324.32,8.611163e-04
3137,36.0705,140.00,31.98,35.0000,24.3141,10.6859,600.0000,31.96,119.76,3.0300,2.95,324.31,8.612774e-04
3138,36.4572,140.00,31.88,35.0000,24.3141,10.6859,600.0000,31.89,119.76,3.0300,0.00,324.29,8.614385e-04
3139,36.7378,140.00,31.96,35.0000,24.3141,10.6859,600.0000,31.95,119.76,3.0300,2.09,324.27,8.615996e-04
3140,36.6910,140.00,32.16,35.0000,24.3141,10.6859,600.0000,32.15,119.76,3.0300,2.38,324.26,8.617607e-04
3141,36.3829,140.00,32.48,35.0000,24.3141,10.6859,600.0000,32.47,119.76,3.0300,2.84,324.24,8.619218e-04
3142,36.3926,140.00,32.89,35.0000,24.3141,10.6859,600.0000,32.88,119.76,3.0300,2.76,324.22,8.620829e-04
3143,36.6192,140.00,33.37,35.0000,24.3141,10.6859,600.0000,33.36,119.76,3.0300,2.50,324.21,8.622439e-04
3144,36.0805,140.00,33.90,35.0000,24.3141,10.6859,600.0000,33.87,119.76,3.0300,3.06,324.19,8.624050e-04
3145,35.8892,140.00,34.40,35.0000,24.3141,10.6859,600.0000,34.39,119.76,3.0300,2.45,324.17,8.625660e-04
3146,36.4233,140.00,34.87,35.0000,24.3141,10.6859,600.0000,34.87,119.76,3.0300,2.10,324.15,8.627270e-04
3147,36.5822,140.00,35.29,35.0000,24.3141,10.6859,600.0000,35.28,119.76,3.0300,2.55,324.14,8.628880e-04
3148,36.1928,140.00,35.61,35.0000,24.3141,10.6859,600.0000,35.60,119.76,3.0300,2.69,324.12,8.630490e-04
3149,35.8529,140.00,35.81,35.0000,24.3141,10.6859,600.0000,35.79,119.76,3.0300,2.77,324.10,8.632100e-04
3150,35.7707,140.00,35.86,35.0000,24.3141,10.6859,600.0000,35.86,119.76,3.0300,2.30,324.09,8.633709e-04
3151,36.1463,140.00,35.81,35.0000,24.3141,10.6859,600.0000,35.79,119.76,3.0300,2.93,324.07,8.635319e-04
3152,36.4029,140.00,35.61,35.0000,24.3141,10.6859,600.0000,35.59,119.76,3.0300,2.86,324.05,8.636928e-04
3153,35.8579,140.00,35.27,35.0000,24.3141,10.6859,600.0000,35.27,119.76,3.0300,0.00,324.04,8.638537e-04
3154,36.5830,140.00,34.87,35.0000,24.3141,10.6859,600.0000,34.85,119.76,3.0300,2.78,324.02,8.640146e-04
3155,36.4792,140.00,34.36,35.0000,24.3141,10.6859,600.0000,34.37,119.76,3.0300,0.00,324.00,8.641755e-04
3156,36.0941,140.00,33.86,35.0000,24.3141,10.6859,600.0000,33.85,119.76,3.0300,2.77,323.99,8.643364e-04
3157,36.2290,140.00,33.35,35.0000,24.3141,10.6859,600.0000,33.33,119.76,3.0300,2.88,323.97,8.644973e-04
3158,36.5143,140.00,32.86,35.0000,24.3141,10.6859,600.0000,32.84,119.76,3.0300,2.89,323.95,8.646581e-04
3159,36.1788,140.00,32.44,35.0000,24.3141,10.6859,600.0000,32.43,119.76,3.0300,2.80,323.93,8.648190e-04
3160,35.7663,140.00,32.13,35.0000,24.3141,10.6859,600.0000,32.11,119.76,3.0300,2.91,323.92,8.649798e-04
3161,36.4646,140.00,31.90,35.0000,24.3141,10.6859,600.0000,31.90,119.76,3.0300,0.00,323.90,8.651406e-04
3162,35.7807,140.00,31.82,35.0000,24.3141,10.6859,600.0000,31.83,119.76,3.0300,0.00,323.88,8.653014e-04
3163,36.4227,140.00,31.91,35.0000,24.3141,10.6859,600.0000,31.90,119.76,3.0300,2.75,323.87,8.654622e-04
3164,35.8540,140.00,32.10,35.0000,24.3141,10.6859,600.0000,32.10,119.76,3.0300,2.35,323.85,8.656230e-04
3165,35.9040,140.00,32.43,35.0000,24.3141,10.6859,600.0000,32.41,119.76,3.0300,2.76,323.83,8.657838e-04
3166,36.3276,140.00,32.83,35.0000,24.3141,10.6859,600.0000,32.82,119.76,3.0300,2.67,323.82,8.659445e-04
3167,36.1481,140.00,33.33,35.0000,24.3141,10.6859,600.0000,33.30,119.76,3.0300,2.95,323.80,8.661053e-04
3168,35.8069,140.00,33.84,35.0000,24.3141,10.6859,600.0000,33.82,119.76,3.0300,2.99,323.78,8.662660e-04
3169,35.5671,140.00,34.32,35.0000,24.3141,10.6859,600.0000,34.33,119.76,3.0300,0.00,323.77,8.664267e-04
3170,36.3157,140.00,34.82,35.0000,24.3141,10.6859,600.0000,34.81,119.76,3.0300,2.58,323.75,8.665874e-04
3171,35.6517,140.00,35.24,35.0000,24.3141,10.6859,600.0000,35.23,119.76,3.0300,2.65,323.73,8.667481e-04
3172,36.2380,140.00,35.55,35.0000,24.3141,10.6859,600.0000,35.54,119.76,3.0300,2.69,323.72,8.669088e-04
3173,35.5972,140.00,35.78,35.0000,24.3141,10.6859,600.0000,35.74,119.76,3.0300,3.29,323.70,8.670694e-04
3174,36.1941,140.00,35.82,35.0000,24.3141,10.6859,600.0000,35.81,119.76,3.0300,2.67,323.68,8.672301e-04
3175,35.9464,140.00,35.74,35.0000,24.3141,10.6859,600.0000,35.74,119.76,3.0300,2.29,323.67,8.673907e-04
3176,35.7434,140.00,35.55,35.0000,24.3141,10.6859,600.0000,35.53,119.76,3.0300,2.82,323.65,8.675514e-04
3177,35.8562,140.00,35.22,35.0000,24.3141,10.6859,600.0000,35.21,119.76,3.0300,2.26,323.63,8.677120e-04
3178,35.9400,140.00,34.82,35.0000,24.3141,10.6859,600.0000,34.80,119.76,3.0300,2.99,323.61,8.678726e-04
3179,36.1228,140.00,34.31,35.0000,24.3141,10.6859,600.0000,34.31,119.76,3.0300,2.31,323.60,8.680332e-04
3180,35.6020,140.00,33.82,35.0000,24.3141,10.6859,600.0000,33.79,119.76,3.0300,3.07,323.58,8.681937e-04
3181,36.2998,140.00,33.28,35.0000,24.3141,10.6859,600.0000,33.27,119.76,3.0300,2.68,323.56,8.683543e-04
3182,35.9216,140.00,32.80,35.0000,24.3141,10.6859,600.0000,32.79,119.76,3.0300,2.85,323.55,8.685148e-04
3183,35.5095,140.00,32.40,35.0000,24.3141,10.6859,600.0000,32.37,119.76,3.0300,3.11,323.53,8.686754e-04
3184,35.7422,140.00,32.04,35.0000,24.3141,10.6859,600.0000,32.05,119.76,3.0300,0.00,323.51,8.688359e-04
3185,35.7196,140.00,31.87,35.0000,24.3141,10.6859,600.0000,31.85,119.76,3.0300,2.96,323.50,8.689964e-04
3186,36.0765,140.00,31.78,35.0000,24.3141,10.6859,600.0000,31.78,119.76,3.0300,2.52,323.48,8.691569e-04
3187,36.0824,140.00,31.86,35.0000,24.3141,10.6859,600.0000,31.84,119.76,3.0300,2.82,323.46,8.693174e-04
3188,35.3607,140.00,32.05,35.0000,24.3141,10.6859,600.0000,32.04,119.76,3.0300,2.73,323.45,8.694779e-04
3189,36.1588,140.00,32.37,35.0000,24.3141,10.6859,600.0000,32.36,119.76,3.0300,2.85,323.43,8.696383e-04
3190,35.6616,140.00,32.77,35.0000,24.3141,10.6859,600.0000,32.77,119.76,3.0300,2.49,323.41,8.697988e-04
3191,36.0230,140.00,33.25,35.0000,24.3141,10.6859,600.0000,33.25,119.76,3.0300,2.48,323.40,8.699592e-04
3192,35.9855,140.00,33.77,35.0000,24.3141,10.6859,600.0000,33.76,119.76,3.0300,2.66,323.38,8.701196e-04
3193,36.0890,140.00,34.28,35.0000,24.3141,10.6859,600.0000,34.28,119.76,3.0300,0.00,323.36,8.702800e-04
3194,35.5561,140.00,34.74,35.0000,24.3141,10.6859,600.0000,34.76,119.76,3.0300,0.00,323.35,8.704404e-04
3195,36.0455,140.00,35.18,35.0000,24.3141,10.6859,600.0000,35.17,119.76,3.0300,2.70,323.33,8.706008e-04
3196,35.1864,140.00,35.49,35.0000,24.3141,10.6859,600.0000,35.49,119.76,3.0300,2.60,323.31,8.707612e-04
3197,35.8239,140.00,35.71,35.0000,24.3141,10.6859,600.0000,35.68,119.76,3.0300,2.99,323.30,8.709216e-04
3198,35.8919,140.00,35.74,35.0000,24.3141,10.6859,600.0000,35.75,119.76,3.0300,0.00,323.28,8.710819e-04
3199,35.4874,140.00,35.71,35.0000,24.3141,10.6859,600.0000,35.68,119.76,3.0300,3.16,323.26,8.712422e-04
3200,35.2133,140.00,35.50,35.0000,24.3141,10.6859,600.0000,35.48,119.76,3.0300,2.96,323.25,8.714026e-04
3201,35.3022,140.00,35.18,35.0000,24.3141,10.6859,600.0000,35.16,119.76,3.0300,2.91,323.23,8.715629e-04
3202,35.9041,140.00,34.77,35.0000,24.3141,10.6859,600.0000,34.74,119.76,3.0300,3.11,323.21,8.717232e-04
3203,35.2053,140.00,34.24,35.0000,24.3141,10.6859,600.0000,34.25,119.76,3.0300,0.00,323.20,8.718835e-04
3204,35.9063,140.00,33.75,35.0000,24.3141,10.6859,600.0000,33.73,119.76,3.0300,2.67,323.18,8.720437e-04
3205,35.5213,140.00,33.22,35.0000,24.3141,10.6859,600.0000,33.21,119.76,3.0300,2.34,323.16,8.722040e-04
3206,35.6879,140.00,32.74,35.0000,24.3141,10.6859,600.0000,32.73,119.76,3.0300,2.64,323.14,8.723642e-04
3207,35.1203,140.00,32.31,35.0000,24.3141,10.6859,600.0000,32.31,119.76,3.0300,0.00,323.13,8.725245e-04
3208,35.4496,140.00,31.99,35.0000,24.3141,10.6859,600.0000,31.99,119.76,3.0300,0.00,323.11,8.726847e-04
3209,35.0364,140.00,31.79,35.0000,24.3141,10.6859,600.0000,31.79,119.76,3.0300,0.00,323.09,8.728449e-04
3210,35.1243,140.00,31.73,35.0000,24.3141,10.6859,600.0000,31.72,119.76,3.0300,2.77,323.08,8.730051e-04
3211,34.9684,140.00,31.79,35.0000,24.3141,10.6859,600.0000,31.79,119.76,3.0300,1.86,323.06,8.731653e-04
3212,35.3833,140.00,31.97,35.0000,24.3141,10.6859,600.0000,31.98,119.76,3.0300,0.00,323.04,8.733255e-04
3213,35.4287,140.00,32.33,35.0000,24.3141,10.6859,600.0000,32.30,119.76,3.0300,3.15,323.03,8.734856e-04
3214,34.9627,140.00,32.72,35.0000,24.3141,10.6859,600.0000,32.71,119.76,3.0300,2.77,323.01,8.736458e-04
3215,35.4733,140.00,33.20,35.0000,24.3141,10.6859,600.0000,33.19,119.76,3.0300,2.42,322.99,8.738059e-04
3216,35.5405,140.00,33.70,35.0000,24.3141,10.6859,600.0000,33.71,119.76,3.0300,0.00,322.98,8.739661e-04
3217,35.2806,140.00,34.25,35.0000,24.3141,10.6859,600.0000,34.22,119.76,3.0300,3.14,322.96,8.741262e-04
3218,35.5149,140.00,34.71,35.0000,24.3141,10.6859,600.0000,34.70,119.76,3.0300,2.74,322.94,8.742863e-04
3219,35.1735,140.00,35.14,35.0000,24.3141,10.6859,600.0000,35.11,119.76,3.0300,3.04,322.93,8.744464e-04
3220,35.6383,140.00,35.46,35.0000,24.3141,10.6859,600.0000,35.43,119.76,3.0300,3.06,322.91,8.746064e-04
3221,35.0662,140.00,35.61,35.0000,24.3141,10.6859,600.0000,35.63,119.76,3.0300,0.00,322.89,8.747665e-04
3222,35.5606,140.00,35.69,35.0000,24.3141,10.6859,600.0000,35.69,119.76,3.0300,0.00,322.88,8.749266e-04
3223,35.1804,140.00,35.66,35.0000,24.3141,10.6859,600.0000,35.62,119.76,3.0300,3.18,322.86,8.750866e-04
3224,34.8472,140.00,35.44,35.0000,24.3141,10.6859,600.0000,35.42,119.76,3.0300,2.99,322.84,8.752466e-04
3225,35.4501,140.00,35.11,35.0000,24.3141,10.6859,600.0000,35.10,119.76,3.0300,2.82,322.83,8.754067e-04
3226,35.0426,140.00,34.67,35.0000,24.3141,10.6859,600.0000,34.68,119.76,3.0300,0.00,322.81,8.755667e-04
3227,35.5873,140.00,34.21,35.0000,24.3141,10.6859,600.0000,34.20,119.76,3.0300,2.85,322.79,8.757267e-04
3228,34.7374,140.00,33.72,35.0000,24.3141,10.6859,600.0000,33.68,119.76,3.0300,3.23,322.78,8.758866e-04
3229,35.5301,140.00,33.19,35.0000,24.3141,10.6859,600.0000,33.16,119.76,3.0300,3.18,322.76,8.760466e-04
3230,34.9671,140.00,32.70,35.0000,24.3141,10.6859,600.0000,32.67,119.76,3.0300,3.12,322.74,8.762066e-04
3231,35.4521,140.00,32.27,35.0000,24.3141,10.6859,600.0000,32.26,119.76,3.0300,2.77,322.73,8.763665e-04
3232,35.1298,140.00,31.94,35.0000,24.3141,10.6859,600.0000,31.94,119.76,3.0300,2.43,322.71,8.765264e-04
3233,35.0995,140.00,31.73,35.0000,24.3141,10.6859,600.0000,31.73,119.76,3.0300,1.96,322.69,8.766864e-04
3234,35.5355,140.00,31.68,35.0000,24.3141,10.6859,600.0000,31.66,119.76,3.0300,2.87,322.68,8.768463e-04
3235,35.0893,140.00,31.76,35.0000,24.3141,10.6859,600.0000,31.73,119.76,3.0300,3.15,322.66,8.770062e-04
3236,34.8243,140.00,31.93,35.0000,24.3141,10.6859,600.0000,31.93,119.76,3.0300,2.29,322.64,8.771661e-04
3237,35.5372,140.00,32.24,35.0000,24.3141,10.6859,600.0000,32.24,119.76,3.0300,0.00,322.63,8.773259e-04
3238,35.5060,140.00,32.68,35.0000,24.3141,10.6859,600.0000,32.65,119.76,3.0300,3.10,322.61,8.774858e-04
3239,35.0432,140.00,33.12,35.0000,24.3141,10.6859,600.0000,33.13,119.76,3.0300,0.00,322.59,8.776456e-04
3240,35.4531,140.00,33.68,35.0000,24.3141,10.6859,600.0000,33.65,119.76,3.0300,3.07,322.58,8.778055e-04
3241,34.6490,140.00,34.17,35.0000,24.3141,10.6859,600.0000,34.16,119.76,3.0300,2.32,322.56,8.779653e-04
3242,35.3083,140.00,34.64,35.0000,24.3141,10.6859,600.0000,34.64,119.76,3.0300,0.00,322.54,8.781251e-04
3243,35.1473,140.00,35.08,35.0000,24.3141,10.6859,600.0000,35.05,119.76,3.0300,3.02,322.53,8.782849e-04
3244,35.1570,140.00,35.38,35.0000,24.3141,10.6859,600.0000,35.37,119.76,3.0300,2.56,322.51,8.784447e-04
3245,34.6236,140.00,35.61,35.0000,24.3141,10.6859,600.0000,35.57,119.76,3.0300,3.24,322.49,8.786045e-04
3246,34.8060,140.00,35.69,35.0000,24.3141,10.6859,600.0000,35.63,119.76,3.0300,3.39,322.48,8.787643e-04
3247,35.3382,140.00,35.57,35.0000,24.3141,10.6859,600.0000,35.56,119.76,3.0300,2.44,322.46,8.789240e-04
3248,34.6209,140.00,35.42,35.0000,24.3141,10.6859,600.0000,35.36,119.76,3.0300,3.48,322.44,8.790838e-04
3249,34.8313,140.00,35.07,35.0000,24.3141,10.6859,600.0000,35.04,119.76,3.0300,3.14,322.43,8.792435e-04
3250,34.9128,140.00,34.62,35.0000,24.3141,10.6859,600.0000,34.62,119.76,3.0300,0.00,322.41,8.794032e-04
3251,35.3024,140.00,34.13,35.0000,24.3141,10.6859,600.0000,34.14,119.76,3.0300,0.00,322.39,8.795629e-04
3252,35.2031,140.00,33.63,35.0000,24.3141,10.6859,600.0000,33.62,119.76,3.0300,2.61,322.38,8.797226e-04
3253,34.5100,140.00,33.04,35.0000,24.3141,10.6859,600.0000,33.10,119.76,3.0300,0.00,322.36,8.798823e-04
3254,34.7257,140.00,32.58,35.0000,24.3141,10.6859,600.0000,32.61,119.76,3.0300,0.00,322.35,8.800420e-04
3255,35.2334,140.00,32.19,35.0000,24.3141,10.6859,600.0000,32.20,119.76,3.0300,0.00,322.33,8.802017e-04
3256,34.7036,140.00,31.86,35.0000,24.3141,10.6859,600.0000,31.88,119.76,3.0300,0.00,322.31,8.803613e-04
3257,34.6670,140.00,31.66,35.0000,24.3141,10.6859,600.0000,31.67,119.76,3.0300,0.00,322.30,8.805210e-04
3258,35.2115,140.00,31.60,35.0000,24.3141,10.6859,600.0000,31.60,119.76,3.0300,0.00,322.28,8.806806e-04
3259,34.8318,140.00,31.65,35.0000,24.3141,10.6859,600.0000,31.67,119.76,3.0300,0.00,322.26,8.808402e-04
3260,35.0117,140.00,31.92,35.0000,24.3141,10.6859,600.0000,31.87,119.76,3.0300,3.36,322.25,8.809998e-04
3261,34.5649,140.00,32.19,35.0000,24.3141,10.6859,600.0000,32.18,119.76,3.0300,2.58,322.23,8.811594e-04
3262,34.8213,140.00,32.59,35.0000,24.3141,10.6859,600.0000,32.59,119.76,3.0300,0.00,322.21,8.813190e-04
3263,34.8379,140.00,33.06,35.0000,24.3141,10.6859,600.0000,33.07,119.76,3.0300,0.00,322.20,8.814786e-04
3264,35.0776,140.00,33.62,35.0000,24.3141,10.6859,600.0000,33.59,119.76,3.0300,3.07,322.18,8.816381e-04
3265,34.5657,140.00,34.18,35.0000,24.3141,10.6859,600.0000,34.10,119.76,3.0300,3.64,322.16,8.817977e-04
3266,34.3289,140.00,34.64,35.0000,24.3141,10.6859,600.0000,34.58,119.76,3.0300,3.46,322.15,8.819572e-04
3267,34.6210,140.00,35.01,35.0000,24.3141,10.6859,600.0000,35.00,119.76,3.0300,2.67,322.13,8.821167e-04
3268,35.0482,140.00,35.29,35.0000,24.3141,10.6859,600.0000,35.31,119.76,3.0300,0.00,322.11,8.822763e-04
3269,34.1226,140.00,35.61,35.0000,24.3141,10.6859,600.0000,35.51,119.76,3.0300,3.78,322.10,8.824358e-04
3270,34.2871,140.00,35.65,35.0000,24.3141,10.6859,600.0000,35.57,119.76,3.0300,3.65,322.08,8.825952e-04
3271,34.6731,140.00,35.49,35.0000,24.3141,10.6859,600.0000,35.50,119.76,3.0300,0.00,322.06,8.827547e-04
3272,34.7838,140.00,35.34,35.0000,24.3141,10.6859,600.0000,35.30,119.76,3.0300,3.23,322.05,8.829142e-04
3273,34.6483,140.00,34.97,35.0000,24.3141,10.6859,600.0000,34.98,119.76,3.0300,0.00,322.03,8.830737e-04
3274,34.6961,140.00,34.55,35.0000,24.3141,10.6859,600.0000,34.56,119.76,3.0300,0.00,322.01,8.832331e-04
3275,34.2808,140.00,34.07,35.0000,24.3141,10.6859,600.0000,34.08,119.76,3.0300,0.00,322.00,8.833925e-04
3276,34.0012,140.00,33.57,35.0000,24.3141,10.6859,600.0000,33.56,119.76,3.0300,2.80,321.98,8.835520e-04
3277,34.0219,140.00,33.01,35.0000,24.3141,10.6859,600.0000,33.04,119.76,3.0300,0.00,321.96,8.837114e-04
3278,34.2856,140.00,32.61,35.0000,24.3141,10.6859,600.0000,32.55,119.76,3.0300,3.48,321.95,8.838708e-04
3279,34.0134,140.00,32.19,35.0000,24.3141,10.6859,600.0000,32.14,119.76,3.0300,3.39,321.93,8.840302e-04
3280,34.1291,140.00,31.78,35.0000,24.3141,10.6859,600.0000,31.82,119.76,3.0300,0.00,321.91,8.841895e-04
3281,34.0722,140.00,31.58,35.0000,24.3141,10.6859,600.0000,31.61,119.76,3.0300,0.00,321.90,8.843489e-04
3282,34.5481,140.00,31.58,35.0000,24.3141,10.6859,600.0000,31.54,119.76,3.0300,3.13,321.88,8.845083e-04
3283,34.0729,140.00,31.58,35.0000,24.3141,10.6859,600.0000,31.61,119.76,3.0300,0.00,321.87,8.846676e-04
3284,34.7479,140.00,31.84,35.0000,24.3141,10.6859,600.0000,31.81,119.76,3.0300,3.21,321.85,8.848269e-04
3285,34.7716,140.00,32.11,35.0000,24.3141,10.6859,600.0000,32.12,119.76,3.0300,0.00,321.83,8.849863e-04
3286,34.5731,140.00,32.52,35.0000,24.3141,10.6859,600.0000,32.53,119.76,3.0300,0.00,321.82,8.851456e-04
3287,34.4018,140.00,32.98,35.0000,24.3141,10.6859,600.0000,33.01,119.76,3.0300,0.00,321.80,8.853049e-04
3288,33.9522,140.00,33.58,35.0000,24.3141,10.6859,600.0000,33.53,119.76,3.0300,3.42,321.78,8.854642e-04
3289,34.1331,140.00,34.05,35.0000,24.3141,10.6859,600.0000,34.04,119.76,3.0300,2.42,321.77,8.856234e-04
3290,34.0015,140.00,34.59,35.0000,24.3141,10.6859,600.0000,34.52,119.76,3.0300,3.54,321.75,8.857827e-04
3291,34.7139,140.00,34.92,35.0000,24.3141,10.6859,600.0000,34.93,119.76,3.0300,0.00,321.73,8.859420e-04
3292,33.8917,140.00,35.29,35.0000,24.3141,10.6859,600.0000,35.25,119.76,3.0300,3.26,321.72,8.861012e-04
3293,33.7309,140.00,35.44,35.0000,24.3141,10.6859,600.0000,35.45,119.76,3.0300,0.00,321.70,8.862604e-04
3294,34.4514,140.00,35.53,35.0000,24.3141,10.6859,600.0000,35.51,119.76,3.0300,2.90,321.68,8.864197e-04
3295,34.4289,140.00,35.41,35.0000,24.3141,10.6859,600.0000,35.44,119.76,3.0300,0.00,321.67,8.865789e-04
3296,34.6742,140.00,35.26,35.0000,24.3141,10.6859,600.0000,35.24,119.76,3.0300,3.01,321.65,8.867381e-04
3297,33.6671,140.00,35.06,35.0000,24.3141,10.6859,600.0000,34.92,119.76,3.0300,4.03,321.63,8.868973e-04
3298,34.5955,140.00,34.51,35.0000,24.3141,10.6859,600.0000,34.50,119.76,3.0300,2.50,321.62,8.870564e-04
3299,33.9660,140.00,34.05,35.0000,24.3141,10.6859,600.0000,34.02,119.76,3.0300,3.15,321.60,8.872156e-04
3300,33.7712,140.00,33.64,35.0000,24.3141,10.6859,600.0000,33.50,119.76,3.0300,4.07,321.59,8.873748e-04
3301,34.4980,140.00,33.01,35.0000,24.3141,10.6859,600.0000,32.98,119.76,3.0300,3.10,321.57,8.875339e-04
3302,34.3363,140.00,32.58,35.0000,24.3141,10.6859,600.0000,32.49,119.76,3.0300,3.70,321.55,8.876930e-04
3303,33.6756,140.00,32.11,35.0000,24.3141,10.6859,600.0000,32.08,119.76,3.0300,3.17,321.54,8.878522e-04
3304,33.8361,140.00,31.68,35.0000,24.3141,10.6859,600.0000,31.75,119.76,3.0300,0.00,321.52,8.880113e-04
3305,34.3742,140.00,31.50,35.0000,24.3141,10.6859,600.0000,31.55,119.76,3.0300,0.00,321.50,8.881704e-04
3306,34.1539,140.00,31.41,35.0000,24.3141,10.6859,600.0000,31.48,119.76,3.0300,0.00,321.49,8.883295e-04
3307,34.5090,140.00,31.57,35.0000,24.3141,10.6859,600.0000,31.55,119.76,3.0300,2.88,321.47,8.884885e-04
3308,33.6514,140.00,31.74,35.0000,24.3141,10.6859,600.0000,31.74,119.76,3.0300,0.00,321.45,8.886476e-04
3309,33.7785,140.00,31.97,35.0000,24.3141,10.6859,600.0000,32.06,119.76,3.0300,0.00,321.44,8.888067e-04
3310,34.2000,140.00,32.43,35.0000,24.3141,10.6859,600.0000,32.47,119.76,3.0300,0.00,321.42,8.889657e-04
3311,34.2121,140.00,33.02,35.0000,24.3141,10.6859,600.0000,32.95,119.76,3.0300,3.59,321.40,8.891247e-04
3312,33.9468,140.00,33.51,35.0000,24.3141,10.6859,600.0000,33.47,119.76,3.0300,3.34,321.39,8.892838e-04
3313,33.7011,140.00,34.09,35.0000,24.3141,10.6859,600.0000,33.98,119.76,3.0300,3.87,321.37,8.894428e-04
3314,33.8677,140.00,34.34,35.0000,24.3141,10.6859,600.0000,34.46,119.76,3.0300,0.00,321.35,8.896018e-04
3315,33.9874,140.00,35.04,35.0000,24.3141,10.6859,600.0000,34.87,119.76,3.0300,4.18,321.34,8.897608e-04
3316,33.9997,140.00,35.16,35.0000,24.3141,10.6859,600.0000,35.19,119.76,3.0300,0.00,321.32,8.899198e-04
3317,33.9224,140.00,35.30,35.0000,24.3141,10.6859,600.0000,35.39,119.76,3.0300,0.00,321.31,8.900787e-04
3318,33.9908,140.00,35.55,35.0000,24.3141,10.6859,600.0000,35.45,119.76,3.0300,3.76,321.29,8.902377e-04
3319,33.9783,140.00,35.45,35.0000,24.3141,10.6859,600.0000,35.38,119.76,3.0300,3.56,321.27,8.903966e-04
3320,33.9977,140.00,35.33,35.0000,24.3141,10.6859,600.0000,35.18,119.76,3.0300,4.11,321.26,8.905556e-04
3321,33.4783,140.00,35.03,35.0000,24.3141,10.6859,600.0000,34.86,119.76,3.0300,4.22,321.24,8.907145e-04
3322,33.3831,140.00,34.40,35.0000,24.3141,10.6859,600.0000,34.44,119.76,3.0300,0.00,321.22,8.908734e-04
3323,34.1491,140.00,33.87,35.0000,24.3141,10.6859,600.0000,33.96,119.76,3.0300,0.00,321.21,8.910323e-04
3324,33.4668,140.00,33.46,35.0000,24.3141,10.6859,600.0000,33.44,119.76,3.0300,3.04,321.19,8.911912e-04
3325,33.8553,140.00,32.96,35.0000,24.3141,10.6859,600.0000,32.92,119.76,3.0300,3.25,321.17,8.913501e-04
3326,33.6751,140.00,32.42,35.0000,24.3141,10.6859,600.0000,32.43,119.76,3.0300,0.00,321.16,8.915090e-04
3327,33.4128,140.00,32.05,35.0000,24.3141,10.6859,600.0000,32.01,119.76,3.0300,3.19,321.14,8.916679e-04
3328,34.0180,140.00,31.64,35.0000,24.3141,10.6859,600.0000,31.69,119.76,3.0300,0.00,321.13,8.918267e-04
3329,34.2375,140.00,31.53,35.0000,24.3141,10.6859,600.0000,31.49,119.76,3.0300,3.27,321.11,8.919855e-04
3330,33.4324,140.00,31.58,35.0000,24.3141,10.6859,600.0000,31.42,119.76,3.0300,4.17,321.09,8.921444e-04
3331,33.3911,140.00,31.51,35.0000,24.3141,10.6859,600.0000,31.49,119.76,3.0300,3.10,321.08,8.923032e-04
3332,34.1459,140.00,31.71,35.0000,24.3141,10.6859,600.0000,31.68,119.76,3.0300,3.07,321.06,8.924620e-04
3333,33.4179,140.00,32.05,35.0000,24.3141,10.6859,600.0000,32.00,119.76,3.0300,3.40,321.04,8.926208e-04
3334,33.6411,140.00,32.54,35.0000,24.3141,10.6859,600.0000,32.41,119.76,3.0300,3.99,321.03,8.927796e-04
3335,33.5780,140.00,33.03,35.0000,24.3141,10.6859,600.0000,32.89,119.76,3.0300,4.06,321.01,8.929384e-04
3336,33.2723,140.00,33.51,35.0000,24.3141,10.6859,600.0000,33.40,119.76,3.0300,3.82,320.99,8.930972e-04
3337,33.8164,140.00,33.92,35.0000,24.3141,10.6859,600.0000,33.92,119.76,3.0300,2.39,320.98,8.932559e-04
3338,33.8400,140.00,34.41,35.0000,24.3141,10.6859,600.0000,34.40,119.76,3.0300,2.65,320.96,8.934147e-04
3339,33.1840,140.00,34.85,35.0000,24.3141,10.6859,600.0000,34.81,119.76,3.0300,3.27,320.95,8.935734e-04
3340,33.2077,140.00,35.19,35.0000,24.3141,10.6859,600.0000,35.13,119.76,3.0300,3.53,320.93,8.937321e-04
3341,34.0931,140.00,35.36,35.0000,24.3141,10.6859,600.0000,35.32,119.76,3.0300,3.26,320.91,8.938908e-04
3342,33.4916,140.00,35.53,35.0000,24.3141,10.6859,600.0000,35.39,119.76,3.0300,4.03,320.90,8.940495e-04
3343,33.6993,140.00,35.24,35.0000,24.3141,10.6859,600.0000,35.32,119.76,3.0300,0.00,320.88,8.942082e-04
3344,33.2853,140.00,35.03,35.0000,24.3141,10.6859,600.0000,35.11,119.76,3.0300,0.00,320.86,8.943669e-04
3345,33.2149,140.00,34.55,35.0000,24.3141,10.6859,600.0000,34.79,119.76,3.0300,0.00,320.85,8.945256e-04
3346,33.3698,140.00,34.30,35.0000,24.3141,10.6859,600.0000,34.38,119.76,3.0300,0.00,320.83,8.946843e-04
3347,34.0748,140.00,33.91,35.0000,24.3141,10.6859,600.0000,33.89,119.76,3.0300,2.84,320.81,8.948429e-04
3348,33.9851,140.00,33.36,35.0000,24.3141,10.6859,600.0000,33.37,119.76,3.0300,0.00,320.80,8.950016e-04
3349,33.6993,140.00,32.86,35.0000,24.3141,10.6859,600.0000,32.85,119.76,3.0300,2.75,320.78,8.951602e-04
3350,33.9177,140.00,32.46,35.0000,24.3141,10.6859,600.0000,32.37,119.76,3.0300,3.78,320.77,8.953188e-04
3351,33.6590,140.00,31.95,35.0000,24.3141,10.6859,600.0000,31.95,119.76,3.0300,0.00,320.75,8.954774e-04
3352,33.8196,140.00,31.52,35.0000,24.3141,10.6859,600.0000,31.63,119.76,3.0300,0.00,320.73,8.956360e-04
3353,33.6871,140.00,31.57,35.0000,24.3141,10.6859,600.0000,31.43,119.76,3.0300,4.06,320.72,8.957946e-04
3354,33.5723,140.00,31.40,35.0000,24.3141,10.6859,600.0000,31.36,119.76,3.0300,3.31,320.70,8.959532e-04
3355,33.3071,140.00,31.52,35.0000,24.3141,10.6859,600.0000,31.42,119.76,3.0300,3.77,320.68,8.961118e-04
3356,33.1942,140.00,31.70,35.0000,24.3141,10.6859,600.0000,31.62,119.76,3.0300,3.65,320.67,8.962703e-04
3357,33.3002,140.00,31.95,35.0000,24.3141,10.6859,600.0000,31.93,119.76,3.0300,2.87,320.65,8.964289e-04
3358,33.6442,140.00,32.25,35.0000,24.3141,10.6859,600.0000,32.35,119.76,3.0300,0.00,320.64,8.965874e-04
3359,33.0751,140.00,32.80,35.0000,24.3141,10.6859,600.0000,32.83,119.76,3.0300,0.00,320.62,8.967460e-04
3360,33.7853,140.00,33.33,35.0000,24.3141,10.6859,600.0000,33.34,119.76,3.0300,0.00,320.60,8.969045e-04
3361,33.8556,140.00,33.78,35.0000,24.3141,10.6859,600.0000,33.86,119.76,3.0300,0.00,320.59,8.970630e-04
3362,33.6975,140.00,34.39,35.0000,24.3141,10.6859,600.0000,34.33,119.76,3.0300,3.41,320.57,8.972215e-04
3363,33.5588,140.00,34.87,35.0000,24.3141,10.6859,600.0000,34.75,119.76,3.0300,3.94,320.55,8.973800e-04
3364,33.3781,140.00,35.25,35.0000,24.3141,10.6859,600.0000,35.06,119.76,3.0300,4.30,320.54,8.975385e-04
3365,33.5454,140.00,35.27,35.0000,24.3141,10.6859,600.0000,35.26,119.76,3.0300,2.76,320.52,8.976969e-04
3366,33.6645,140.00,35.40,35.0000,24.3141,10.6859,600.0000,35.32,119.76,3.0300,3.59,320.50,8.978554e-04
3367,33.0262,140.00,35.21,35.0000,24.3141,10.6859,600.0000,35.25,119.76,3.0300,0.00,320.49,8.980138e-04
3368,33.8285,140.00,34.94,35.0000,24.3141,10.6859,600.0000,35.05,119.76,3.0300,0.00,320.47,8.981723e-04
3369,33.1395,140.00,34.65,35.0000,24.3141,10.6859,600.0000,34.73,119.76,3.0300,0.00,320.46,8.983307e-04
3370,33.5378,140.00,34.43,35.0000,24.3141,10.6859,600.0000,34.31,119.76,3.0300,3.93,320.44,8.984891e-04
3371,33.7693,140.00,33.71,35.0000,24.3141,10.6859,600.0000,33.83,119.76,3.0300,0.00,320.42,8.986475e-04
3372,33.1163,140.00,33.35,35.0000,24.3141,10.6859,600.0000,33.31,119.76,3.0300,3.21,320.41,8.988059e-04
3373,33.7469,140.00,32.95,35.0000,24.3141,10.6859,600.0000,32.79,119.76,3.0300,4.16,320.39,8.989643e-04
3374,33.5284,140.00,32.37,35.0000,24.3141,10.6859,600.0000,32.30,119.76,3.0300,3.53,320.37,8.991227e-04
3375,32.9579,140.00,32.06,35.0000,24.3141,10.6859,600.0000,31.89,119.76,3.0300,4.24,320.36,8.992811e-04
3376,33.5421,140.00,31.50,35.0000,24.3141,10.6859,600.0000,31.57,119.76,3.0300,0.00,320.34,8.994394e-04
3377,33.1467,140.00,31.33,35.0000,24.3141,10.6859,600.0000,31.36,119.76,3.0300,0.00,320.33,8.995978e-04
3378,33.0760,140.00,31.04,35.0000,24.3141,10.6859,600.0000,31.29,119.76,3.0300,0.00,320.31,8.997561e-04
3379,33.2163,140.00,31.18,35.0000,24.3141,10.6859,600.0000,31.36,119.76,3.0300,0.00,320.29,8.999144e-04
3380,33.7007,140.00,31.50,35.0000,24.3141,10.6859,600.0000,31.55,119.76,3.0300,0.00,320.28,9.000727e-04
3381,32.9505,140.00,32.03,35.0000,24.3141,10.6859,600.0000,31.87,119.76,3.0300,4.14,320.26,9.002310e-04
3382,33.7817,140.00,32.39,35.0000,24.3141,10.6859,600.0000,32.28,119.76,3.0300,3.83,320.24,9.003893e-04
3383,33.6506,140.00,32.88,35.0000,24.3141,10.6859,600.0000,32.76,119.76,3.0300,3.91,320.23,9.005476e-04
3384,33.5292,140.00,33.23,35.0000,24.3141,10.6859,600.0000,33.28,119.76,3.0300,0.00,320.21,9.007059e-04
3385,33.2290,140.00,33.72,35.0000,24.3141,10.6859,600.0000,33.79,119.76,3.0300,0.00,320.20,9.008642e-04
3386,33.4682,140.00,34.50,35.0000,24.3141,10.6859,600.0000,34.27,119.76,3.0300,4.46,320.18,9.010224e-04
3387,33.2169,140.00,34.46,35.0000,24.3141,10.6859,600.0000,34.68,119.76,3.0300,0.00,320.16,9.011807e-04
3388,33.7820,140.00,34.97,35.0000,24.3141,10.6859,600.0000,35.00,119.76,3.0300,0.00,320.15,9.013389e-04
3389,33.4154,140.00,35.14,35.0000,24.3141,10.6859,600.0000,35.19,119.76,3.0300,0.00,320.13,9.014972e-04
3390,33.2160,140.00,35.33,35.0000,24.3141,10.6859,600.0000,35.26,119.76,3.0300,3.58,320.11,9.016554e-04
3391,33.2439,140.00,35.35,35.0000,24.3141,10.6859,600.0000,35.19,119.76,3.0300,4.16,320.10,9.018136e-04
3392,33.3610,140.00,35.14,35.0000,24.3141,10.6859,600.0000,34.99,119.76,3.0300,4.11,320.08,9.019718e-04
3393,33.4504,140.00,34.79,35.0000,24.3141,10.6859,600.0000,34.67,119.76,3.0300,3.93,320.07,9.021300e-04
3394,32.8548,140.00,34.35,35.0000,24.3141,10.6859,600.0000,34.25,119.76,3.0300,3.79,320.05,9.022881e-04
3395,33.7519,140.00,33.82,35.0000,24.3141,10.6859,600.0000,33.76,119.76,3.0300,3.40,320.03,9.024463e-04
3396,33.4245,140.00,33.17,35.0000,24.3141,10.6859,600.0000,33.24,119.76,3.0300,0.00,320.02,9.026045e-04
3397,33.0370,140.00,32.59,35.0000,24.3141,10.6859,600.0000,32.72,119.76,3.0300,0.00,320.00,9.027626e-04
3398,32.8680,140.00,32.10,35.0000,24.3141,10.6859,600.0000,32.24,119.76,3.0300,0.00,319.99,9.029208e-04
3399,32.8747,140.00,31.75,35.0000,24.3141,10.6859,600.0000,31.82,119.76,3.0300,0.00,319.97,9.030789e-04
3400,33.4445,140.00,31.69,35.0000,24.3141,10.6859,600.0000,31.50,119.76,3.0300,4.30,319.95,9.032370e-04
3401,32.8852,140.00,31.32,35.0000,24.3141,10.6859,600.0000,31.30,119.76,3.0300,2.91,319.94,9.033951e-04
3402,33.6522,140.00,31.29,35.0000,24.3141,10.6859,600.0000,31.23,119.76,3.0300,3.46,319.92,9.035532e-04
3403,33.2872,140.00,31.34,35.0000,24.3141,10.6859,600.0000,31.29,119.76,3.0300,3.36,319.90,9.037113e-04
3404,32.8585,140.00,31.40,35.0000,24.3141,10.6859,600.0000,31.49,119.76,3.0300,0.00,319.89,9.038694e-04
3405,32.9058,140.00,31.83,35.0000,24.3141,10.6859,600.0000,31.80,119.76,3.0300,3.06,319.87,9.040275e-04
3406,33.2749,140.00,32.12,35.0000,24.3141,10.6859,600.0000,32.22,119.76,3.0300,0.00,319.86,9.041855e-04
3407,33.5786,140.00,32.86,35.0000,24.3141,10.6859,600.0000,32.70,119.76,3.0300,4.20,319.84,9.043436e-04
3408,32.9581,140.00,33.23,35.0000,24.3141,10.6859,600.0000,33.21,119.76,3.0300,2.93,319.82,9.045016e-04
3409,33.4885,140.00,33.78,35.0000,24.3141,10.6859,600.0000,33.73,119.76,3.0300,3.40,319.81,9.046597e-04
3410,32.9300,140.00,61.25,35.0000,24.3141,10.6859,600.0000,34.20,119.76,3.0300,23.48,319.79,9.048177e-04
3411,33.3649,140.00,34.50,35.0000,24.3141,10.6859,600.0000,34.62,119.76,3.0300,0.00,319.78,9.049757e-04
3412,33.0868,140.00,35.11,35.0000,24.3141,10.6859,600.0000,34.93,119.76,3.0300,4.23,319.76,9.051337e-04
3413,33.6498,140.00,35.19,35.0000,24.3141,10.6859,600.0000,35.13,119.76,3.0300,3.46,319.74,9.052917e-04
3414,33.0659,140.00,35.27,35.0000,24.3141,10.6859,600.0000,35.19,119.76,3.0300,3.63,319.73,9.054497e-04
3415,33.5080,140.00,35.05,35.0000,24.3141,10.6859,600.0000,35.12,119.76,3.0300,0.00,319.71,9.056077e-04
3416,33.2582,140.00,34.78,35.0000,24.3141,10.6859,600.0000,34.92,119.76,3.0300,0.00,319.69,9.057656e-04
3417,33.5526,140.00,34.72,35.0000,24.3141,10.6859,600.0000,34.60,119.76,3.0300,3.95,319.68,9.059236e-04
3418,32.8496,140.00,34.28,35.0000,24.3141,10.6859,600.0000,34.18,119.76,3.0300,3.74,319.66,9.060815e-04
3419,33.3614,140.00,33.69,35.0000,24.3141,10.6859,600.0000,33.70,119.76,3.0300,0.00,319.65,9.062395e-04
3420,33.2103,140.00,33.12,35.0000,24.3141,10.6859,600.0000,33.18,119.76,3.0300,0.00,319.63,9.063974e-04
3421,33.2318,140.00,32.73,35.0000,24.3141,10.6859,600.0000,32.66,119.76,3.0300,3.60,319.61,9.065553e-04
3422,33.5722,140.00,32.12,35.0000,24.3141,10.6859,600.0000,32.17,119.76,3.0300,0.00,319.60,9.067132e-04
3423,33.4758,140.00,31.72,35.0000,24.3141,10.6859,600.0000,31.75,119.76,3.0300,0.00,319.58,9.068711e-04
3424,33.6875,140.00,31.35,35.0000,24.3141,10.6859,600.0000,31.43,119.76,3.0300,0.00,319.57,9.070290e-04
3425,33.2343,140.00,31.12,35.0000,24.3141,10.6859,600.0000,31.23,119.76,3.0300,0.00,319.55,9.071869e-04
3426,33.5069,140.00,31.29,35.0000,24.3141,10.6859,600.0000,31.16,119.76,3.0300,3.99,319.53,9.073448e-04
3427,33.0620,140.00,31.34,35.0000,24.3141,10.6859,600.0000,31.23,119.76,3.0300,3.90,319.52,9.075026e-04
3428,33.4734,140.00,31.42,35.0000,24.3141,10.6859,600.0000,31.42,119.76,3.0300,0.65,319.50,9.076605e-04
3429,32.9436,140.00,31.89,35.0000,24.3141,10.6859,600.0000,31.74,119.76,3.0300,4.10,319.48,9.078183e-04
3430,32.9175,140.00,32.17,35.0000,24.3141,10.6859,600.0000,32.15,119.76,3.0300,3.00,319.47,9.079762e-04
3431,33.0144,140.00,32.44,35.0000,24.3141,10.6859,600.0000,32.63,119.76,3.0300,0.00,319.45,9.081340e-04
3432,33.3228,140.00,33.09,35.0000,24.3141,10.6859,600.0000,33.14,119.76,3.0300,0.00,319.44,9.082918e-04
3433,33.1304,140.00,33.69,35.0000,24.3141,10.6859,600.0000,33.66,119.76,3.0300,3.18,319.42,9.084496e-04
3434,33.2594,140.00,34.11,35.0000,24.3141,10.6859,600.0000,34.14,119.76,3.0300,0.00,319.40,9.086074e-04
3435,32.8097,140.00,61.54,35.0000,24.3141,10.6859,600.0000,34.55,119.76,3.0300,23.45,319.39,9.087652e-04
3436,33.5607,140.00,34.98,35.0000,24.3141,10.6859,600.0000,34.86,119.76,3.0300,3.87,319.37,9.089230e-04
3437,32.8659,140.00,61.96,35.0000,24.3141,10.6859,600.0000,35.06,119.76,3.0300,23.41,319.36,9.090807e-04
3438,33.0880,140.00,35.28,35.0000,24.3141,10.6859,600.0000,35.13,119.76,3.0300,4.11,319.34,9.092385e-04
3439,33.1739,140.00,35.03,35.0000,24.3141,10.6859,600.0000,35.06,119.76,3.0300,0.00,319.32,9.093962e-04
3440,33.2902,140.00,34.82,35.0000,24.3141,10.6859,600.0000,34.85,119.76,3.0300,0.00,319.31,9.095540e-04
3441,32.8702,140.00,61.52,35.0000,24.3141,10.6859,600.0000,34.53,119.76,3.0300,23.45,319.29,9.097117e-04
3442,33.7479,140.00,34.11,35.0000,24.3141,10.6859,600.0000,34.12,119.76,3.0300,0.00,319.28,9.098694e-04
3443,33.2408,140.00,33.61,35.0000,24.3141,10.6859,600.0000,33.63,119.76,3.0300,0.00,319.26,9.100271e-04
3444,33.6119,140.00,33.07,35.0000,24.3141,10.6859,600.0000,33.11,119.76,3.0300,0.00,319.24,9.101848e-04
3445,33.3973,140.00,32.51,35.0000,24.3141,10.6859,600.0000,32.59,119.76,3.0300,0.00,319.23,9.103425e-04
3446,33.5480,140.00,32.25,35.0000,24.3141,10.6859,600.0000,32.10,119.76,3.0300,4.09,319.21,9.105002e-04
3447,33.2793,140.00,31.67,35.0000,24.3141,10.6859,600.0000,31.69,119.76,3.0300,0.00,319.20,9.106579e-04
3448,33.1876,140.00,31.46,35.0000,24.3141,10.6859,600.0000,31.37,119.76,3.0300,3.71,319.18,9.108156e-04
3449,32.9111,140.00,31.28,35.0000,24.3141,10.6859,600.0000,31.16,119.76,3.0300,3.89,319.16,9.109732e-04
3450,33.6992,140.00,31.08,35.0000,24.3141,10.6859,600.0000,31.09,119.76,3.0300,0.00,319.15,9.111309e-04
3451,33.6024,140.00,31.07,35.0000,24.3141,10.6859,600.0000,31.16,119.76,3.0300,0.00,319.13,9.112885e-04
3452,33.6149,140.00,31.29,35.0000,24.3141,10.6859,600.0000,31.36,119.76,3.0300,0.00,319.11,9.114461e-04
3453,33.0949,140.00,31.84,35.0000,24.3141,10.6859,600.0000,31.67,119.76,3.0300,4.19,319.10,9.116037e-04
3454,33.2303,140.00,32.22,35.0000,24.3141,10.6859,600.0000,32.08,119.76,3.0300,4.03,319.08,9.117614e-04
3455,32.8901,140.00,32.45,35.0000,24.3141,10.6859,600.0000,32.56,119.76,3.0300,0.00,319.07,9.119190e-04
3456,33.0318,140.00,33.34,35.0000,24.3141,10.6859,600.0000,33.08,119.76,3.0300,4.58,319.05,9.120766e-04
3457,33.4612,140.00,33.58,35.0000,24.3141,10.6859,600.0000,33.59,119.76,3.0300,0.00,319.03,9.122341e-04
3458,33.8042,140.00,34.02,35.0000,24.3141,10.6859,600.0000,34.07,119.76,3.0300,0.00,319.02,9.123917e-04
3459,33.4506,140.00,34.33,35.0000,24.3141,10.6859,600.0000,34.48,119.76,3.0300,0.00,319.00,9.125493e-04
3460,33.2988,140.00,34.80,35.0000,24.3141,10.6859,600.0000,34.80,119.76,3.0300,0.00,318.99,9.127068e-04
3461,33.2076,140.00,35.08,35.0000,24.3141,10.6859,600.0000,34.99,119.76,3.0300,3.68,318.97,9.128644e-04
3462,33.0392,140.00,35.08,35.0000,24.3141,10.6859,600.0000,35.06,119.76,3.0300,2.92,318.95,9.130219e-04
3463,33.0175,140.00,34.95,35.0000,24.3141,10.6859,600.0000,34.99,119.76,3.0300,0.00,318.94,9.131794e-04
3464,33.2246,140.00,34.95,35.0000,24.3141,10.6859,600.0000,34.79,119.76,3.0300,4.16,318.92,9.133370e-04
3465,33.1391,140.00,34.42,35.0000,24.3141,10.6859,600.0000,34.47,119.76,3.0300,0.00,318.91,9.134945e-04
3466,33.0874,140.00,33.91,35.0000,24.3141,10.6859,600.0000,34.05,119.76,3.0300,0.00,318.89,9.136520e-04
3467,33.2213,140.00,33.49,35.0000,24.3141,10.6859,600.0000,33.56,119.76,3.0300,0.00,318.87,9.138095e-04
3468,33.0514,140.00,32.92,35.0000,24.3141,10.6859,600.0000,33.04,119.76,3.0300,0.00,318.86,9.139670e-04
3469,33.0712,140.00,32.52,35.0000,24.3141,10.6859,600.0000,32.52,119.76,3.0300,0.00,318.84,9.141244e-04
3470,33.7030,140.00,32.16,35.0000,24.3141,10.6859,600.0000,32.04,119.76,3.0300,3.93,318.83,9.142819e-04
3471,33.0654,140.00,31.70,35.0000,24.3141,10.6859,600.0000,31.62,119.76,3.0300,3.67,318.81,9.144394e-04
3472,33.0108,140.00,31.25,35.0000,24.3141,10.6859,600.0000,31.30,119.76,3.0300,0.00,318.79,9.145968e-04
3473,33.8581,140.00,31.16,35.0000,24.3141,10.6859,600.0000,31.10,119.76,3.0300,3.50,318.78,9.147542e-04
3474,33.6835,140.00,30.97,35.0000,24.3141,10.6859,600.0000,31.03,119.76,3.0300,0.00,318.76,9.149117e-04
3475,33.3695,140.00,31.10,35.0000,24.3141,10.6859,600.0000,31.09,119.76,3.0300,2.51,318.75,9.150691e-04
3476,33.0551,140.00,31.38,35.0000,24.3141,10.6859,600.0000,31.29,119.76,3.0300,3.71,318.73,9.152265e-04
3477,33.5733,140.00,31.62,35.0000,24.3141,10.6859,600.0000,31.60,119.76,3.0300,2.94,318.71,9.153839e-04
3478,33.7489,140.00,32.05,35.0000,24.3141,10.6859,600.0000,32.01,119.76,3.0300,3.22,318.70,9.155413e-04
3479,33.8531,140.00,32.58,35.0000,24.3141,10.6859,600.0000,32.49,119.76,3.0300,3.68,318.68,9.156987e-04
3480,33.8949,140.00,32.96,35.0000,24.3141,10.6859,600.0000,33.01,119.76,3.0300,0.00,318.67,9.158561e-04
3481,33.4845,140.00,33.59,35.0000,24.3141,10.6859,600.0000,33.52,119.76,3.0300,3.54,318.65,9.160134e-04
3482,33.7686,140.00,34.07,35.0000,24.3141,10.6859,600.0000,34.00,119.76,3.0300,3.57,318.63,9.161708e-04
3483,33.0916,140.00,34.24,35.0000,24.3141,10.6859,600.0000,34.41,119.76,3.0300,0.00,318.62,9.163281e-04
3484,33.9652,140.00,34.85,35.0000,24.3141,10.6859,600.0000,34.73,119.76,3.0300,3.94,318.60,9.164855e-04
3485,33.7544,140.00,34.83,35.0000,24.3141,10.6859,600.0000,34.93,119.76,3.0300,0.00,318.59,9.166428e-04
3486,33.6258,140.00,35.00,35.0000,24.3141,10.6859,600.0000,34.99,119.76,3.0300,2.63,318.57,9.168001e-04
3487,33.7616,140.00,35.08,35.0000,24.3141,10.6859,600.0000,34.92,119.76,3.0300,4.14,318.55,9.169575e-04
3488,33.2204,140.00,34.88,35.0000,24.3141,10.6859,600.0000,34.72,119.76,3.0300,4.15,318.54,9.171148e-04
3489,33.9627,140.00,34.37,35.0000,24.3141,10.6859,600.0000,34.40,119.76,3.0300,0.00,318.52,9.172721e-04
3490,33.7357,140.00,33.96,35.0000,24.3141,10.6859,600.0000,33.98,119.76,3.0300,0.00,318.51,9.174294e-04
3491,34.0351,140.00,33.45,35.0000,24.3141,10.6859,600.0000,33.49,119.76,3.0300,0.00,318.49,9.175866e-04
3492,33.7654,140.00,32.95,35.0000,24.3141,10.6859,600.0000,32.97,119.76,3.0300,0.00,318.47,9.177439e-04
3493,33.5469,140.00,32.56,35.0000,24.3141,10.6859,600.0000,32.45,119.76,3.0300,3.82,318.46,9.179012e-04
3494,33.1712,140.00,31.94,35.0000,24.3141,10.6859,600.0000,31.97,119.76,3.0300,0.00,318.44,9.180584e-04
3495,33.2066,140.00,31.32,35.0000,24.3141,10.6859,600.0000,31.55,119.76,3.0300,0.00,318.43,9.182157e-04
3496,33.4587,140.00,31.21,35.0000,24.3141,10.6859,600.0000,31.23,119.76,3.0300,0.00,318.41,9.183729e-04
3497,33.2324,140.00,30.94,35.0000,24.3141,10.6859,600.0000,31.03,119.76,3.0300,0.00,318.40,9.185301e-04
3498,33.6615,140.00,31.07,35.0000,24.3141,10.6859,600.0000,30.96,119.76,3.0300,3.91,318.38,9.186874e-04
3499,33.7898,140.00,31.08,35.0000,24.3141,10.6859,600.0000,31.02,119.76,3.0300,3.49,318.36,9.188446e-04
3500,33.4114,140.00,31.34,35.0000,24.3141,10.6859,600.0000,31.22,119.76,3.0300,3.93,318.35,9.190018e-04
3501,33.1844,140.00,31.59,35.0000,24.3141,10.6859,600.0000,31.53,119.76,3.0300,3.47,318.33,9.191590e-04
3502,33.3733,140.00,31.87,35.0000,24.3141,10.6859,600.0000,31.94,119.76,3.0300,0.00,318.32,9.193161e-04
3503,33.6531,140.00,32.35,35.0000,24.3141,10.6859,600.0000,32.42,119.76,3.0300,0.00,318.30,9.194733e-04
3504,34.1076,140.00,33.01,35.0000,24.3141,10.6859,600.0000,32.94,119.76,3.0300,3.56,318.28,9.196305e-04
3505,33.3043,140.00,33.30,35.0000,24.3141,10.6859,600.0000,33.45,119.76,3.0300,0.00,318.27,9.197877e-04
3506,33.7258,140.00,33.89,35.0000,24.3141,10.6859,600.0000,33.93,119.76,3.0300,0.00,318.25,9.199448e-04
3507,33.7314,140.00,34.50,35.0000,24.3141,10.6859,600.0000,34.34,119.76,3.0300,4.10,318.24,9.201019e-04
3508,33.8962,140.00,34.60,35.0000,24.3141,10.6859,600.0000,34.66,119.76,3.0300,0.00,318.22,9.202591e-04
3509,33.8739,140.00,34.90,35.0000,24.3141,10.6859,600.0000,34.86,119.76,3.0300,3.31,318.20,9.204162e-04
3510,33.3813,140.00,35.14,35.0000,24.3141,10.6859,600.0000,34.92,119.76,3.0300,4.43,318.19,9.205733e-04
3511,33.5115,140.00,34.82,35.0000,24.3141,10.6859,600.0000,34.85,119.76,3.0300,0.00,318.17,9.207304e-04
3512,33.6843,140.00,34.62,35.0000,24.3141,10.6859,600.0000,34.65,119.76,3.0300,0.00,318.16,9.208875e-04
3513,33.7080,140.00,34.18,35.0000,24.3141,10.6859,600.0000,34.33,119.76,3.0300,0.00,318.14,9.210446e-04
3514,34.1120,140.00,33.87,35.0000,24.3141,10.6859,600.0000,33.91,119.76,3.0300,0.00,318.12,9.212017e-04
3515,33.6585,140.00,33.48,35.0000,24.3141,10.6859,600.0000,33.42,119.76,3.0300,3.45,318.11,9.213588e-04
3516,34.0967,140.00,32.95,35.0000,24.3141,10.6859,600.0000,32.90,119.76,3.0300,3.28,318.09,9.215158e-04
3517,33.7747,140.00,32.46,35.0000,24.3141,10.6859,600.0000,32.38,119.76,3.0300,3.58,318.08,9.216729e-04
3518,33.6771,140.00,31.96,35.0000,24.3141,10.6859,600.0000,31.90,119.76,3.0300,3.46,318.06,9.218299e-04
3519,33.6296,140.00,31.44,35.0000,24.3141,10.6859,600.0000,31.48,119.76,3.0300,0.00,318.04,9.219870e-04
3520,34.1712,140.00,31.18,35.0000,24.3141,10.6859,600.0000,31.16,119.76,3.0300,2.88,318.03,9.221440e-04
3521,33.5127,140.00,30.86,35.0000,24.3141,10.6859,600.0000,30.96,119.76,3.0300,0.00,318.01,9.223010e-04
3522,33.6281,140.00,30.91,35.0000,24.3141,10.6859,600.0000,30.89,119.76,3.0300,2.98,318.00,9.224581e-04
3523,33.9012,140.00,30.98,35.0000,24.3141,10.6859,600.0000,30.95,119.76,3.0300,2.99,317.98,9.226151e-04
3524,33.5749,140.00,31.22,35.0000,24.3141,10.6859,600.0000,31.15,119.76,3.0300,3.61,317.97,9.227721e-04
3525,34.3115,140.00,31.47,35.0000,24.3141,10.6859,600.0000,31.46,119.76,3.0300,2.57,317.95,9.229290e-04
3526,34.2010,140.00,31.90,35.0000,24.3141,10.6859,600.0000,31.87,119.76,3.0300,3.06,317.93,9.230860e-04
3527,34.3869,140.00,32.36,35.0000,24.3141,10.6859,600.0000,32.35,119.76,3.0300,2.56,317.92,9.232430e-04
3528,34.0187,140.00,32.85,35.0000,24.3141,10.6859,600.0000,32.87,119.76,3.0300,0.00,317.90,9.234000e-04
3529,34.0204,140.00,33.31,35.0000,24.3141,10.6859,600.0000,33.38,119.76,3.0300,0.00,317.89,9.235569e-04
3530,33.6353,140.00,33.80,35.0000,24.3141,10.6859,600.0000,33.86,119.76,3.0300,0.00,317.87,9.237139e-04
3531,33.9913,140.00,34.35,35.0000,24.3141,10.6859,600.0000,34.27,119.76,3.0300,3.58,317.85,9.238708e-04
3532,33.9843,140.00,34.60,35.0000,24.3141,10.6859,600.0000,34.59,119.76,3.0300,2.65,317.84,9.240277e-04
3533,34.0472,140.00,34.77,35.0000,24.3141,10.6859,600.0000,34.79,119.76,3.0300,0.00,317.82,9.241847e-04
3534,34.5465,140.00,34.88,35.0000,24.3141,10.6859,600.0000,34.85,119.76,3.0300,3.14,317.81,9.243416e-04
3535,33.9761,140.00,34.93,35.0000,24.3141,10.6859,600.0000,34.78,119.76,3.0300,4.08,317.79,9.244985e-04
3536,33.7001,140.00,34.61,35.0000,24.3141,10.6859,600.0000,34.58,119.76,3.0300,3.09,317.78,9.246554e-04
3537,33.6675,140.00,34.23,35.0000,24.3141,10.6859,600.0000,34.26,119.76,3.0300,0.00,317.76,9.248123e-04
3538,33.6655,140.00,33.87,35.0000,24.3141,10.6859,600.0000,33.84,119.76,3.0300,3.04,317.74,9.249691e-04
3539,34.1198,140.00,33.41,35.0000,24.3141,10.6859,600.0000,33.35,119.76,3.0300,3.41,317.73,9.251260e-04
3540,34.3422,140.00,32.77,35.0000,24.3141,10.6859,600.0000,32.83,119.76,3.0300,0.00,317.71,9.252829e-04
3541,33.8719,140.00,32.28,35.0000,24.3141,10.6859,600.0000,32.31,119.76,3.0300,0.00,317.70,9.254397e-04
3542,34.1778,140.00,31.79,35.0000,24.3141,10.6859,600.0000,31.83,119.76,3.0300,0.00,317.68,9.255966e-04
3543,34.4537,140.00,31.39,35.0000,24.3141,10.6859,600.0000,31.41,119.76,3.0300,0.00,317.66,9.257534e-04
3544,34.4652,140.00,31.13,35.0000,24.3141,10.6859,600.0000,31.09,119.76,3.0300,3.30,317.65,9.259103e-04
3545,34.3957,140.00,30.86,35.0000,24.3141,10.6859,600.0000,30.89,119.76,3.0300,0.00,317.63,9.260671e-04
3546,34.6152,140.00,30.84,35.0000,24.3141,10.6859,600.0000,30.82,119.76,3.0300,2.94,317.62,9.262239e-04
3547,33.9165,140.00,30.96,35.0000,24.3141,10.6859,600.0000,30.88,119.76,3.0300,3.63,317.60,9.263807e-04
3548,34.1565,140.00,31.06,35.0000,24.3141,10.6859,600.0000,31.08,119.76,3.0300,0.00,317.59,9.265375e-04
3549,34.1727,140.00,31.39,35.0000,24.3141,10.6859,600.0000,31.39,119.76,3.0300,0.00,317.57,9.266943e-04
3550,34.0183,140.00,31.74,35.0000,24.3141,10.6859,600.0000,31.80,119.76,3.0300,0.00,317.55,9.268511e-04
3551,34.3138,140.00,32.33,35.0000,24.3141,10.6859,600.0000,32.28,119.76,3.0300,3.32,317.54,9.270079e-04
3552,34.7411,140.00,32.78,35.0000,24.3141,10.6859,600.0000,32.80,119.76,3.0300,0.00,317.52,9.271646e-04
3553,34.1567,140.00,33.33,35.0000,24.3141,10.6859,600.0000,33.31,119.76,3.0300,2.77,317.51,9.273214e-04
3554,34.7807,140.00,33.77,35.0000,24.3141,10.6859,600.0000,33.79,119.76,3.0300,0.00,317.49,9.274781e-04
3555,33.8849,140.00,34.17,35.0000,24.3141,10.6859,600.0000,34.20,119.76,3.0300,0.00,317.47,9.276349e-04
3556,34.5242,140.00,34.53,35.0000,24.3141,10.6859,600.0000,34.52,119.76,3.0300,2.81,317.46,9.277916e-04
3557,34.5399,140.00,34.75,35.0000,24.3141,10.6859,600.0000,34.71,119.76,3.0300,3.14,317.44,9.279483e-04
3558,34.2475,140.00,34.86,35.0000,24.3141,10.6859,600.0000,34.78,119.76,3.0300,3.65,317.43,9.281050e-04
3559,34.0074,140.00,34.77,35.0000,24.3141,10.6859,600.0000,34.71,119.76,3.0300,3.46,317.41,9.282618e-04
3560,34.8224,140.00,34.50,35.0000,24.3141,10.6859,600.0000,34.51,119.76,3.0300,0.00,317.40,9.284185e-04
3561,34.1987,140.00,34.21,35.0000,24.3141,10.6859,600.0000,34.19,119.76,3.0300,2.98,317.38,9.285752e-04
3562,34.5095,140.00,33.84,35.0000,24.3141,10.6859,600.0000,33.77,119.76,3.0300,3.58,317.36,9.287318e-04
3563,34.6973,140.00,33.26,35.0000,24.3141,10.6859,600.0000,33.28,119.76,3.0300,0.00,317.35,9.288885e-04
3564,34.6642,140.00,32.70,35.0000,24.3141,10.6859,600.0000,32.76,119.76,3.0300,0.00,317.33,9.290452e-04
3565,34.3146,140.00,32.17,35.0000,24.3141,10.6859,600.0000,32.24,119.76,3.0300,0.00,317.32,9.292018e-04
3566,34.7173,140.00,31.80,35.0000,24.3141,10.6859,600.0000,31.76,119.76,3.0300,3.23,317.30,9.293585e-04
3567,34.5069,140.00,31.37,35.0000,24.3141,10.6859,600.0000,31.34,119.76,3.0300,3.18,317.29,9.295151e-04
3568,34.8021,140.00,30.98,35.0000,24.3141,10.6859,600.0000,31.02,119.76,3.0300,0.00,317.27,9.296718e-04
3569,34.8488,140.00,30.86,35.0000,24.3141,10.6859,600.0000,30.82,119.76,3.0300,3.31,317.25,9.298284e-04
3570,34.0586,140.00,30.76,35.0000,24.3141,10.6859,600.0000,30.74,119.76,3.0300,2.91,317.24,9.299850e-04
3571,34.8595,140.00,30.81,35.0000,24.3141,10.6859,600.0000,30.81,119.76,3.0300,2.25,317.22,9.301417e-04
3572,34.6961,140.00,31.07,35.0000,24.3141,10.6859,600.0000,31.01,119.76,3.0300,3.47,317.21,9.302983e-04
3573,34.3062,140.00,31.33,35.0000,24.3141,10.6859,600.0000,31.32,119.76,3.0300,2.57,317.19,9.304549e-04
3574,34.6197,140.00,31.67,35.0000,24.3141,10.6859,600.0000,31.73,119.76,3.0300,0.00,317.17,9.306114e-04
3575,34.1289,140.00,32.13,35.0000,24.3141,10.6859,600.0000,32.21,119.76,3.0300,0.00,317.16,9.307680e-04
3576,34.5618,140.00,32.76,35.0000,24.3141,10.6859,600.0000,32.73,119.76,3.0300,3.17,317.14,9.309246e-04
3577,34.4853,140.00,33.20,35.0000,24.3141,10.6859,600.0000,33.24,119.76,3.0300,0.00,317.13,9.310812e-04
3578,34.4945,140.00,33.65,35.0000,24.3141,10.6859,600.0000,33.72,119.76,3.0300,0.00,317.11,9.312377e-04
3579,34.7935,140.00,34.18,35.0000,24.3141,10.6859,600.0000,34.13,119.76,3.0300,3.37,317.10,9.313943e-04
3580,34.9516,140.00,34.50,35.0000,24.3141,10.6859,600.0000,34.45,119.76,3.0300,3.37,317.08,9.315508e-04
3581,34.4225,140.00,34.70,35.0000,24.3141,10.6859,600.0000,34.64,119.76,3.0300,3.46,317.06,9.317074e-04
3582,34.2697,140.00,34.72,35.0000,24.3141,10.6859,600.0000,34.71,119.76,3.0300,2.70,317.05,9.318639e-04
3583,34.3012,140.00,34.75,35.0000,24.3141,10.6859,600.0000,34.64,119.76,3.0300,3.86,317.03,9.320204e-04
3584,35.1872,140.00,34.41,35.0000,24.3141,10.6859,600.0000,34.43,119.76,3.0300,0.00,317.02,9.321769e-04
3585,35.1851,140.00,34.12,35.0000,24.3141,10.6859,600.0000,34.11,119.76,3.0300,2.70,317.00,9.323334e-04
3586,34.7556,140.00,33.70,35.0000,24.3141,10.6859,600.0000,33.70,119.76,3.0300,1.84,316.99,9.324899e-04
3587,34.7853,140.00,33.19,35.0000,24.3141,10.6859,600.0000,33.21,119.76,3.0300,0.00,316.97,9.326464e-04
3588,35.1410,140.00,32.70,35.0000,24.3141,10.6859,600.0000,32.69,119.76,3.0300,2.56,316.95,9.328029e-04
3589,35.1962,140.00,32.17,35.0000,24.3141,10.6859,600.0000,32.17,119.76,3.0300,0.00,316.94,9.329594e-04
3590,34.5864,140.00,31.71,35.0000,24.3141,10.6859,600.0000,31.68,119.76,3.0300,3.10,316.92,9.331158e-04
3591,35.0284,140.00,31.30,35.0000,24.3141,10.6859,600.0000,31.27,119.76,3.0300,3.17,316.91,9.332723e-04
3592,35.3628,140.00,30.94,35.0000,24.3141,10.6859,600.0000,30.95,119.76,3.0300,0.00,316.89,9.334287e-04
3593,35.0037,140.00,30.76,35.0000,24.3141,10.6859,600.0000,30.74,119.76,3.0300,2.91,316.88,9.335852e-04
3594,34.8677,140.00,30.64,35.0000,24.3141,10.6859,600.0000,30.67,119.76,3.0300,0.00,316.86,9.337416e-04
3595,35.0269,140.00,30.76,35.0000,24.3141,10.6859,600.0000,30.74,119.76,3.0300,2.99,316.84,9.338980e-04
3596,35.3764,140.00,30.92,35.0000,24.3141,10.6859,600.0000,30.93,119.76,3.0300,0.00,316.83,9.340544e-04
3597,34.7835,140.00,31.21,35.0000,24.3141,10.6859,600.0000,31.25,119.76,3.0300,0.00,316.81,9.342109e-04
3598,34.9331,140.00,31.64,35.0000,24.3141,10.6859,600.0000,31.66,119.76,3.0300,0.00,316.80,9.343673e-04
3599,34.6327,140.00,32.16,35.0000,24.3141,10.6859,600.0000,32.14,119.76,3.0300,2.87,316.78,9.345237e-04
3600,35.0337,140.00,32.67,35.0000,24.3141,10.6859,600.0000,32.65,119.76,3.0300,2.91,316.77,9.346800e-04
3601,35.3659,140.00,33.16,35.0000,24.3141,10.6859,600.0000,33.17,119.76,3.0300,0.00,316.75,9.348364e-04
3602,34.5528,140.00,33.64,35.0000,24.3141,10.6859,600.0000,33.65,119.76,3.0300,0.00,316.73,9.349928e-04
3603,35.4713,140.00,34.04,35.0000,24.3141,10.6859,600.0000,34.06,119.76,3.0300,0.00,316.72,9.351492e-04
3604,35.2348,140.00,34.37,35.0000,24.3141,10.6859,600.0000,34.37,119.76,3.0300,0.00,316.70,9.353055e-04
3605,34.9390,140.00,34.57,35.0000,24.3141,10.6859,600.0000,34.57,119.76,3.0300,0.00,316.69,9.354619e-04
3606,35.1867,140.00,34.64,35.0000,24.3141,10.6859,600.0000,34.64,119.76,3.0300,2.50,316.67,9.356182e-04
3607,35.3829,140.00,34.57,35.0000,24.3141,10.6859,600.0000,34.56,119.76,3.0300,2.42,316.66,9.357745e-04
3608,34.7514,140.00,34.35,35.0000,24.3141,10.6859,600.0000,34.36,119.76,3.0300,0.00,316.64,9.359309e-04
3609,35.6020,140.00,34.08,35.0000,24.3141,10.6859,600.0000,34.04,119.76,3.0300,3.20,316.63,9.360872e-04
3610,35.4299,140.00,33.64,35.0000,24.3141,10.6859,600.0000,33.62,119.76,3.0300,2.77,316.61,9.362435e-04
3611,35.5934,140.00,33.14,35.0000,24.3141,10.6859,600.0000,33.14,119.76,3.0300,2.44,316.59,9.363998e-04
3612,34.8221,140.00,32.61,35.0000,24.3141,10.6859,600.0000,32.62,119.76,3.0300,0.00,316.58,9.365561e-04
3613,34.8336,140.00,32.11,35.0000,24.3141,10.6859,600.0000,32.10,119.76,3.0300,2.66,316.56,9.367124e-04
3614,35.3858,140.00,31.60,35.0000,24.3141,10.6859,600.0000,31.61,119.76,3.0300,0.00,316.55,9.368687e-04
3615,35.3227,140.00,31.19,35.0000,24.3141,10.6859,600.0000,31.19,119.76,3.0300,0.00,316.53,9.370249e-04
3616,34.8097,140.00,30.87,35.0000,24.3141,10.6859,600.0000,30.87,119.76,3.0300,0.00,316.52,9.371812e-04
3617,35.2503,140.00,30.67,35.0000,24.3141,10.6859,600.0000,30.67,119.76,3.0300,0.00,316.50,9.373375e-04
3618,35.0303,140.00,30.58,35.0000,24.3141,10.6859,600.0000,30.60,119.76,3.0300,0.00,316.48,9.374937e-04
3619,35.6713,140.00,30.68,35.0000,24.3141,10.6859,600.0000,30.66,119.76,3.0300,2.81,316.47,9.376500e-04
3620,34.8877,140.00,30.87,35.0000,24.3141,10.6859,600.0000,30.86,119.76,3.0300,2.54,316.45,9.378062e-04
3621,35.2918,140.00,31.19,35.0000,24.3141,10.6859,600.0000,31.18,119.76,3.0300,2.70,316.44,9.379624e-04
3622,35.3321,140.00,31.62,35.0000,24.3141,10.6859,600.0000,31.59,119.76,3.0300,3.13,316.42,9.381187e-04
3623,35.7085,140.00,32.07,35.0000,24.3141,10.6859,600.0000,32.07,119.76,3.0300,1.96,316.41,9.382749e-04
3624,35.4413,140.00,32.57,35.0000,24.3141,10.6859,600.0000,32.58,119.76,3.0300,0.00,316.39,9.384311e-04
3625,34.9415,140.00,33.07,35.0000,24.3141,10.6859,600.0000,33.09,119.76,3.0300,0.00,316.37,9.385873e-04
3626,35.3699,140.00,33.57,35.0000,24.3141,10.6859,600.0000,33.57,119.76,3.0300,0.00,316.36,9.387435e-04
3627,34.9114,140.00,33.98,35.0000,24.3141,10.6859,600.0000,33.99,119.76,3.0300,0.00,316.34,9.388997e-04
3628,35.5852,140.00,34.30,35.0000,24.3141,10.6859,600.0000,34.30,119.76,3.0300,0.00,316.33,9.390558e-04
3629,35.7153,140.00,34.50,35.0000,24.3141,10.6859,600.0000,34.50,119.76,3.0300,2.58,316.31,9.392120e-04
3630,35.8317,140.00,34.59,35.0000,24.3141,10.6859,600.0000,34.56,119.76,3.0300,3.05,316.30,9.393682e-04
3631,35.5833,140.00,34.50,35.0000,24.3141,10.6859,600.0000,34.49,119.76,3.0300,2.62,316.28,9.395243e-04
3632,35.7535,140.00,34.28,35.0000,24.3141,10.6859,600.0000,34.29,119.76,3.0300,0.00,316.27,9.396805e-04
3633,35.8710,140.00,33.98,35.0000,24.3141,10.6859,600.0000,33.97,119.76,3.0300,2.72,316.25,9.398366e-04
3634,35.8008,140.00,33.56,35.0000,24.3141,10.6859,600.0000,33.55,119.76,3.0300,2.55,316.23,9.399927e-04
3635,35.4938,140.00,33.10,35.0000,24.3141,10.6859,600.0000,33.06,119.76,3.0300,3.15,316.22,9.401489e-04
3636,35.7808,140.00,32.55,35.0000,24.3141,10.6859,600.0000,32.54,119.76,3.0300,2.59,316.20,9.403050e-04
3637,35.9586,140.00,32.03,35.0000,24.3141,10.6859,600.0000,32.02,119.76,3.0300,2.36,316.19,9.404611e-04
3638,35.1030,140.00,31.57,35.0000,24.3141,10.6859,600.0000,31.54,119.76,3.0300,3.15,316.17,9.406172e-04
3639,35.3702,140.00,31.12,35.0000,24.3141,10.6859,600.0000,31.12,119.76,3.0300,0.69,316.16,9.407733e-04
3640,35.1723,140.00,30.82,35.0000,24.3141,10.6859,600.0000,30.80,119.76,3.0300,3.01,316.14,9.409294e-04
3641,35.9474,140.00,30.58,35.0000,24.3141,10.6859,600.0000,30.60,119.76,3.0300,0.00,316.12,9.410855e-04
3642,35.6447,140.00,30.51,35.0000,24.3141,10.6859,600.0000,30.52,119.76,3.0300,0.00,316.11,9.412415e-04
3643,36.0884,140.00,30.61,35.0000,24.3141,10.6859,600.0000,30.59,119.76,3.0300,2.88,316.09,9.413976e-04
3644,35.1884,140.00,30.80,35.0000,24.3141,10.6859,600.0000,30.79,119.76,3.0300,2.86,316.08,9.415537e-04
3645,36.0669,140.00,31.10,35.0000,24.3141,10.6859,600.0000,31.10,119.76,3.0300,2.33,316.06,9.417097e-04
3646,35.2441,140.00,31.50,35.0000,24.3141,10.6859,600.0000,31.51,119.76,3.0300,0.00,316.05,9.418658e-04
3647,35.4243,140.00,32.00,35.0000,24.3141,10.6859,600.0000,31.99,119.76,3.0300,2.68,316.03,9.420218e-04
3648,35.6321,140.00,32.50,35.0000,24.3141,10.6859,600.0000,32.51,119.76,3.0300,0.00,316.02,9.421778e-04
3649,35.7015,140.00,33.03,35.0000,24.3141,10.6859,600.0000,33.02,119.76,3.0300,2.71,316.00,9.423338e-04
3650,35.4951,140.00,33.53,35.0000,24.3141,10.6859,600.0000,33.50,119.76,3.0300,3.05,315.98,9.424899e-04
3651,35.6245,140.00,33.90,35.0000,24.3141,10.6859,600.0000,33.91,119.76,3.0300,0.00,315.97,9.426459e-04
3652,36.2582,140.00,34.23,35.0000,24.3141,10.6859,600.0000,34.23,119.76,3.0300,2.37,315.95,9.428019e-04
3653,35.6891,140.00,34.41,35.0000,24.3141,10.6859,600.0000,34.42,119.76,3.0300,0.00,315.94,9.429579e-04
3654,36.1496,140.00,34.49,35.0000,24.3141,10.6859,600.0000,34.49,119.76,3.0300,0.00,315.92,9.431138e-04
3655,35.9722,140.00,34.42,35.0000,24.3141,10.6859,600.0000,34.42,119.76,3.0300,2.55,315.91,9.432698e-04
3656,36.1795,140.00,34.23,35.0000,24.3141,10.6859,600.0000,34.21,119.76,3.0300,2.77,315.89,9.434258e-04
3657,35.6737,140.00,33.91,35.0000,24.3141,10.6859,600.0000,33.89,119.76,3.0300,2.74,315.88,9.435818e-04
3658,35.9123,140.00,33.47,35.0000,24.3141,10.6859,600.0000,33.48,119.76,3.0300,0.00,315.86,9.437377e-04
3659,35.3963,140.00,32.99,35.0000,24.3141,10.6859,600.0000,32.99,119.76,3.0300,0.00,315.84,9.438937e-04
3660,35.6030,140.00,32.46,35.0000,24.3141,10.6859,600.0000,32.47,119.76,3.0300,0.00,315.83,9.440496e-04
3661,35.9189,140.00,31.94,35.0000,24.3141,10.6859,600.0000,31.95,119.76,3.0300,0.00,315.81,9.442056e-04
3662,36.3325,140.00,31.48,35.0000,24.3141,10.6859,600.0000,31.46,119.76,3.0300,2.78,315.80,9.443615e-04
3663,36.4119,140.00,31.05,35.0000,24.3141,10.6859,600.0000,31.05,119.76,3.0300,2.01,315.78,9.445174e-04
3664,36.3207,140.00,30.72,35.0000,24.3141,10.6859,600.0000,30.72,119.76,3.0300,0.00,315.77,9.446733e-04
3665,36.3222,140.00,30.53,35.0000,24.3141,10.6859,600.0000,30.52,119.76,3.0300,2.42,315.75,9.448292e-04
3666,35.7230,140.00,30.46,35.0000,24.3141,10.6859,600.0000,30.45,119.76,3.0300,2.69,315.74,9.449851e-04
3667,35.8878,140.00,30.51,35.0000,24.3141,10.6859,600.0000,30.52,119.76,3.0300,0.00,315.72,9.451410e-04
3668,36.2966,140.00,30.71,35.0000,24.3141,10.6859,600.0000,30.71,119.76,3.0300,0.00,315.70,9.452969e-04
3669,35.8844,140.00,31.02,35.0000,24.3141,10.6859,600.0000,31.03,119.76,3.0300,0.00,315.69,9.454528e-04
3670,36.0150,140.00,31.44,35.0000,24.3141,10.6859,600.0000,31.44,119.76,3.0300,2.44,315.67,9.456087e-04
3671,35.5757,140.00,31.94,35.0000,24.3141,10.6859,600.0000,31.92,119.76,3.0300,2.95,315.66,9.457645e-04
3672,36.4023,140.00,32.44,35.0000,24.3141,10.6859,600.0000,32.43,119.76,3.0300,2.75,315.64,9.459204e-04
3673,35.7968,140.00,32.95,35.0000,24.3141,10.6859,600.0000,32.95,119.76,3.0300,2.33,315.63,9.460762e-04
3674,36.4888,140.00,33.43,35.0000,24.3141,10.6859,600.0000,33.43,119.76,3.0300,2.59,315.61,9.462321e-04
3675,36.2292,140.00,33.84,35.0000,24.3141,10.6859,600.0000,33.84,119.76,3.0300,1.98,315.60,9.463879e-04
3676,36.5521,140.00,34.16,35.0000,24.3141,10.6859,600.0000,34.15,119.76,3.0300,2.61,315.58,9.465438e-04
3677,36.1797,140.00,34.34,35.0000,24.3141,10.6859,600.0000,34.35,119.76,3.0300,0.00,315.56,9.466996e-04
3678,35.8387,140.00,34.41,35.0000,24.3141,10.6859,600.0000,34.41,119.76,3.0300,0.00,315.55,9.468554e-04
3679,36.2512,140.00,34.36,35.0000,24.3141,10.6859,600.0000,34.34,119.76,3.0300,2.86,315.53,9.470112e-04
3680,36.5895,140.00,34.14,35.0000,24.3141,10.6859,600.0000,34.14,119.76,3.0300,2.05,315.52,9.471670e-04
3681,36.4446,140.00,33.81,35.0000,24.3141,10.6859,600.0000,33.82,119.76,3.0300,0.00,315.50,9.473228e-04
3682,36.3236,140.00,33.41,35.0000,24.3141,10.6859,600.0000,33.40,119.76,3.0300,2.80,315.49,9.474786e-04
3683,36.3083,140.00,32.93,35.0000,24.3141,10.6859,600.0000,32.91,119.76,3.0300,2.71,315.47,9.476344e-04
3684,36.0504,140.00,32.41,35.0000,24.3141,10.6859,600.0000,32.39,119.76,3.0300,2.94,315.46,9.477902e-04
3685,35.7638,140.00,31.88,35.0000,24.3141,10.6859,600.0000,31.87,119.76,3.0300,2.44,315.44,9.479459e-04
3686,36.5055,140.00,31.39,35.0000,24.3141,10.6859,600.0000,31.39,119.76,3.0300,1.94,315.43,9.481017e-04
3687,36.5387,140.00,30.97,35.0000,24.3141,10.6859,600.0000,30.97,119.76,3.0300,0.00,315.41,9.482574e-04
3688,36.6358,140.00,30.65,35.0000,24.3141,10.6859,600.0000,30.65,119.76,3.0300,2.36,315.39,9.484132e-04
3689,36.3906,140.00,30.45,35.0000,24.3141,10.6859,600.0000,30.45,119.76,3.0300,2.46,315.38,9.485689e-04
3690,36.2909,140.00,30.39,35.0000,24.3141,10.6859,600.0000,30.37,119.76,3.0300,2.81,315.36,9.487247e-04
3691,36.0898,140.00,30.43,35.0000,24.3141,10.6859,600.0000,30.44,119.76,3.0300,0.00,315.35,9.488804e-04
3692,35.9404,140.00,30.66,35.0000,24.3141,10.6859,600.0000,30.64,119.76,3.0300,2.94,315.33,9.490361e-04
3693,35.8741,140.00,30.95,35.0000,24.3141,10.6859,600.0000,30.95,119.76,3.0300,2.37,315.32,9.491918e-04
3694,36.1936,140.00,31.35,35.0000,24.3141,10.6859,600.0000,31.36,119.76,3.0300,0.00,315.30,9.493475e-04
3695,35.8347,140.00,31.85,35.0000,24.3141,10.6859,600.0000,31.84,119.76,3.0300,2.68,315.29,9.495032e-04
3696,36.1150,140.00,32.35,35.0000,24.3141,10.6859,600.0000,32.36,119.76,3.0300,0.00,315.27,9.496589e-04
3697,36.3262,140.00,32.87,35.0000,24.3141,10.6859,600.0000,32.87,119.76,3.0300,1.99,315.25,9.498146e-04
3698,36.6506,140.00,33.36,35.0000,24.3141,10.6859,600.0000,33.35,119.76,3.0300,2.56,315.24,9.499703e-04
3699,36.7586,140.00,33.76,35.0000,24.3141,10.6859,600.0000,33.76,119.76,3.0300,2.31,315.22,9.501260e-04
3700,36.6435,140.00,34.09,35.0000,24.3141,10.6859,600.0000,34.08,119.76,3.0300,2.76,315.21,9.502816e-04
3701,36.3505,140.00,34.29,35.0000,24.3141,10.6859,600.0000,34.27,119.76,3.0300,2.87,315.19,9.504373e-04
3702,36.8015,140.00,34.35,35.0000,24.3141,10.6859,600.0000,34.34,119.76,3.0300,2.67,315.18,9.505929e-04
3703,36.2973,140.00,34.28,35.0000,24.3141,10.6859,600.0000,34.27,119.76,3.0300,2.68,315.16,9.507486e-04
3704,36.0498,140.00,34.06,35.0000,24.3141,10.6859,600.0000,34.06,119.76,3.0300,2.24,315.15,9.509042e-04
3705,36.4669,140.00,33.75,35.0000,24.3141,10.6859,600.0000,33.74,119.76,3.0300,2.46,315.13,9.510599e-04
3706,36.7474,140.00,33.34,35.0000,24.3141,10.6859,600.0000,33.32,119.76,3.0300,2.77,315.12,9.512155e-04
3707,36.7144,140.00,32.84,35.0000,24.3141,10.6859,600.0000,32.84,119.76,3.0300,1.99,315.10,9.513711e-04
3708,36.0984,140.00,32.32,35.0000,24.3141,10.6859,600.0000,32.32,119.76,3.0300,2.42,315.08,9.515267e-04
3709,36.1908,140.00,31.80,35.0000,24.3141,10.6859,600.0000,31.80,119.76,3.0300,2.22,315.07,9.516823e-04
3710,36.8772,140.00,31.32,35.0000,24.3141,10.6859,600.0000,31.31,119.76,3.0300,2.41,315.05,9.518379e-04
3711,36.4665,140.00,30.89,35.0000,24.3141,10.6859,600.0000,30.89,119.76,3.0300,1.94,315.04,9.519935e-04
3712,36.4009,140.00,30.57,35.0000,24.3141,10.6859,600.0000,30.57,119.76,3.0300,2.17,315.02,9.521491e-04
3713,36.1646,140.00,30.38,35.0000,24.3141,10.6859,600.0000,30.37,119.76,3.0300,2.78,315.01,9.523047e-04
3714,36.6279,140.00,30.30,35.0000,24.3141,10.6859,600.0000,30.30,119.76,3.0300,2.28,314.99,9.524602e-04
3715,36.5614,140.00,30.37,35.0000,24.3141,10.6859,600.0000,30.36,119.76,3.0300,2.50,314.98,9.526158e-04
3716,36.0584,140.00,30.57,35.0000,24.3141,10.6859,600.0000,30.56,119.76,3.0300,2.72,314.96,9.527714e-04
3717,36.3758,140.00,30.87,35.0000,24.3141,10.6859,600.0000,30.87,119.76,3.0300,0.00,314.95,9.529269e-04
3718,36.9387,140.00,31.29,35.0000,24.3141,10.6859,600.0000,31.29,119.76,3.0300,2.58,314.93,9.530824e-04
3719,36.8780,140.00,31.76,35.0000,24.3141,10.6859,600.0000,31.77,119.76,3.0300,0.00,314.91,9.532380e-04
3720,36.1991,140.00,32.30,35.0000,24.3141,10.6859,600.0000,32.28,119.76,3.0300,2.84,314.90,9.533935e-04
3721,36.9113,140.00,32.80,35.0000,24.3141,10.6859,600.0000,32.79,119.76,3.0300,2.35,314.88,9.535490e-04
3722,36.8981,140.00,33.28,35.0000,24.3141,10.6859,600.0000,33.27,119.76,3.0300,2.32,314.87,9.537046e-04
3723,36.8821,140.00,33.69,35.0000,24.3141,10.6859,600.0000,33.68,119.76,3.0300,2.41,314.85,9.538601e-04
3724,36.3761,140.00,34.01,35.0000,24.3141,10.6859,600.0000,34.00,119.76,3.0300,2.79,314.84,9.540156e-04
3725,36.7774,140.00,34.21,35.0000,24.3141,10.6859,600.0000,34.20,119.76,3.0300,2.71,314.82,9.541711e-04
3726,36.6696,140.00,34.27,35.0000,24.3141,10.6859,600.0000,34.26,119.76,3.0300,2.53,314.81,9.543266e-04
3727,37.0336,140.00,34.20,35.0000,24.3141,10.6859,600.0000,34.19,119.76,3.0300,2.61,314.79,9.544820e-04
3728,36.4334,140.00,33.99,35.0000,24.3141,10.6859,600.0000,33.99,119.76,3.0300,2.31,314.78,9.546375e-04
3729,36.1261,140.00,33.66,35.0000,24.3141,10.6859,600.0000,33.66,119.76,3.0300,0.00,314.76,9.547930e-04
3730,36.9175,140.00,33.25,35.0000,24.3141,10.6859,600.0000,33.25,119.76,3.0300,2.39,314.75,9.549485e-04
3731,36.1891,140.00,32.76,35.0000,24.3141,10.6859,600.0000,32.76,119.76,3.0300,2.25,314.73,9.551039e-04
3732,36.8504,140.00,32.24,35.0000,24.3141,10.6859,600.0000,32.24,119.76,3.0300,1.95,314.71,9.552594e-04
3733,37.0888,140.00,31.73,35.0000,24.3141,10.6859,600.0000,31.72,119.76,3.0300,2.66,314.70,9.554148e-04
3734,36.7495,140.00,31.25,35.0000,24.3141,10.6859,600.0000,31.23,119.76,3.0300,2.69,314.68,9.555703e-04
3735,36.8313,140.00,30.82,35.0000,24.3141,10.6859,600.0000,30.82,119.76,3.0300,0.00,314.67,9.557257e-04
3736,36.5961,140.00,30.50,35.0000,24.3141,10.6859,600.0000,30.50,119.76,3.0300,2.50,314.65,9.558811e-04
3737,36.2326,140.00,30.30,35.0000,24.3141,10.6859,600.0000,30.29,119.76,3.0300,2.65,314.64,9.560365e-04
3738,36.1992,140.00,30.23,35.0000,24.3141,10.6859,600.0000,30.22,119.76,3.0300,2.73,314.62,9.561920e-04
3739,37.0591,140.00,30.29,35.0000,24.3141,10.6859,600.0000,30.29,119.76,3.0300,2.51,314.61,9.563474e-04
3740,36.4079,140.00,30.50,35.0000,24.3141,10.6859,600.0000,30.48,119.76,3.0300,2.71,314.59,9.565028e-04
3741,36.3032,140.00,30.80,35.0000,24.3141,10.6859,600.0000,30.80,119.76,3.0300,2.43,314.58,9.566582e-04
3742,36.9734,140.00,31.21,35.0000,24.3141,10.6859,600.0000,31.21,119.76,3.0300,0.00,314.56,9.568135e-04
3743,37.1310,140.00,31.69,35.0000,24.3141,10.6859,600.0000,31.69,119.76,3.0300,2.48,314.55,9.569689e-04
3744,36.6358,140.00,32.21,35.0000,24.3141,10.6859,600.0000,32.20,119.76,3.0300,2.58,314.53,9.571243e-04
3745,36.4242,140.00,32.72,35.0000,24.3141,10.6859,600.0000,32.72,119.76,3.0300,0.00,314.51,9.572797e-04
3746,36.7596,140.00,33.20,35.0000,24.3141,10.6859,600.0000,33.20,119.76,3.0300,2.08,314.50,9.574350e-04
3747,36.5640,140.00,33.61,35.0000,24.3141,10.6859,600.0000,33.61,119.76,3.0300,2.18,314.48,9.575904e-04
3748,37.1133,140.00,33.93,35.0000,24.3141,10.6859,600.0000,33.92,119.76,3.0300,2.72,314.47,9.577457e-04
3749,37.0191,140.00,34.12,35.0000,24.3141,10.6859,600.0000,34.12,119.76,3.0300,2.45,314.45,9.579011e-04
3750,36.4998,140.00,34.18,35.0000,24.3141,10.6859,600.0000,34.18,119.76,3.0300,0.00,314.44,9.580564e-04
3751,36.9495,140.00,34.12,35.0000,24.3141,10.6859,600.0000,34.11,119.76,3.0300,2.39,314.42,9.582117e-04
3752,37.1188,140.00,33.91,35.0000,24.3141,10.6859,600.0000,33.91,119.76,3.0300,2.42,314.41,9.583671e-04
3753,36.2828,140.00,33.60,35.0000,24.3141,10.6859,600.0000,33.59,119.76,3.0300,2.79,314.39,9.585224e-04
3754,37.1369,140.00,33.18,35.0000,24.3141,10.6859,600.0000,33.17,119.76,3.0300,2.67,314.38,9.586777e-04
3755,36.5207,140.00,32.68,35.0000,24.3141,10.6859,600.0000,32.68,119.76,3.0300,0.00,314.36,9.588330e-04
3756,36.8563,140.00,32.18,35.0000,24.3141,10.6859,600.0000,32.16,119.76,3.0300,2.73,314.35,9.589883e-04
3757,36.8856,140.00,31.65,35.0000,24.3141,10.6859,600.0000,31.64,119.76,3.0300,2.33,314.33,9.591436e-04
3758,36.3230,140.00,31.16,35.0000,24.3141,10.6859,600.0000,31.16,119.76,3.0300,1.86,314.32,9.592989e-04
3759,36.3054,140.00,30.74,35.0000,24.3141,10.6859,600.0000,30.74,119.76,3.0300,0.00,314.30,9.594541e-04
3760,36.8588,140.00,30.43,35.0000,24.3141,10.6859,600.0000,30.42,119.76,3.0300,2.68,314.28,9.596094e-04
3761,36.7230,140.00,30.22,35.0000,24.3141,10.6859,600.0000,30.22,119.76,3.0300,2.20,314.27,9.597647e-04
3762,36.3662,140.00,30.15,35.0000,24.3141,10.6859,600.0000,30.14,119.76,3.0300,2.54,314.25,9.599199e-04
3763,37.0080,140.00,30.22,35.0000,24.3141,10.6859,600.0000,30.21,119.76,3.0300,2.68,314.24,9.600752e-04
3764,37.0646,140.00,30.40,35.0000,24.3141,10.6859,600.0000,30.41,119.76,3.0300,0.00,314.22,9.602304e-04
3765,36.6965,140.00,30.73,35.0000,24.3141,10.6859,600.0000,30.72,119.76,3.0300,2.65,314.21,9.603857e-04
3766,36.4874,140.00,31.13,35.0000,24.3141,10.6859,600.0000,31.13,119.76,3.0300,0.00,314.19,9.605409e-04
3767,36.5111,140.00,31.62,35.0000,24.3141,10.6859,600.0000,31.61,119.76,3.0300,2.62,314.18,9.606961e-04
3768,36.9143,140.00,32.14,35.0000,24.3141,10.6859,600.0000,32.13,119.76,3.0300,2.75,314.16,9.608514e-04
3769,37.0866,140.00,32.65,35.0000,24.3141,10.6859,600.0000,32.64,119.76,3.0300,2.66,314.15,9.610066e-04
3770,36.7682,140.00,33.12,35.0000,24.3141,10.6859,600.0000,33.12,119.76,3.0300,2.36,314.13,9.611618e-04
3771,37.0820,140.00,33.53,35.0000,24.3141,10.6859,600.0000,33.53,119.76,3.0300,2.34,314.12,9.613170e-04
3772,37.2213,140.00,33.85,35.0000,24.3141,10.6859,600.0000,33.84,119.76,3.0300,2.42,314.10,9.614722e-04
3773,36.3358,140.00,34.05,35.0000,24.3141,10.6859,600.0000,34.04,119.76,3.0300,2.62,314.09,9.616274e-04
3774,36.8823,140.00,34.11,35.0000,24.3141,10.6859,600.0000,34.11,119.76,3.0300,2.50,314.07,9.617826e-04
3775,36.9921,140.00,34.04,35.0000,24.3141,10.6859,600.0000,34.03,119.76,3.0300,2.62,314.05,9.619377e-04
3776,37.2298,140.00,33.84,35.0000,24.3141,10.6859,600.0000,33.83,119.76,3.0300,2.56,314.04,9.620929e-04
3777,36.3501,140.00,33.52,35.0000,24.3141,10.6859,600.0000,33.51,119.76,3.0300,2.55,314.02,9.622481e-04
3778,36.9576,140.00,33.10,35.0000,24.3141,10.6859,600.0000,33.09,119.76,3.0300,2.73,314.01,9.624032e-04
3779,37.1972,140.00,32.62,35.0000,24.3141,10.6859,600.0000,32.61,119.76,3.0300,2.72,313.99,9.625584e-04
3780,37.1627,140.00,32.09,35.0000,24.3141,10.6859,600.0000,32.09,119.76,3.0300,2.23,313.98,9.627135e-04
3781,37.1850,140.00,31.57,35.0000,24.3141,10.6859,600.0000,31.57,119.76,3.0300,2.50,313.96,9.628687e-04
3782,36.4424,140.00,31.09,35.0000,24.3141,10.6859,600.0000,31.08,119.76,3.0300,2.50,313.95,9.630238e-04
3783,36.4977,140.00,30.67,35.0000,24.3141,10.6859,600.0000,30.66,119.76,3.0300,2.38,313.93,9.631789e-04
3784,36.6605,140.00,30.34,35.0000,24.3141,10.6859,600.0000,30.34,119.76,3.0300,0.00,313.92,9.633341e-04
3785,37.0246,140.00,30.14,35.0000,24.3141,10.6859,600.0000,30.14,119.76,3.0300,2.49,313.90,9.634892e-04
3786,36.9507,140.00,30.06,35.0000,24.3141,10.6859,600.0000,30.07,119.76,3.0300,0.00,313.89,9.636443e-04
3787,36.7767,140.00,30.13,35.0000,24.3141,10.6859,600.0000,30.13,119.76,3.0300,2.28,313.87,9.637994e-04
3788,37.0793,140.00,30.33,35.0000,24.3141,10.6859,600.0000,30.33,119.76,3.0300,2.20,313.86,9.639545e-04
3789,36.3990,140.00,30.63,35.0000,24.3141,10.6859,600.0000,30.64,119.76,3.0300,0.00,313.84,9.641096e-04
3790,37.0473,140.00,31.06,35.0000,24.3141,10.6859,600.0000,31.05,119.76,3.0300,2.48,313.83,9.642647e-04
3791,36.7412,140.00,31.53,35.0000,24.3141,10.6859,600.0000,31.53,119.76,3.0300,0.00,313.81,9.644197e-04
3792,36.5293,140.00,32.06,35.0000,24.3141,10.6859,600.0000,32.05,119.76,3.0300,2.62,313.79,9.645748e-04
3793,36.3807,140.00,32.56,35.0000,24.3141,10.6859,600.0000,32.56,119.76,3.0300,0.00,313.78,9.647299e-04
3794,36.9207,140.00,33.04,35.0000,24.3141,10.6859,600.0000,33.04,119.76,3.0300,0.00,313.76,9.648849e-04
3795,36.5124,140.00,33.44,35.0000,24.3141,10.6859,600.0000,33.45,119.76,3.0300,0.00,313.75,9.650400e-04
3796,36.8454,140.00,33.78,35.0000,24.3141,10.6859,600.0000,33.77,119.76,3.0300,2.66,313.73,9.651950e-04
3797,36.4341,140.00,33.97,35.0000,24.3141,10.6859,600.0000,33.96,119.76,3.0300,2.60,313.72,9.653501e-04
3798,37.1128,140.00,34.04,35.0000,24.3141,10.6859,600.0000,34.03,119.76,3.0300,2.60,313.70,9.655051e-04
3799,37.1923,140.00,33.97,35.0000,24.3141,10.6859,600.0000,33.96,119.76,3.0300,2.70,313.69,9.656602e-04
3800,36.5080,140.00,33.77,35.0000,24.3141,10.6859,600.0000,33.75,119.76,3.0300,2.88,313.67,9.658152e-04
3801,36.8070,140.00,33.44,35.0000,24.3141,10.6859,600.0000,33.43,119.76,3.0300,2.62,313.66,9.659702e-04
3802,37.0097,140.00,33.02,35.0000,24.3141,10.6859,600.0000,33.01,119.76,3.0300,2.63,313.64,9.661252e-04
3803,36.8698,140.00,32.53,35.0000,24.3141,10.6859,600.0000,32.53,119.76,3.0300,2.45,313.63,9.662802e-04
3804,37.1071,140.00,32.01,35.0000,24.3141,10.6859,600.0000,32.01,119.76,3.0300,2.37,313.61,9.664352e-04
3805,36.7571,140.00,31.49,35.0000,24.3141,10.6859,600.0000,31.49,119.76,3.0300,2.33,313.60,9.665902e-04
3806,36.6120,140.00,31.01,35.0000,24.3141,10.6859,600.0000,31.00,119.76,3.0300,2.76,313.58,9.667452e-04
3807,36.5452,140.00,30.59,35.0000,24.3141,10.6859,600.0000,30.58,119.76,3.0300,2.47,313.57,9.669002e-04
3808,36.8384,140.00,30.27,35.0000,24.3141,10.6859,600.0000,30.26,119.76,3.0300,2.66,313.55,9.670552e-04
3809,36.8546,140.00,30.07,35.0000,24.3141,10.6859,600.0000,30.06,119.76,3.0300,2.65,313.54,9.672101e-04
3810,36.9396,140.00,29.99,35.0000,24.3141,10.6859,600.0000,29.99,119.76,3.0300,0.00,313.52,9.673651e-04
3811,36.1983,140.00,30.06,35.0000,24.3141,10.6859,600.0000,30.05,119.76,3.0300,2.40,313.50,9.675201e-04
3812,36.5989,140.00,30.26,35.0000,24.3141,10.6859,600.0000,30.25,119.76,3.0300,2.56,313.49,9.676750e-04
3813,36.4237,140.00,30.57,35.0000,24.3141,10.6859,600.0000,30.56,119.76,3.0300,2.64,313.47,9.678300e-04
3814,36.7639,140.00,30.98,35.0000,24.3141,10.6859,600.0000,30.97,119.76,3.0300,2.50,313.46,9.679849e-04
3815,36.3302,140.00,31.46,35.0000,24.3141,10.6859,600.0000,31.45,119.76,3.0300,2.61,313.44,9.681398e-04
3816,36.9052,140.00,31.97,35.0000,24.3141,10.6859,600.0000,31.97,119.76,3.0300,2.51,313.43,9.682948e-04
3817,37.0876,140.00,32.49,35.0000,24.3141,10.6859,600.0000,32.48,119.76,3.0300,2.61,313.41,9.684497e-04
3818,37.1065,140.00,32.96,35.0000,24.3141,10.6859,600.0000,32.96,119.76,3.0300,1.97,313.40,9.686046e-04
3819,36.7830,140.00,33.38,35.0000,24.3141,10.6859,600.0000,33.37,119.76,3.0300,2.71,313.38,9.687595e-04
3820,36.7326,140.00,33.69,35.0000,24.3141,10.6859,600.0000,33.69,119.76,3.0300,2.48,313.37,9.689144e-04
3821,36.5070,140.00,33.88,35.0000,24.3141,10.6859,600.0000,33.88,119.76,3.0300,0.00,313.35,9.690693e-04
3822,36.8459,140.00,33.96,35.0000,24.3141,10.6859,600.0000,33.95,119.76,3.0300,2.84,313.34,9.692242e-04
3823,37.0608,140.00,33.89,35.0000,24.3141,10.6859,600.0000,33.88,119.76,3.0300,2.68,313.32,9.693791e-04
3824,36.3609,140.00,33.69,35.0000,24.3141,10.6859,600.0000,33.67,119.76,3.0300,2.82,313.31,9.695340e-04
3825,36.4051,140.00,33.36,35.0000,24.3141,10.6859,600.0000,33.35,119.76,3.0300,2.61,313.29,9.696889e-04
3826,36.2466,140.00,32.93,35.0000,24.3141,10.6859,600.0000,32.93,119.76,3.0300,0.00,313.28,9.698437e-04
3827,36.8483,140.00,32.45,35.0000,24.3141,10.6859,600.0000,32.45,119.76,3.0300,0.00,313.26,9.699986e-04
3828,36.9512,140.00,31.94,35.0000,24.3141,10.6859,600.0000,31.93,119.76,3.0300,2.54,313.25,9.701535e-04
3829,36.9751,140.00,31.41,35.0000,24.3141,10.6859,600.0000,31.41,119.76,3.0300,2.53,313.23,9.703083e-04
3830,36.9032,140.00,30.92,35.0000,24.3141,10.6859,600.0000,30.92,119.76,3.0300,2.07,313.22,9.704632e-04
3831,36.8274,140.00,30.51,35.0000,24.3141,10.6859,600.0000,30.50,119.76,3.0300,2.60,313.20,9.706180e-04
3832,36.9045,140.00,30.19,35.0000,24.3141,10.6859,600.0000,30.18,119.76,3.0300,2.51,313.19,9.707728e-04
3833,36.4225,140.00,29.97,35.0000,24.3141,10.6859,600.0000,29.98,119.76,3.0300,0.00,313.17,9.709277e-04
3834,36.3087,140.00,29.92,35.0000,24.3141,10.6859,600.0000,29.91,119.76,3.0300,2.63,313.16,9.710825e-04
3835,36.9781,140.00,29.97,35.0000,24.3141,10.6859,600.0000,29.97,119.76,3.0300,0.00,313.14,9.712373e-04
3836,36.7148,140.00,30.17,35.0000,24.3141,10.6859,600.0000,30.17,119.76,3.0300,0.00,313.12,9.713921e-04
3837,36.2946,140.00,30.48,35.0000,24.3141,10.6859,600.0000,30.48,119.76,3.0300,0.00,313.11,9.715469e-04
3838,36.6958,140.00,30.90,35.0000,24.3141,10.6859,600.0000,30.90,119.76,3.0300,2.38,313.09,9.717017e-04
3839,36.3692,140.00,31.38,35.0000,24.3141,10.6859,600.0000,31.37,119.76,3.0300,2.30,313.08,9.718565e-04
3840,36.4201,140.00,31.90,35.0000,24.3141,10.6859,600.0000,31.89,119.76,3.0300,2.54,313.06,9.720113e-04
3841,36.5459,140.00,32.42,35.0000,24.3141,10.6859,600.0000,32.40,119.76,3.0300,2.74,313.05,9.721661e-04
3842,36.8939,140.00,32.88,35.0000,24.3141,10.6859,600.0000,32.88,119.76,3.0300,0.00,313.03,9.723209e-04
3843,36.9163,140.00,33.30,35.0000,24.3141,10.6859,600.0000,33.29,119.76,3.0300,2.61,313.02,9.724756e-04
3844,36.8392,140.00,33.62,35.0000,24.3141,10.6859,600.0000,33.61,119.76,3.0300,2.78,313.00,9.726304e-04
3845,36.5797,140.00,33.80,35.0000,24.3141,10.6859,600.0000,33.80,119.76,3.0300,2.02,312.99,9.727852e-04
3846,36.8812,140.00,33.87,35.0000,24.3141,10.6859,600.0000,33.87,119.76,3.0300,2.51,312.97,9.729399e-04
3847,36.1016,140.00,33.81,35.0000,24.3141,10.6859,600.0000,33.80,119.76,3.0300,2.77,312.96,9.730947e-04
3848,36.4903,140.00,33.60,35.0000,24.3141,10.6859,600.0000,33.59,119.76,3.0300,2.65,312.94,9.732494e-04
3849,36.4845,140.00,33.27,35.0000,24.3141,10.6859,600.0000,33.27,119.76,3.0300,0.00,312.93,9.734041e-04
3850,36.1754,140.00,32.86,35.0000,24.3141,10.6859,600.0000,32.86,119.76,3.0300,2.20,312.91,9.735589e-04
3851,36.3717,140.00,32.39,35.0000,24.3141,10.6859,600.0000,32.37,119.76,3.0300,2.88,312.90,9.737136e-04
3852,36.7634,140.00,31.86,35.0000,24.3141,10.6859,600.0000,31.85,119.76,3.0300,2.62,312.88,9.738683e-04
3853,36.3430,140.00,31.34,35.0000,24.3141,10.6859,600.0000,31.33,119.76,3.0300,2.86,312.87,9.740230e-04
3854,35.9155,140.00,30.83,35.0000,24.3141,10.6859,600.0000,30.84,119.76,3.0300,0.00,312.85,9.741778e-04
3855,36.7522,140.00,30.43,35.0000,24.3141,10.6859,600.0000,30.42,119.76,3.0300,2.36,312.84,9.743325e-04
3856,36.0921,140.00,30.11,35.0000,24.3141,10.6859,600.0000,30.10,119.76,3.0300,2.37,312.82,9.744872e-04
3857,36.6705,140.00,29.91,35.0000,24.3141,10.6859,600.0000,29.90,119.76,3.0300,2.56,312.81,9.746418e-04
3858,36.1256,140.00,29.83,35.0000,24.3141,10.6859,600.0000,29.83,119.76,3.0300,2.48,312.79,9.747965e-04
3859,36.8357,140.00,29.89,35.0000,24.3141,10.6859,600.0000,29.89,119.76,3.0300,1.69,312.78,9.749512e-04
3860,36.7730,140.00,30.09,35.0000,24.3141,10.6859,600.0000,30.09,119.76,3.0300,0.00,312.76,9.751059e-04
3861,36.2846,140.00,30.40,35.0000,24.3141,10.6859,600.0000,30.40,119.76,3.0300,0.00,312.75,9.752606e-04
3862,36.1292,140.00,30.83,35.0000,24.3141,10.6859,600.0000,30.82,119.76,3.0300,2.66,312.73,9.754152e-04
3863,36.8078,140.00,31.30,35.0000,24.3141,10.6859,600.0000,31.29,119.76,3.0300,2.54,312.72,9.755699e-04
3864,36.3752,140.00,31.80,35.0000,24.3141,10.6859,600.0000,31.81,119.76,3.0300,0.00,312.70,9.757245e-04
3865,36.6423,140.00,32.33,35.0000,24.3141,10.6859,600.0000,32.32,119.76,3.0300,2.71,312.69,9.758792e-04
3866,35.9206,140.00,32.81,35.0000,24.3141,10.6859,600.0000,32.80,119.76,3.0300,2.74,312.67,9.760338e-04
3867,36.3753,140.00,33.22,35.0000,24.3141,10.6859,600.0000,33.21,119.76,3.0300,2.56,312.66,9.761885e-04
3868,35.9418,140.00,33.54,35.0000,24.3141,10.6859,600.0000,33.53,119.76,3.0300,2.68,312.64,9.763431e-04
3869,36.2594,140.00,33.73,35.0000,24.3141,10.6859,600.0000,33.72,119.76,3.0300,2.28,312.63,9.764977e-04
3870,35.9684,140.00,33.81,35.0000,24.3141,10.6859,600.0000,33.79,119.76,3.0300,2.92,312.61,9.766523e-04
3871,36.2549,140.00,33.73,35.0000,24.3141,10.6859,600.0000,33.72,119.76,3.0300,2.80,312.59,9.768070e-04
3872,36.4352,140.00,33.52,35.0000,24.3141,10.6859,600.0000,33.51,119.76,3.0300,2.61,312.58,9.769616e-04
3873,36.3848,140.00,33.21,35.0000,24.3141,10.6859,600.0000,33.19,119.76,3.0300,2.81,312.56,9.771162e-04
3874,36.0765,140.00,32.77,35.0000,24.3141,10.6859,600.0000,32.78,119.76,3.0300,0.00,312.55,9.772708e-04
3875,36.4703,140.00,32.29,35.0000,24.3141,10.6859,600.0000,32.29,119.76,3.0300,2.21,312.53,9.774254e-04
3876,35.8507,140.00,31.77,35.0000,24.3141,10.6859,600.0000,31.77,119.76,3.0300,1.96,312.52,9.775799e-04
3877,35.8338,140.00,31.26,35.0000,24.3141,10.6859,600.0000,31.25,119.76,3.0300,2.71,312.50,9.777345e-04
3878,36.0693,140.00,30.76,35.0000,24.3141,10.6859,600.0000,30.76,119.76,3.0300,0.00,312.49,9.778891e-04
3879,36.3332,140.00,30.34,35.0000,24.3141,10.6859,600.0000,30.34,119.76,3.0300,0.00,312.47,9.780437e-04
3880,36.4731,140.00,30.02,35.0000,24.3141,10.6859,600.0000,30.02,119.76,3.0300,2.16,312.46,9.781982e-04
3881,36.2478,140.00,29.83,35.0000,24.3141,10.6859,600.0000,29.82,119.76,3.0300,2.78,312.44,9.783528e-04
3882,35.8340,140.00,29.76,35.0000,24.3141,10.6859,600.0000,29.75,119.76,3.0300,2.79,312.43,9.785074e-04
3883,36.3420,140.00,29.82,35.0000,24.3141,10.6859,600.0000,29.81,119.76,3.0300,2.72,312.41,9.786619e-04
3884,36.4731,140.00,30.01,35.0000,24.3141,10.6859,600.0000,30.01,119.76,3.0300,2.29,312.40,9.788164e-04
3885,36.0159,140.00,30.32,35.0000,24.3141,10.6859,600.0000,30.32,119.76,3.0300,0.00,312.38,9.789710e-04
3886,35.5876,140.00,30.72,35.0000,24.3141,10.6859,600.0000,30.73,119.76,3.0300,0.00,312.37,9.791255e-04
3887,36.1829,140.00,31.21,35.0000,24.3141,10.6859,600.0000,31.21,119.76,3.0300,0.00,312.35,9.792800e-04
3888,36.4268,140.00,31.73,35.0000,24.3141,10.6859,600.0000,31.73,119.76,3.0300,2.44,312.34,9.794346e-04
3889,35.6975,140.00,32.26,35.0000,24.3141,10.6859,600.0000,32.24,119.76,3.0300,2.95,312.32,9.795891e-04
3890,35.6717,140.00,32.72,35.0000,24.3141,10.6859,600.0000,32.72,119.76,3.0300,2.23,312.31,9.797436e-04
3891,35.5821,140.00,33.15,35.0000,24.3141,10.6859,600.0000,33.13,119.76,3.0300,2.81,312.29,9.798981e-04
3892,35.9969,140.00,33.44,35.0000,24.3141,10.6859,600.0000,33.45,119.76,3.0300,0.00,312.28,9.800526e-04
3893,36.4377,140.00,33.64,35.0000,24.3141,10.6859,600.0000,33.64,119.76,3.0300,0.00,312.26,9.802071e-04
3894,35.7195,140.00,33.72,35.0000,24.3141,10.6859,600.0000,33.71,119.76,3.0300,2.71,312.25,9.803616e-04
3895,35.5289,140.00,33.65,35.0000,24.3141,10.6859,600.0000,33.64,119.76,3.0300,2.80,312.23,9.805161e-04
3896,35.8601,140.00,33.45,35.0000,24.3141,10.6859,600.0000,33.43,119.76,3.0300,2.89,312.22,9.806705e-04
3897,35.5078,140.00,33.13,35.0000,24.3141,10.6859,600.0000,33.11,119.76,3.0300,2.97,312.20,9.808250e-04
3898,35.5784,140.00,32.71,35.0000,24.3141,10.6859,600.0000,32.69,119.76,3.0300,2.87,312.19,9.809795e-04
3899,36.1926,140.00,32.22,35.0000,24.3141,10.6859,600.0000,32.21,119.76,3.0300,2.53,312.17,9.811339e-04
3900,35.7254,140.00,31.71,35.0000,24.3141,10.6859,600.0000,31.69,119.76,3.0300,2.95,312.16,9.812884e-04
3901,36.0585,140.00,31.17,35.0000,24.3141,10.6859,600.0000,31.17,119.76,3.0300,0.00,312.14,9.814428e-04
3902,35.4606,140.00,30.67,35.0000,24.3141,10.6859,600.0000,30.68,119.76,3.0300,0.00,312.13,9.815973e-04
3903,36.0695,140.00,30.26,35.0000,24.3141,10.6859,600.0000,30.26,119.76,3.0300,0.00,312.11,9.817517e-04
3904,35.4068,140.00,29.94,35.0000,24.3141,10.6859,600.0000,29.94,119.76,3.0300,2.15,312.10,9.819062e-04
3905,35.6919,140.00,29.73,35.0000,24.3141,10.6859,600.0000,29.74,119.76,3.0300,0.00,312.08,9.820606e-04
3906,36.1543,140.00,29.65,35.0000,24.3141,10.6859,600.0000,29.67,119.76,3.0300,0.00,312.07,9.822150e-04
3907,36.2071,140.00,29.73,35.0000,24.3141,10.6859,600.0000,29.73,119.76,3.0300,0.00,312.05,9.823694e-04
3908,36.0829,140.00,29.92,35.0000,24.3141,10.6859,600.0000,29.93,119.76,3.0300,0.00,312.04,9.825239e-04
3909,35.5430,140.00,30.23,35.0000,24.3141,10.6859,600.0000,30.24,119.76,3.0300,0.00,312.02,9.826783e-04
3910,35.8322,140.00,30.66,35.0000,24.3141,10.6859,600.0000,30.65,119.76,3.0300,2.60,312.01,9.828327e-04
3911,36.1768,140.00,31.15,35.0000,24.3141,10.6859,600.0000,31.13,119.76,3.0300,2.78,311.99,9.829871e-04
3912,36.0878,140.00,31.65,35.0000,24.3141,10.6859,600.0000,31.65,119.76,3.0300,2.11,311.98,9.831415e-04
3913,35.4711,140.00,32.20,35.0000,24.3141,10.6859,600.0000,32.16,119.76,3.0300,3.16,311.96,9.832958e-04
3914,35.4682,140.00,32.65,35.0000,24.3141,10.6859,600.0000,32.64,119.76,3.0300,2.75,311.95,9.834502e-04
3915,35.9234,140.00,33.04,35.0000,24.3141,10.6859,600.0000,33.05,119.76,3.0300,0.00,311.93,9.836046e-04
3916,35.2893,140.00,33.37,35.0000,24.3141,10.6859,600.0000,33.37,119.76,3.0300,2.44,311.92,9.837590e-04
3917,35.4851,140.00,33.55,35.0000,24.3141,10.6859,600.0000,33.56,119.76,3.0300,0.00,311.90,9.839133e-04
3918,36.0057,140.00,33.62,35.0000,24.3141,10.6859,600.0000,33.63,119.76,3.0300,0.00,311.89,9.840677e-04
3919,35.6518,140.00,33.55,35.0000,24.3141,10.6859,600.0000,33.56,119.76,3.0300,0.00,311.87,9.842221e-04
3920,36.0958,140.00,33.35,35.0000,24.3141,10.6859,600.0000,33.35,119.76,3.0300,2.11,311.86,9.843764e-04
3921,35.1529,140.00,33.03,35.0000,24.3141,10.6859,600.0000,33.03,119.76,3.0300,0.00,311.84,9.845308e-04
3922,35.3423,140.00,32.60,35.0000,24.3141,10.6859,600.0000,32.61,119.76,3.0300,0.00,311.83,9.846851e-04
3923,35.8014,140.00,32.14,35.0000,24.3141,10.6859,600.0000,32.13,119.76,3.0300,2.79,311.81,9.848394e-04
3924,35.1132,140.00,31.60,35.0000,24.3141,10.6859,600.0000,31.61,119.76,3.0300,0.00,311.80,9.849938e-04
3925,35.8566,140.00,31.09,35.0000,24.3141,10.6859,600.0000,31.09,119.76,3.0300,1.88,311.78,9.851481e-04
3926,35.3794,140.00,30.59,35.0000,24.3141,10.6859,600.0000,30.60,119.76,3.0300,0.00,311.77,9.853024e-04
3927,35.3644,140.00,30.17,35.0000,24.3141,10.6859,600.0000,30.18,119.76,3.0300,0.00,311.75,9.854567e-04
3928,35.5872,140.00,29.86,35.0000,24.3141,10.6859,600.0000,29.86,119.76,3.0300,2.26,311.74,9.856110e-04
3929,35.6165,140.00,29.65,35.0000,24.3141,10.6859,600.0000,29.66,119.76,3.0300,0.00,311.72,9.857653e-04
3930,35.8902,140.00,29.57,35.0000,24.3141,10.6859,600.0000,29.59,119.76,3.0300,0.00,311.71,9.859196e-04
3931,35.9041,140.00,29.64,35.0000,24.3141,10.6859,600.0000,29.65,119.76,3.0300,0.00,311.69,9.860739e-04
3932,35.2428,140.00,29.85,35.0000,24.3141,10.6859,600.0000,29.85,119.76,3.0300,2.56,311.68,9.862282e-04
3933,35.2019,140.00,30.17,35.0000,24.3141,10.6859,600.0000,30.16,119.76,3.0300,2.76,311.66,9.863825e-04
3934,35.2581,140.00,30.60,35.0000,24.3141,10.6859,600.0000,30.57,119.76,3.0300,3.10,311.65,9.865368e-04
3935,35.5926,140.00,31.06,35.0000,24.3141,10.6859,600.0000,31.05,119.76,3.0300,2.61,311.63,9.866911e-04
3936,35.6492,140.00,31.56,35.0000,24.3141,10.6859,600.0000,31.57,119.76,3.0300,0.00,311.62,9.868453e-04
3937,35.7674,140.00,32.11,35.0000,24.3141,10.6859,600.0000,32.08,119.76,3.0300,3.03,311.60,9.869996e-04
3938,35.4041,140.00,32.59,35.0000,24.3141,10.6859,600.0000,32.56,119.76,3.0300,3.04,311.59,9.871538e-04
3939,35.8036,140.00,32.96,35.0000,24.3141,10.6859,600.0000,32.97,119.76,3.0300,0.00,311.57,9.873081e-04
3940,35.6213,140.00,33.31,35.0000,24.3141,10.6859,600.0000,33.28,119.76,3.0300,3.01,311.56,9.874623e-04
3941,35.5221,140.00,33.50,35.0000,24.3141,10.6859,600.0000,33.48,119.76,3.0300,2.82,311.54,9.876166e-04
3942,34.9062,140.00,33.59,35.0000,24.3141,10.6859,600.0000,33.55,119.76,3.0300,3.26,311.53,9.877708e-04
3943,34.8148,140.00,33.50,35.0000,24.3141,10.6859,600.0000,33.47,119.76,3.0300,3.08,311.51,9.879251e-04
3944,35.0187,140.00,33.24,35.0000,24.3141,10.6859,600.0000,33.27,119.76,3.0300,0.00,311.50,9.880793e-04
3945,34.9444,140.00,32.95,35.0000,24.3141,10.6859,600.0000,32.95,119.76,3.0300,2.30,311.48,9.882335e-04
3946,35.7058,140.00,32.54,35.0000,24.3141,10.6859,600.0000,32.53,119.76,3.0300,2.66,311.47,9.883877e-04
3947,35.2057,140.00,32.03,35.0000,24.3141,10.6859,600.0000,32.05,119.76,3.0300,0.00,311.45,9.885419e-04
3948,35.1131,140.00,31.53,35.0000,24.3141,10.6859,600.0000,31.52,119.76,3.0300,2.33,311.44,9.886961e-04
3949,35.5716,140.00,31.00,35.0000,24.3141,10.6859,600.0000,31.00,119.76,3.0300,0.00,311.42,9.888503e-04
3950,35.2163,140.00,30.54,35.0000,24.3141,10.6859,600.0000,30.52,119.76,3.0300,2.89,311.41,9.890045e-04
3951,34.9827,140.00,30.12,35.0000,24.3141,10.6859,600.0000,30.10,119.76,3.0300,3.01,311.39,9.891587e-04
3952,34.9907,140.00,29.79,35.0000,24.3141,10.6859,600.0000,29.78,119.76,3.0300,2.82,311.38,9.893129e-04
3953,35.0107,140.00,29.61,35.0000,24.3141,10.6859,600.0000,29.58,119.76,3.0300,3.13,311.36,9.894671e-04
3954,35.1196,140.00,29.51,35.0000,24.3141,10.6859,600.0000,29.50,119.76,3.0300,2.14,311.35,9.896213e-04
3955,35.1779,140.00,29.57,35.0000,24.3141,10.6859,600.0000,29.57,119.76,3.0300,2.17,311.33,9.897755e-04
3956,34.8921,140.00,29.76,35.0000,24.3141,10.6859,600.0000,29.77,119.76,3.0300,0.00,311.32,9.899296e-04
3957,34.6879,140.00,30.04,35.0000,24.3141,10.6859,600.0000,30.08,119.76,3.0300,0.00,311.30,9.900838e-04
3958,34.9152,140.00,30.48,35.0000,24.3141,10.6859,600.0000,30.49,119.76,3.0300,0.00,311.29,9.902379e-04
3959,34.6281,140.00,31.01,35.0000,24.3141,10.6859,600.0000,30.97,119.76,3.0300,3.28,311.27,9.903921e-04
3960,35.0963,140.00,31.50,35.0000,24.3141,10.6859,600.0000,31.48,119.76,3.0300,2.92,311.26,9.905462e-04
3961,35.1375,140.00,32.02,35.0000,24.3141,10.6859,600.0000,32.00,119.76,3.0300,2.92,311.24,9.907004e-04
3962,34.6104,140.00,32.48,35.0000,24.3141,10.6859,600.0000,32.48,119.76,3.0300,2.57,311.23,9.908545e-04
3963,34.6113,140.00,32.85,35.0000,24.3141,10.6859,600.0000,32.89,119.76,3.0300,0.00,311.21,9.910086e-04
3964,34.4410,140.00,33.26,35.0000,24.3141,10.6859,600.0000,33.20,119.76,3.0300,3.48,311.20,9.911628e-04
3965,34.5496,140.00,33.42,35.0000,24.3141,10.6859,600.0000,33.40,119.76,3.0300,2.91,311.18,9.913169e-04
3966,34.4155,140.00,33.42,35.0000,24.3141,10.6859,600.0000,33.46,119.76,3.0300,0.00,311.17,9.914710e-04
3967,34.7022,140.00,33.37,35.0000,24.3141,10.6859,600.0000,33.39,119.76,3.0300,0.00,311.15,9.916251e-04
3968,35.2568,140.00,33.18,35.0000,24.3141,10.6859,600.0000,33.19,119.76,3.0300,0.00,311.14,9.917792e-04
3969,34.4328,140.00,32.83,35.0000,24.3141,10.6859,600.0000,32.87,119.76,3.0300,0.00,311.12,9.919333e-04
3970,35.0438,140.00,32.46,35.0000,24.3141,10.6859,600.0000,32.45,119.76,3.0300,2.56,311.11,9.920874e-04
3971,34.5119,140.00,31.94,35.0000,24.3141,10.6859,600.0000,31.96,119.76,3.0300,0.00,311.09,9.922415e-04
3972,35.2547,140.00,31.42,35.0000,24.3141,10.6859,600.0000,31.44,119.76,3.0300,0.00,311.08,9.923956e-04
3973,34.4414,140.00,30.91,35.0000,24.3141,10.6859,600.0000,30.92,119.76,3.0300,0.00,311.06,9.925497e-04
3974,34.9674,140.00,30.45,35.0000,24.3141,10.6859,600.0000,30.44,119.76,3.0300,2.66,311.05,9.927038e-04
3975,34.7936,140.00,29.98,35.0000,24.3141,10.6859,600.0000,30.02,119.76,3.0300,0.00,311.03,9.928578e-04
3976,34.6584,140.00,29.69,35.0000,24.3141,10.6859,600.0000,29.70,119.76,3.0300,0.00,311.02,9.930119e-04
3977,34.9210,140.00,29.46,35.0000,24.3141,10.6859,600.0000,29.49,119.76,3.0300,0.00,311.00,9.931660e-04
3978,35.2219,140.00,29.41,35.0000,24.3141,10.6859,600.0000,29.42,119.76,3.0300,0.00,310.99,9.933200e-04
3979,34.2139,140.00,29.40,35.0000,24.3141,10.6859,600.0000,29.49,119.76,3.0300,0.00,310.97,9.934741e-04
3980,35.1868,140.00,29.70,35.0000,24.3141,10.6859,600.0000,29.68,119.76,3.0300,2.86,310.96,9.936281e-04
3981,34.2417,140.00,30.08,35.0000,24.3141,10.6859,600.0000,30.00,119.76,3.0300,3.67,310.94,9.937822e-04
3982,34.3835,140.00,30.39,35.0000,24.3141,10.6859,600.0000,30.41,119.76,3.0300,0.00,310.93,9.939362e-04
3983,34.2983,140.00,30.92,35.0000,24.3141,10.6859,600.0000,30.89,119.76,3.0300,3.13,310.92,9.940903e-04
3984,34.3705,140.00,31.35,35.0000,24.3141,10.6859,600.0000,31.40,119.76,3.0300,0.00,310.90,9.942443e-04
3985,34.6150,140.00,31.91,35.0000,24.3141,10.6859,600.0000,31.92,119.76,3.0300,0.00,310.89,9.943983e-04
3986,34.2890,140.00,32.48,35.0000,24.3141,10.6859,600.0000,32.39,119.76,3.0300,3.72,310.87,9.945523e-04
3987,34.7602,140.00,32.84,35.0000,24.3141,10.6859,600.0000,32.81,119.76,3.0300,3.23,310.86,9.947063e-04
3988,34.9246,140.00,33.12,35.0000,24.3141,10.6859,600.0000,33.12,119.76,3.0300,0.00,310.84,9.948604e-04
3989,34.1724,140.00,33.37,35.0000,24.3141,10.6859,600.0000,33.32,119.76,3.0300,3.45,310.83,9.950144e-04
3990,35.0131,140.00,33.39,35.0000,24.3141,10.6859,600.0000,33.38,119.76,3.0300,2.44,310.81,9.951684e-04
3991,35.0270,140.00,33.29,35.0000,24.3141,10.6859,600.0000,33.31,119.76,3.0300,0.00,310.80,9.953224e-04
3992,34.0490,140.00,33.15,35.0000,24.3141,10.6859,600.0000,33.11,119.76,3.0300,3.25,310.78,9.954763e-04
3993,34.2826,140.00,32.81,35.0000,24.3141,10.6859,600.0000,32.78,119.76,3.0300,3.01,310.77,9.956303e-04
3994,34.0377,140.00,32.46,35.0000,24.3141,10.6859,600.0000,32.37,119.76,3.0300,3.77,310.75,9.957843e-04
3995,34.5797,140.00,31.87,35.0000,24.3141,10.6859,600.0000,31.88,119.76,3.0300,0.00,310.74,9.959383e-04
3996,34.2142,140.00,31.35,35.0000,24.3141,10.6859,600.0000,31.36,119.76,3.0300,0.00,310.72,9.960923e-04
3997,34.8957,140.00,30.87,35.0000,24.3141,10.6859,600.0000,30.84,119.76,3.0300,3.15,310.71,9.962462e-04
3998,34.2316,140.00,30.37,35.0000,24.3141,10.6859,600.0000,30.35,119.76,3.0300,2.80,310.69,9.964002e-04
3999,34.1248,140.00,29.94,35.0000,24.3141,10.6859,600.0000,29.94,119.76,3.0300,2.50,310.68,9.965541e-04
4000,34.6251,140.00,29.61,35.0000,24.3141,10.6859,600.0000,29.61,119.76,3.0300,0.00,310.66,9.967081e-04
4001,34.2782,140.00,29.41,35.0000,24.3141,10.6859,600.0000,29.41,119.76,3.0300,0.00,310.65,9.968620e-04
4002,34.0775,140.00,29.41,35.0000,24.3141,10.6859,600.0000,29.34,119.76,3.0300,3.54,310.63,9.970160e-04
4003,33.8986,140.00,29.40,35.0000,24.3141,10.6859,600.0000,29.40,119.76,3.0300,0.00,310.62,9.971699e-04
4004,33.8720,140.00,29.67,35.0000,24.3141,10.6859,600.0000,29.60,119.76,3.0300,3.60,310.60,9.973239e-04
4005,34.1726,140.00,29.93,35.0000,24.3141,10.6859,600.0000,29.91,119.76,3.0300,2.79,310.59,9.974778e-04
4006,33.8412,140.00,30.42,35.0000,24.3141,10.6859,600.0000,30.33,119.76,3.0300,3.76,310.57,9.976317e-04
4007,34.4070,140.00,30.82,35.0000,24.3141,10.6859,600.0000,30.80,119.76,3.0300,2.71,310.56,9.977856e-04
4008,34.3864,140.00,31.33,35.0000,24.3141,10.6859,600.0000,31.32,119.76,3.0300,2.58,310.54,9.979396e-04
4009,34.7671,140.00,31.84,35.0000,24.3141,10.6859,600.0000,31.83,119.76,3.0300,2.54,310.53,9.980935e-04
4010,33.9278,140.00,32.45,35.0000,24.3141,10.6859,600.0000,32.31,119.76,3.0300,4.01,310.51,9.982474e-04
4011,33.8189,140.00,32.68,35.0000,24.3141,10.6859,600.0000,32.72,119.76,3.0300,0.00,310.50,9.984013e-04
4012,34.4747,140.00,32.99,35.0000,24.3141,10.6859,600.0000,33.04,119.76,3.0300,0.00,310.48,9.985552e-04
4013,34.6380,140.00,33.23,35.0000,24.3141,10.6859,600.0000,33.23,119.76,3.0300,0.00,310.47,9.987091e-04
4014,33.7247,140.00,33.33,35.0000,24.3141,10.6859,600.0000,33.30,119.76,3.0300,3.15,310.45,9.988629e-04
4015,34.2764,140.00,33.31,35.0000,24.3141,10.6859,600.0000,33.23,119.76,3.0300,3.69,310.44,9.990168e-04
4016,33.7589,140.00,32.97,35.0000,24.3141,10.6859,600.0000,33.02,119.76,3.0300,0.00,310.42,9.991707e-04
4017,33.9907,140.00,32.62,35.0000,24.3141,10.6859,600.0000,32.70,119.76,3.0300,0.00,310.41,9.993246e-04
4018,33.7884,140.00,32.41,35.0000,24.3141,10.6859,600.0000,32.28,119.76,3.0300,3.95,310.40,9.994784e-04
4019,33.8413,140.00,31.73,35.0000,24.3141,10.6859,600.0000,31.80,119.76,3.0300,0.00,310.38,9.996323e-04
4020,34.2840,140.00,31.35,35.0000,24.3141,10.6859,600.0000,31.28,119.76,3.0300,3.59,310.37,9.997862e-04
4021,34.3218,140.00,30.75,35.0000,24.3141,10.6859,600.0000,30.76,119.76,3.0300,0.00,310.35,9.999400e-04
4022,33.9706,140.00,30.23,35.0000,24.3141,10.6859,600.0000,30.27,119.76,3.0300,0.00,310.34,1.000094e-03
4023,33.8219,140.00,29.94,35.0000,24.3141,10.6859,600.0000,29.85,119.76,3.0300,3.68,310.32,1.000248e-03
4024,33.5791,140.00,29.54,35.0000,24.3141,10.6859,600.0000,29.53,119.76,3.0300,2.64,310.31,1.000402e-03
4025,34.5411,140.00,29.37,35.0000,24.3141,10.6859,600.0000,29.33,119.76,3.0300,3.31,310.29,1.000555e-03
4026,34.3571,140.00,29.27,35.0000,24.3141,10.6859,600.0000,29.26,119.76,3.0300,2.88,310.28,1.000709e-03
4027,34.3777,140.00,29.28,35.0000,24.3141,10.6859,600.0000,29.32,119.76,3.0300,0.00,310.26,1.000863e-03
4028,33.7986,140.00,29.37,35.0000,24.3141,10.6859,600.0000,29.52,119.76,3.0300,0.00,310.25,1.001017e-03
4029,33.7535,140.00,29.91,35.0000,24.3141,10.6859,600.0000,29.83,119.76,3.0300,3.61,310.23,1.001171e-03
4030,34.2387,140.00,30.29,35.0000,24.3141,10.6859,600.0000,30.24,119.76,3.0300,3.34,310.22,1.001325e-03
4031,34.2881,140.00,30.74,35.0000,24.3141,10.6859,600.0000,30.72,119.76,3.0300,2.90,310.20,1.001478e-03
4032,34.1984,140.00,31.33,35.0000,24.3141,10.6859,600.0000,31.24,119.76,3.0300,3.73,310.19,1.001632e-03
4033,33.8931,140.00,31.85,35.0000,24.3141,10.6859,600.0000,31.75,119.76,3.0300,3.77,310.17,1.001786e-03
4034,34.4264,140.00,32.25,35.0000,24.3141,10.6859,600.0000,32.23,119.76,3.0300,2.97,310.16,1.001940e-03
4035,34.4252,140.00,32.61,35.0000,24.3141,10.6859,600.0000,32.64,119.76,3.0300,0.00,310.14,1.002093e-03
4036,33.7510,140.00,32.89,35.0000,24.3141,10.6859,600.0000,32.95,119.76,3.0300,0.00,310.13,1.002247e-03
4037,33.9520,140.00,33.07,35.0000,24.3141,10.6859,600.0000,33.15,119.76,3.0300,0.00,310.11,1.002401e-03
4038,33.8399,140.00,33.17,35.0000,24.3141,10.6859,600.0000,33.21,119.76,3.0300,0.00,310.10,1.002555e-03
4039,33.6150,140.00,33.11,35.0000,24.3141,10.6859,600.0000,33.14,119.76,3.0300,0.00,310.08,1.002709e-03
4040,34.2057,140.00,32.85,35.0000,24.3141,10.6859,600.0000,32.94,119.76,3.0300,0.00,310.07,1.002862e-03
4041,33.7483,140.00,32.58,35.0000,24.3141,10.6859,600.0000,32.62,119.76,3.0300,0.00,310.05,1.003016e-03
4042,34.1952,140.00,32.17,35.0000,24.3141,10.6859,600.0000,32.20,119.76,3.0300,0.00,310.04,1.003170e-03
4043,33.9142,140.00,31.69,35.0000,24.3141,10.6859,600.0000,31.71,119.76,3.0300,0.00,310.03,1.003324e-03
4044,33.3329,140.00,31.08,35.0000,24.3141,10.6859,600.0000,31.19,119.76,3.0300,0.00,310.01,1.003477e-03
4045,33.7638,140.00,30.69,35.0000,24.3141,10.6859,600.0000,30.67,119.76,3.0300,2.94,310.00,1.003631e-03
4046,34.2908,140.00,30.15,35.0000,24.3141,10.6859,600.0000,30.19,119.76,3.0300,0.00,309.98,1.003785e-03
4047,34.1722,140.00,29.80,35.0000,24.3141,10.6859,600.0000,29.77,119.76,3.0300,3.07,309.97,1.003939e-03
4048,33.9616,140.00,29.46,35.0000,24.3141,10.6859,600.0000,29.45,119.76,3.0300,2.81,309.95,1.004092e-03
4049,33.6162,140.00,29.16,35.0000,24.3141,10.6859,600.0000,29.24,119.76,3.0300,0.00,309.94,1.004246e-03
4050,33.9761,140.00,29.26,35.0000,24.3141,10.6859,600.0000,29.17,119.76,3.0300,3.70,309.92,1.004400e-03
4051,33.9942,140.00,29.21,35.0000,24.3141,10.6859,600.0000,29.24,119.76,3.0300,0.00,309.91,1.004554e-03
4052,33.6402,140.00,29.41,35.0000,24.3141,10.6859,600.0000,29.43,119.76,3.0300,0.00,309.89,1.004707e-03
4053,34.0626,140.00,29.73,35.0000,24.3141,10.6859,600.0000,29.75,119.76,3.0300,0.00,309.88,1.004861e-03
4054,33.9248,140.00,30.16,35.0000,24.3141,10.6859,600.0000,30.16,119.76,3.0300,2.03,309.86,1.005015e-03
4055,34.0969,140.00,30.63,35.0000,24.3141,10.6859,600.0000,30.64,119.76,3.0300,0.00,309.85,1.005168e-03
4056,33.5761,140.00,31.23,35.0000,24.3141,10.6859,600.0000,31.15,119.76,3.0300,3.64,309.83,1.005322e-03
4057,33.5059,140.00,31.74,35.0000,24.3141,10.6859,600.0000,31.67,119.76,3.0300,3.58,309.82,1.005476e-03
4058,33.9694,140.00,32.24,35.0000,24.3141,10.6859,600.0000,32.14,119.76,3.0300,3.75,309.80,1.005629e-03
4059,33.9412,140.00,32.70,35.0000,24.3141,10.6859,600.0000,32.56,119.76,3.0300,4.07,309.79,1.005783e-03
4060,33.1689,140.00,32.73,35.0000,24.3141,10.6859,600.0000,32.87,119.76,3.0300,0.00,309.77,1.005937e-03
4061,33.4864,140.00,33.20,35.0000,24.3141,10.6859,600.0000,33.07,119.76,3.0300,3.99,309.76,1.006090e-03
4062,33.8964,140.00,33.07,35.0000,24.3141,10.6859,600.0000,33.13,119.76,3.0300,0.00,309.74,1.006244e-03
4063,33.5899,140.00,32.96,35.0000,24.3141,10.6859,600.0000,33.06,119.76,3.0300,0.00,309.73,1.006398e-03
4064,34.0211,140.00,32.85,35.0000,24.3141,10.6859,600.0000,32.86,119.76,3.0300,0.00,309.72,1.006551e-03
4065,33.9306,140.00,32.65,35.0000,24.3141,10.6859,600.0000,32.53,119.76,3.0300,3.90,309.70,1.006705e-03
4066,33.3755,140.00,32.03,35.0000,24.3141,10.6859,600.0000,32.12,119.76,3.0300,0.00,309.69,1.006859e-03
4067,33.6679,140.00,31.69,35.0000,24.3141,10.6859,600.0000,31.63,119.76,3.0300,3.49,309.67,1.007012e-03
4068,33.6032,140.00,31.28,35.0000,24.3141,10.6859,600.0000,31.11,119.76,3.0300,4.18,309.66,1.007166e-03
4069,33.9064,140.00,30.67,35.0000,24.3141,10.6859,600.0000,30.59,119.76,3.0300,3.63,309.64,1.007320e-03
4070,33.1341,140.00,30.16,35.0000,24.3141,10.6859,600.0000,30.10,119.76,3.0300,3.44,309.63,1.007473e-03
4071,33.8522,140.00,29.69,35.0000,24.3141,10.6859,600.0000,29.68,119.76,3.0300,2.37,309.61,1.007627e-03
4072,33.7833,140.00,29.38,35.0000,24.3141,10.6859,600.0000,29.36,119.76,3.0300,2.73,309.60,1.007781e-03
4073,33.6067,140.00,29.06,35.0000,24.3141,10.6859,600.0000,29.16,119.76,3.0300,0.00,309.58,1.007934e-03
4074,33.9215,140.00,29.01,35.0000,24.3141,10.6859,600.0000,29.09,119.76,3.0300,0.00,309.57,1.008088e-03
4075,33.9284,140.00,29.09,35.0000,24.3141,10.6859,600.0000,29.15,119.76,3.0300,0.00,309.55,1.008241e-03
4076,33.0209,140.00,29.53,35.0000,24.3141,10.6859,600.0000,29.35,119.76,3.0300,4.27,309.54,1.008395e-03
4077,33.2779,140.00,29.53,35.0000,24.3141,10.6859,600.0000,29.66,119.76,3.0300,0.00,309.52,1.008549e-03
4078,33.1475,140.00,30.18,35.0000,24.3141,10.6859,600.0000,30.07,119.76,3.0300,3.81,309.51,1.008702e-03
4079,33.4667,140.00,30.63,35.0000,24.3141,10.6859,600.0000,30.55,119.76,3.0300,3.59,309.49,1.008856e-03
4080,33.2467,140.00,31.02,35.0000,24.3141,10.6859,600.0000,31.07,119.76,3.0300,0.00,309.48,1.009009e-03
4081,33.8303,140.00,31.51,35.0000,24.3141,10.6859,600.0000,31.58,119.76,3.0300,0.00,309.46,1.009163e-03
4082,33.8009,140.00,32.04,35.0000,24.3141,10.6859,600.0000,32.06,119.76,3.0300,0.00,309.45,1.009317e-03
4083,32.9859,140.00,32.67,35.0000,24.3141,10.6859,600.0000,32.47,119.76,3.0300,4.32,309.44,1.009470e-03
4084,33.6521,140.00,32.90,35.0000,24.3141,10.6859,600.0000,32.79,119.76,3.0300,3.92,309.42,1.009624e-03
4085,33.6172,140.00,32.97,35.0000,24.3141,10.6859,600.0000,32.98,119.76,3.0300,0.00,309.41,1.009777e-03
4086,33.3631,140.00,33.12,35.0000,24.3141,10.6859,600.0000,33.05,119.76,3.0300,3.60,309.39,1.009931e-03
4087,33.2147,140.00,32.96,35.0000,24.3141,10.6859,600.0000,32.97,119.76,3.0300,0.00,309.38,1.010084e-03
4088,33.2366,140.00,32.85,35.0000,24.3141,10.6859,600.0000,32.77,119.76,3.0300,3.60,309.36,1.010238e-03
4089,33.4931,140.00,32.39,35.0000,24.3141,10.6859,600.0000,32.45,119.76,3.0300,0.00,309.35,1.010392e-03
4090,33.2300,140.00,32.18,35.0000,24.3141,10.6859,600.0000,32.03,119.76,3.0300,4.06,309.33,1.010545e-03
4091,33.5273,140.00,31.43,35.0000,24.3141,10.6859,600.0000,31.55,119.76,3.0300,0.00,309.32,1.010699e-03
4092,33.2798,140.00,31.08,35.0000,24.3141,10.6859,600.0000,31.03,119.76,3.0300,3.43,309.30,1.010852e-03
4093,33.1803,140.00,30.66,35.0000,24.3141,10.6859,600.0000,30.50,119.76,3.0300,4.15,309.29,1.011006e-03
4094,32.9081,140.00,29.78,35.0000,24.3141,10.6859,600.0000,30.02,119.76,3.0300,0.00,309.27,1.011159e-03
4095,33.1148,140.00,29.65,35.0000,24.3141,10.6859,600.0000,29.60,119.76,3.0300,3.32,309.26,1.011313e-03
4096,33.4476,140.00,29.15,35.0000,24.3141,10.6859,600.0000,29.28,119.76,3.0300,0.00,309.24,1.011466e-03
4097,32.8723,140.00,29.29,35.0000,24.3141,10.6859,600.0000,29.08,119.76,3.0300,4.38,309.23,1.011620e-03
4098,33.4239,140.00,29.10,35.0000,24.3141,10.6859,600.0000,29.00,119.76,3.0300,3.76,309.22,1.011773e-03
4099,33.1898,140.00,29.04,35.0000,24.3141,10.6859,600.0000,29.07,119.76,3.0300,0.00,309.20,1.011927e-03
4100,33.1098,140.00,29.33,35.0000,24.3141,10.6859,600.0000,29.27,119.76,3.0300,3.50,309.19,1.012080e-03
4101,33.4702,140.00,29.49,35.0000,24.3141,10.6859,600.0000,29.58,119.76,3.0300,0.00,309.17,1.012234e-03
4102,33.1484,140.00,30.10,35.0000,24.3141,10.6859,600.0000,29.99,119.76,3.0300,3.88,309.16,1.012387e-03
4103,33.1200,140.00,30.44,35.0000,24.3141,10.6859,600.0000,30.47,119.76,3.0300,0.00,309.14,1.012541e-03
4104,33.4098,140.00,31.13,35.0000,24.3141,10.6859,600.0000,30.98,119.76,3.0300,4.05,309.13,1.012694e-03
4105,33.6517,140.00,31.53,35.0000,24.3141,10.6859,600.0000,31.50,119.76,3.0300,3.07,309.11,1.012848e-03
4106,33.3026,140.00,32.00,35.0000,24.3141,10.6859,600.0000,31.98,119.76,3.0300,2.92,309.10,1.013001e-03
4107,33.3124,140.00,32.39,35.0000,24.3141,10.6859,600.0000,32.39,119.76,3.0300,2.19,309.08,1.013155e-03
4108,33.1382,140.00,32.88,35.0000,24.3141,10.6859,600.0000,32.70,119.76,3.0300,4.24,309.07,1.013308e-03
4109,33.5196,140.00,32.87,35.0000,24.3141,10.6859,600.0000,32.90,119.76,3.0300,0.00,309.05,1.013462e-03
4110,33.3249,140.00,32.93,35.0000,24.3141,10.6859,600.0000,32.96,119.76,3.0300,0.00,309.04,1.013615e-03
4111,33.7928,140.00,32.75,35.0000,24.3141,10.6859,600.0000,32.89,119.76,3.0300,0.00,309.02,1.013769e-03
4112,33.0551,140.00,32.62,35.0000,24.3141,10.6859,600.0000,32.69,119.76,3.0300,0.00,309.01,1.013922e-03
4113,32.9387,140.00,32.43,35.0000,24.3141,10.6859,600.0000,32.37,119.76,3.0300,3.50,309.00,1.014076e-03
4114,33.1779,140.00,31.94,35.0000,24.3141,10.6859,600.0000,31.95,119.76,3.0300,0.00,308.98,1.014229e-03
4115,33.2123,140.00,31.62,35.0000,24.3141,10.6859,600.0000,31.46,119.76,3.0300,4.12,308.97,1.014382e-03
4116,33.5164,140.00,31.13,35.0000,24.3141,10.6859,600.0000,30.94,119.76,3.0300,4.27,308.95,1.014536e-03
4117,33.4748,140.00,30.53,35.0000,24.3141,10.6859,600.0000,30.42,119.76,3.0300,3.88,308.94,1.014689e-03
4118,33.5503,140.00,29.81,35.0000,24.3141,10.6859,600.0000,29.93,119.76,3.0300,0.00,308.92,1.014843e-03
4119,33.7728,140.00,29.48,35.0000,24.3141,10.6859,600.0000,29.52,119.76,3.0300,0.00,308.91,1.014996e-03
4120,33.5885,140.00,29.27,35.0000,24.3141,10.6859,600.0000,29.19,119.76,3.0300,3.58,308.89,1.015150e-03
4121,33.2142,140.00,29.05,35.0000,24.3141,10.6859,600.0000,28.99,119.76,3.0300,3.43,308.88,1.015303e-03
4122,33.7578,140.00,28.89,35.0000,24.3141,10.6859,600.0000,28.92,119.76,3.0300,0.00,308.86,1.015456e-03
4123,33.2485,140.00,28.82,35.0000,24.3141,10.6859,600.0000,28.98,119.76,3.0300,0.00,308.85,1.015610e-03
4124,33.1479,140.00,29.01,35.0000,24.3141,10.6859,600.0000,29.18,119.76,3.0300,0.00,308.83,1.015763e-03
4125,33.5471,140.00,29.41,35.0000,24.3141,10.6859,600.0000,29.50,119.76,3.0300,0.00,308.82,1.015917e-03
4126,33.2813,140.00,29.76,35.0000,24.3141,10.6859,600.0000,29.91,119.76,3.0300,0.00,308.80,1.016070e-03
4127,33.1869,140.00,30.58,35.0000,24.3141,10.6859,600.0000,30.38,119.76,3.0300,4.31,308.79,1.016223e-03
4128,33.3901,140.00,30.99,35.0000,24.3141,10.6859,600.0000,30.90,119.76,3.0300,3.73,308.78,1.016377e-03
4129,33.5108,140.00,31.53,35.0000,24.3141,10.6859,600.0000,31.41,119.76,3.0300,3.89,308.76,1.016530e-03
4130,33.2864,140.00,31.87,35.0000,24.3141,10.6859,600.0000,31.89,119.76,3.0300,0.00,308.75,1.016684e-03
4131,33.0430,140.00,32.24,35.0000,24.3141,10.6859,600.0000,32.30,119.76,3.0300,0.00,308.73,1.016837e-03
4132,33.3586,140.00,32.42,35.0000,24.3141,10.6859,600.0000,32.62,119.76,3.0300,0.00,308.72,1.016990e-03
4133,33.2137,140.00,32.81,35.0000,24.3141,10.6859,600.0000,32.81,119.76,3.0300,2.01,308.70,1.017144e-03
4134,33.2150,140.00,32.87,35.0000,24.3141,10.6859,600.0000,32.88,119.76,3.0300,0.00,308.69,1.017297e-03
4135,33.4010,140.00,33.02,35.0000,24.3141,10.6859,600.0000,32.81,119.76,3.0300,4.42,308.67,1.017450e-03
4136,33.1451,140.00,32.42,35.0000,24.3141,10.6859,600.0000,32.60,119.76,3.0300,0.00,308.66,1.017604e-03
4137,33.1432,140.00,32.53,35.0000,24.3141,10.6859,600.0000,32.28,119.76,3.0300,4.53,308.64,1.017757e-03
4138,32.7558,140.00,31.96,35.0000,24.3141,10.6859,600.0000,31.86,119.76,3.0300,3.75,308.63,1.017910e-03
4139,33.1538,140.00,31.36,35.0000,24.3141,10.6859,600.0000,31.38,119.76,3.0300,0.00,308.61,1.018064e-03
4140,33.5960,140.00,31.03,35.0000,24.3141,10.6859,600.0000,30.86,119.76,3.0300,4.21,308.60,1.018217e-03
4141,32.9643,140.00,30.24,35.0000,24.3141,10.6859,600.0000,30.34,119.76,3.0300,0.00,308.59,1.018371e-03
4142,33.6160,140.00,29.94,35.0000,24.3141,10.6859,600.0000,29.85,119.76,3.0300,3.75,308.57,1.018524e-03
4143,33.6673,140.00,29.50,35.0000,24.3141,10.6859,600.0000,29.43,119.76,3.0300,3.50,308.56,1.018677e-03
4144,33.0256,140.00,29.33,35.0000,24.3141,10.6859,600.0000,29.11,119.76,3.0300,4.44,308.54,1.018831e-03
4145,33.3976,140.00,28.93,35.0000,24.3141,10.6859,600.0000,28.91,119.76,3.0300,2.93,308.53,1.018984e-03
4146,33.4852,140.00,28.87,35.0000,24.3141,10.6859,600.0000,28.84,119.76,3.0300,3.13,308.51,1.019137e-03
4147,33.1676,140.00,28.81,35.0000,24.3141,10.6859,600.0000,28.90,119.76,3.0300,0.00,308.50,1.019290e-03
4148,32.8651,140.00,29.28,35.0000,24.3141,10.6859,600.0000,29.10,119.76,3.0300,4.27,308.48,1.019444e-03
4149,33.5091,140.00,29.46,35.0000,24.3141,10.6859,600.0000,29.41,119.76,3.0300,3.39,308.47,1.019597e-03
4150,33.3680,140.00,29.96,35.0000,24.3141,10.6859,600.0000,29.82,119.76,3.0300,4.01,308.45,1.019750e-03
4151,33.0529,140.00,30.08,35.0000,24.3141,10.6859,600.0000,30.30,119.76,3.0300,0.00,308.44,1.019904e-03
4152,33.3193,140.00,31.02,35.0000,24.3141,10.6859,600.0000,30.81,119.76,3.0300,4.35,308.43,1.020057e-03
4153,33.4777,140.00,31.35,35.0000,24.3141,10.6859,600.0000,31.33,119.76,3.0300,2.99,308.41,1.020210e-03
4154,32.7703,140.00,31.95,35.0000,24.3141,10.6859,600.0000,31.81,119.76,3.0300,4.07,308.40,1.020364e-03
4155,33.0790,140.00,32.27,35.0000,24.3141,10.6859,600.0000,32.22,119.76,3.0300,3.43,308.38,1.020517e-03
4156,32.9502,140.00,32.61,35.0000,24.3141,10.6859,600.0000,32.53,119.76,3.0300,3.63,308.37,1.020670e-03
4157,32.9060,140.00,32.65,35.0000,24.3141,10.6859,600.0000,32.73,119.76,3.0300,0.00,308.35,1.020823e-03
4158,33.6885,140.00,32.78,35.0000,24.3141,10.6859,600.0000,32.79,119.76,3.0300,0.00,308.34,1.020977e-03
4159,32.8127,140.00,32.89,35.0000,24.3141,10.6859,600.0000,32.72,119.76,3.0300,4.18,308.32,1.021130e-03
4160,33.2024,140.00,32.52,35.0000,24.3141,10.6859,600.0000,32.52,119.76,3.0300,2.19,308.31,1.021283e-03
4161,33.5571,140.00,32.10,35.0000,24.3141,10.6859,600.0000,32.20,119.76,3.0300,0.00,308.29,1.021436e-03
4162,33.1451,140.00,31.69,35.0000,24.3141,10.6859,600.0000,31.78,119.76,3.0300,0.00,308.28,1.021590e-03
4163,33.5106,140.00,31.16,35.0000,24.3141,10.6859,600.0000,31.29,119.76,3.0300,0.00,308.26,1.021743e-03
4164,33.3579,140.00,30.78,35.0000,24.3141,10.6859,600.0000,30.77,119.76,3.0300,2.41,308.25,1.021896e-03
4165,33.6752,140.00,30.26,35.0000,24.3141,10.6859,600.0000,30.25,119.76,3.0300,2.48,308.24,1.022049e-03
4166,33.1409,140.00,29.51,35.0000,24.3141,10.6859,600.0000,29.76,119.76,3.0300,0.00,308.22,1.022203e-03
4167,33.5141,140.00,29.42,35.0000,24.3141,10.6859,600.0000,29.35,119.76,3.0300,3.60,308.21,1.022356e-03
4168,33.2592,140.00,28.89,35.0000,24.3141,10.6859,600.0000,29.03,119.76,3.0300,0.00,308.19,1.022509e-03
4169,33.1096,140.00,28.93,35.0000,24.3141,10.6859,600.0000,28.82,119.76,3.0300,3.83,308.18,1.022662e-03
4170,33.0221,140.00,28.58,35.0000,24.3141,10.6859,600.0000,28.75,119.76,3.0300,0.00,308.16,1.022816e-03
4171,33.4646,140.00,28.78,35.0000,24.3141,10.6859,600.0000,28.81,119.76,3.0300,0.00,308.15,1.022969e-03
4172,33.2460,140.00,28.84,35.0000,24.3141,10.6859,600.0000,29.01,119.76,3.0300,0.00,308.13,1.023122e-03
4173,33.3088,140.00,29.32,35.0000,24.3141,10.6859,600.0000,29.33,119.76,3.0300,0.00,308.12,1.023275e-03
4174,33.5249,140.00,29.81,35.0000,24.3141,10.6859,600.0000,29.74,119.76,3.0300,3.56,308.10,1.023428e-03
4175,33.5667,140.00,30.37,35.0000,24.3141,10.6859,600.0000,30.21,119.76,3.0300,4.10,308.09,1.023582e-03
4176,33.3210,140.00,30.62,35.0000,24.3141,10.6859,600.0000,30.73,119.76,3.0300,0.00,308.08,1.023735e-03
4177,32.9982,140.00,31.16,35.0000,24.3141,10.6859,600.0000,31.24,119.76,3.0300,0.00,308.06,1.023888e-03
4178,33.5436,140.00,31.64,35.0000,24.3141,10.6859,600.0000,31.72,119.76,3.0300,0.00,308.05,1.024041e-03
4179,32.8654,140.00,32.00,35.0000,24.3141,10.6859,600.0000,32.13,119.76,3.0300,0.00,308.03,1.024194e-03
4180,32.9831,140.00,32.64,35.0000,24.3141,10.6859,600.0000,32.45,119.76,3.0300,4.29,308.02,1.024348e-03
4181,33.6943,140.00,32.67,35.0000,24.3141,10.6859,600.0000,32.64,119.76,3.0300,2.99,308.00,1.024501e-03
4182,33.2829,140.00,32.58,35.0000,24.3141,10.6859,600.0000,32.71,119.76,3.0300,0.00,307.99,1.024654e-03
4183,33.4769,140.00,32.79,35.0000,24.3141,10.6859,600.0000,32.64,119.76,3.0300,4.12,307.97,1.024807e-03
4184,33.3152,140.00,32.44,35.0000,24.3141,10.6859,600.0000,32.43,119.76,3.0300,2.44,307.96,1.024960e-03
4185,33.3956,140.00,32.08,35.0000,24.3141,10.6859,600.0000,32.11,119.76,3.0300,0.00,307.94,1.025113e-03
4186,33.8605,140.00,31.70,35.0000,24.3141,10.6859,600.0000,31.69,119.76,3.0300,2.41,307.93,1.025267e-03
4187,33.7691,140.00,31.19,35.0000,24.3141,10.6859,600.0000,31.21,119.76,3.0300,0.00,307.92,1.025420e-03
4188,33.4931,140.00,30.56,35.0000,24.3141,10.6859,600.0000,30.69,119.76,3.0300,0.00,307.90,1.025573e-03
4189,33.0653,140.00,30.00,35.0000,24.3141,10.6859,600.0000,30.17,119.76,3.0300,0.00,307.89,1.025726e-03
4190,33.3869,140.00,29.89,35.0000,24.3141,10.6859,600.0000,29.68,119.76,3.0300,4.38,307.87,1.025879e-03
4191,33.4744,140.00,29.22,35.0000,24.3141,10.6859,600.0000,29.26,119.76,3.0300,0.00,307.86,1.026032e-03
4192,33.0332,140.00,28.79,35.0000,24.3141,10.6859,600.0000,28.94,119.76,3.0300,0.00,307.84,1.026186e-03
4193,33.0199,140.00,28.56,35.0000,24.3141,10.6859,600.0000,28.74,119.76,3.0300,0.00,307.83,1.026339e-03
4194,33.0462,140.00,28.58,35.0000,24.3141,10.6859,600.0000,28.67,119.76,3.0300,0.00,307.81,1.026492e-03
4195,33.2801,140.00,28.69,35.0000,24.3141,10.6859,600.0000,28.73,119.76,3.0300,0.00,307.80,1.026645e-03
4196,33.9305,140.00,28.89,35.0000,24.3141,10.6859,600.0000,28.93,119.76,3.0300,0.00,307.79,1.026798e-03
4197,33.0006,140.00,29.37,35.0000,24.3141,10.6859,600.0000,29.24,119.76,3.0300,3.98,307.77,1.026951e-03
4198,33.8736,140.00,29.73,35.0000,24.3141,10.6859,600.0000,29.65,119.76,3.0300,3.59,307.76,1.027104e-03
4199,33.2743,140.00,30.26,35.0000,24.3141,10.6859,600.0000,30.13,119.76,3.0300,4.01,307.74,1.027257e-03
4200,33.2561,140.00,30.67,35.0000,24.3141,10.6859,600.0000,30.64,119.76,3.0300,2.99,307.73,1.027411e-03
4201,33.6663,140.00,31.27,35.0000,24.3141,10.6859,600.0000,31.16,119.76,3.0300,3.86,307.71,1.027564e-03
4202,33.6013,140.00,31.74,35.0000,24.3141,10.6859,600.0000,31.64,119.76,3.0300,3.81,307.70,1.027717e-03
4203,33.3917,140.00,32.01,35.0000,24.3141,10.6859,600.0000,32.05,119.76,3.0300,0.00,307.68,1.027870e-03
4204,33.6279,140.00,32.46,35.0000,24.3141,10.6859,600.0000,32.36,119.76,3.0300,3.78,307.67,1.028023e-03
4205,33.8612,140.00,32.46,35.0000,24.3141,10.6859,600.0000,32.56,119.76,3.0300,0.00,307.65,1.028176e-03
4206,33.7419,140.00,32.57,35.0000,24.3141,10.6859,600.0000,32.62,119.76,3.0300,0.00,307.64,1.028329e-03
4207,33.5793,140.00,32.74,35.0000,24.3141,10.6859,600.0000,32.55,119.76,3.0300,4.29,307.63,1.028482e-03
4208,33.3587,140.00,32.49,35.0000,24.3141,10.6859,600.0000,32.35,119.76,3.0300,4.08,307.61,1.028635e-03
4209,33.7013,140.00,31.92,35.0000,24.3141,10.6859,600.0000,32.03,119.76,3.0300,0.00,307.60,1.028788e-03
4210,33.9788,140.00,31.62,35.0000,24.3141,10.6859,600.0000,31.61,119.76,3.0300,2.64,307.58,1.028941e-03
4211,33.8964,140.00,31.11,35.0000,24.3141,10.6859,600.0000,31.12,119.76,3.0300,0.00,307.57,1.029094e-03
4212,33.2495,140.00,30.61,35.0000,24.3141,10.6859,600.0000,30.60,119.76,3.0300,2.54,307.55,1.029248e-03
4213,33.8245,140.00,30.15,35.0000,24.3141,10.6859,600.0000,30.08,119.76,3.0300,3.55,307.54,1.029401e-03
4214,33.8338,140.00,29.74,35.0000,24.3141,10.6859,600.0000,29.59,119.76,3.0300,4.08,307.52,1.029554e-03
4215,34.0501,140.00,29.17,35.0000,24.3141,10.6859,600.0000,29.18,119.76,3.0300,0.00,307.51,1.029707e-03
4216,33.6643,140.00,28.96,35.0000,24.3141,10.6859,600.0000,28.85,119.76,3.0300,3.86,307.50,1.029860e-03
4217,33.6791,140.00,28.61,35.0000,24.3141,10.6859,600.0000,28.65,119.76,3.0300,0.00,307.48,1.030013e-03
4218,33.7541,140.00,28.57,35.0000,24.3141,10.6859,600.0000,28.58,119.76,3.0300,0.00,307.47,1.030166e-03
4219,33.2366,140.00,28.47,35.0000,24.3141,10.6859,600.0000,28.64,119.76,3.0300,0.00,307.45,1.030319e-03
4220,33.6605,140.00,28.94,35.0000,24.3141,10.6859,600.0000,28.84,119.76,3.0300,3.79,307.44,1.030472e-03
4221,33.8358,140.00,29.16,35.0000,24.3141,10.6859,600.0000,29.15,119.76,3.0300,2.41,307.42,1.030625e-03
4222,33.4646,140.00,29.46,35.0000,24.3141,10.6859,600.0000,29.57,119.76,3.0300,0.00,307.41,1.030778e-03
4223,34.0000,140.00,30.12,35.0000,24.3141,10.6859,600.0000,30.04,119.76,3.0300,3.60,307.39,1.030931e-03
4224,34.0633,140.00,30.61,35.0000,24.3141,10.6859,600.0000,30.56,119.76,3.0300,3.40,307.38,1.031084e-03
4225,33.4861,140.00,31.15,35.0000,24.3141,10.6859,600.0000,31.07,119.76,3.0300,3.62,307.37,1.031237e-03
4226,33.4341,140.00,31.70,35.0000,24.3141,10.6859,600.0000,31.55,119.76,3.0300,4.11,307.35,1.031390e-03
4227,33.7880,140.00,31.91,35.0000,24.3141,10.6859,600.0000,31.96,119.76,3.0300,0.00,307.34,1.031543e-03
4228,33.9930,140.00,32.25,35.0000,24.3141,10.6859,600.0000,32.28,119.76,3.0300,0.00,307.32,1.031696e-03
4229,33.4725,140.00,32.63,35.0000,24.3141,10.6859,600.0000,32.47,119.76,3.0300,4.16,307.31,1.031849e-03
4230,34.2380,140.00,32.60,35.0000,24.3141,10.6859,600.0000,32.54,119.76,3.0300,3.45,307.29,1.032002e-03
4231,33.5161,140.00,32.48,35.0000,24.3141,10.6859,600.0000,32.47,119.76,3.0300,2.65,307.28,1.032155e-03
4232,33.5360,140.00,32.36,35.0000,24.3141,10.6859,600.0000,32.26,119.76,3.0300,3.75,307.26,1.032308e-03
4233,33.5908,140.00,31.98,35.0000,24.3141,10.6859,600.0000,31.94,119.76,3.0300,3.18,307.25,1.032461e-03
4234,33.5329,140.00,31.43,35.0000,24.3141,10.6859,600.0000,31.52,119.76,3.0300,0.00,307.24,1.032614e-03
4235,33.8449,140.00,31.07,35.0000,24.3141,10.6859,600.0000,31.04,119.76,3.0300,3.10,307.22,1.032767e-03
4236,34.1537,140.00,30.55,35.0000,24.3141,10.6859,600.0000,30.52,119.76,3.0300,3.17,307.21,1.032920e-03
4237,33.7865,140.00,29.95,35.0000,24.3141,10.6859,600.0000,29.99,119.76,3.0300,0.00,307.19,1.033073e-03
4238,33.4100,140.00,29.51,35.0000,24.3141,10.6859,600.0000,29.51,119.76,3.0300,2.20,307.18,1.033226e-03
4239,33.7129,140.00,29.11,35.0000,24.3141,10.6859,600.0000,29.09,119.76,3.0300,2.96,307.16,1.033379e-03
4240,33.4793,140.00,28.79,35.0000,24.3141,10.6859,600.0000,28.77,119.76,3.0300,2.90,307.15,1.033532e-03
4241,34.3510,140.00,28.63,35.0000,24.3141,10.6859,600.0000,28.57,119.76,3.0300,3.51,307.13,1.033685e-03
4242,33.7975,140.00,28.63,35.0000,24.3141,10.6859,600.0000,28.49,119.76,3.0300,4.04,307.12,1.033838e-03
4243,33.6646,140.00,28.70,35.0000,24.3141,10.6859,600.0000,28.56,119.76,3.0300,4.04,307.11,1.033991e-03
4244,34.2055,140.00,28.72,35.0000,24.3141,10.6859,600.0000,28.75,119.76,3.0300,0.00,307.09,1.034144e-03
4245,34.1449,140.00,29.08,35.0000,24.3141,10.6859,600.0000,29.07,119.76,3.0300,2.72,307.08,1.034297e-03
4246,33.7574,140.00,29.40,35.0000,24.3141,10.6859,600.0000,29.48,119.76,3.0300,0.00,307.06,1.034450e-03
4247,33.8442,140.00,29.91,35.0000,24.3141,10.6859,600.0000,29.96,119.76,3.0300,0.00,307.05,1.034603e-03
4248,33.6632,140.00,30.42,35.0000,24.3141,10.6859,600.0000,30.47,119.76,3.0300,0.00,307.03,1.034755e-03
4249,33.5517,140.00,31.01,35.0000,24.3141,10.6859,600.0000,30.99,119.76,3.0300,2.97,307.02,1.034908e-03
4250,33.5709,140.00,31.49,35.0000,24.3141,10.6859,600.0000,31.47,119.76,3.0300,3.08,307.00,1.035061e-03
4251,34.3939,140.00,31.96,35.0000,24.3141,10.6859,600.0000,31.88,119.76,3.0300,3.68,306.99,1.035214e-03
4252,34.2726,140.00,32.26,35.0000,24.3141,10.6859,600.0000,32.19,119.76,3.0300,3.52,306.98,1.035367e-03
4253,34.3141,140.00,32.42,35.0000,24.3141,10.6859,600.0000,32.39,119.76,3.0300,3.18,306.96,1.035520e-03
4254,33.5772,140.00,32.65,35.0000,24.3141,10.6859,600.0000,32.45,119.76,3.0300,4.32,306.95,1.035673e-03
4255,33.6686,140.00,32.36,35.0000,24.3141,10.6859,600.0000,32.38,119.76,3.0300,0.00,306.93,1.035826e-03
4256,33.8623,140.00,32.13,35.0000,24.3141,10.6859,600.0000,32.18,119.76,3.0300,0.00,306.92,1.035979e-03
4257,34.4965,140.00,31.91,35.0000,24.3141,10.6859,600.0000,31.85,119.76,3.0300,3.38,306.90,1.036132e-03
4258,34.3073,140.00,31.44,35.0000,24.3141,10.6859,600.0000,31.44,119.76,3.0300,0.00,306.89,1.036285e-03
4259,34.4008,140.00,30.93,35.0000,24.3141,10.6859,600.0000,30.95,119.76,3.0300,0.00,306.87,1.036437e-03
4260,33.9739,140.00,30.55,35.0000,24.3141,10.6859,600.0000,30.43,119.76,3.0300,3.95,306.86,1.036590e-03
4261,34.3242,140.00,29.88,35.0000,24.3141,10.6859,600.0000,29.91,119.76,3.0300,0.00,306.85,1.036743e-03
4262,34.5925,140.00,29.43,35.0000,24.3141,10.6859,600.0000,29.42,119.76,3.0300,2.31,306.83,1.036896e-03
4263,34.0356,140.00,28.97,35.0000,24.3141,10.6859,600.0000,29.00,119.76,3.0300,0.00,306.82,1.037049e-03
4264,33.8674,140.00,28.65,35.0000,24.3141,10.6859,600.0000,28.68,119.76,3.0300,0.00,306.80,1.037202e-03
4265,34.2434,140.00,28.46,35.0000,24.3141,10.6859,600.0000,28.48,119.76,3.0300,0.00,306.79,1.037355e-03
4266,34.2377,140.00,28.37,35.0000,24.3141,10.6859,600.0000,28.41,119.76,3.0300,0.00,306.77,1.037508e-03
4267,34.2892,140.00,28.47,35.0000,24.3141,10.6859,600.0000,28.47,119.76,3.0300,0.00,306.76,1.037661e-03
4268,34.0435,140.00,28.69,35.0000,24.3141,10.6859,600.0000,28.67,119.76,3.0300,3.03,306.75,1.037813e-03
4269,34.0430,140.00,28.98,35.0000,24.3141,10.6859,600.0000,28.98,119.76,3.0300,0.00,306.73,1.037966e-03
4270,34.5458,140.00,29.35,35.0000,24.3141,10.6859,600.0000,29.39,119.76,3.0300,0.00,306.72,1.038119e-03
4271,33.8241,140.00,29.96,35.0000,24.3141,10.6859,600.0000,29.87,119.76,3.0300,3.71,306.70,1.038272e-03
4272,33.8095,140.00,30.38,35.0000,24.3141,10.6859,600.0000,30.39,119.76,3.0300,0.00,306.69,1.038425e-03
4273,33.9617,140.00,30.94,35.0000,24.3141,10.6859,600.0000,30.90,119.76,3.0300,3.19,306.67,1.038578e-03
4274,33.8267,140.00,31.32,35.0000,24.3141,10.6859,600.0000,31.38,119.76,3.0300,0.00,306.66,1.038731e-03
4275,34.4864,140.00,31.82,35.0000,24.3141,10.6859,600.0000,31.79,119.76,3.0300,3.09,306.64,1.038883e-03
4276,34.0844,140.00,32.21,35.0000,24.3141,10.6859,600.0000,32.10,119.76,3.0300,3.81,306.63,1.039036e-03
4277,34.5470,140.00,32.34,35.0000,24.3141,10.6859,600.0000,32.30,119.76,3.0300,3.28,306.62,1.039189e-03
4278,34.6207,140.00,32.32,35.0000,24.3141,10.6859,600.0000,32.37,119.76,3.0300,0.00,306.60,1.039342e-03
4279,34.1165,140.00,32.31,35.0000,24.3141,10.6859,600.0000,32.29,119.76,3.0300,2.91,306.59,1.039495e-03
4280,34.0197,140.00,32.17,35.0000,24.3141,10.6859,600.0000,32.09,119.76,3.0300,3.62,306.57,1.039648e-03
4281,34.2050,140.00,31.82,35.0000,24.3141,10.6859,600.0000,31.77,119.76,3.0300,3.38,306.56,1.039800e-03
4282,34.1133,140.00,31.32,35.0000,24.3141,10.6859,600.0000,31.35,119.76,3.0300,0.00,306.54,1.039953e-03
4283,34.1320,140.00,30.94,35.0000,24.3141,10.6859,600.0000,30.87,119.76,3.0300,3.62,306.53,1.040106e-03
4284,34.1228,140.00,30.30,35.0000,24.3141,10.6859,600.0000,30.34,119.76,3.0300,0.00,306.52,1.040259e-03
4285,34.7401,140.00,29.80,35.0000,24.3141,10.6859,600.0000,29.82,119.76,3.0300,0.00,306.50,1.040412e-03
4286,34.5951,140.00,29.36,35.0000,24.3141,10.6859,600.0000,29.34,119.76,3.0300,2.91,306.49,1.040564e-03
4287,34.0474,140.00,28.93,35.0000,24.3141,10.6859,600.0000,28.92,119.76,3.0300,2.78,306.47,1.040717e-03
4288,34.8375,140.00,28.61,35.0000,24.3141,10.6859,600.0000,28.60,119.76,3.0300,2.67,306.46,1.040870e-03
4289,34.2582,140.00,28.43,35.0000,24.3141,10.6859,600.0000,28.39,119.76,3.0300,3.13,306.44,1.041023e-03
4290,34.2299,140.00,28.27,35.0000,24.3141,10.6859,600.0000,28.32,119.76,3.0300,0.00,306.43,1.041176e-03
4291,34.0927,140.00,28.30,35.0000,24.3141,10.6859,600.0000,28.39,119.76,3.0300,0.00,306.41,1.041328e-03
4292,34.2837,140.00,28.55,35.0000,24.3141,10.6859,600.0000,28.58,119.76,3.0300,0.00,306.40,1.041481e-03
4293,35.0112,140.00,28.93,35.0000,24.3141,10.6859,600.0000,28.90,119.76,3.0300,3.19,306.39,1.041634e-03
4294,34.7990,140.00,29.36,35.0000,24.3141,10.6859,600.0000,29.31,119.76,3.0300,3.38,306.37,1.041787e-03
4295,34.2814,140.00,29.88,35.0000,24.3141,10.6859,600.0000,29.79,119.76,3.0300,3.76,306.36,1.041939e-03
4296,34.9726,140.00,30.27,35.0000,24.3141,10.6859,600.0000,30.30,119.76,3.0300,0.00,306.34,1.042092e-03
4297,34.8494,140.00,30.79,35.0000,24.3141,10.6859,600.0000,30.82,119.76,3.0300,0.00,306.33,1.042245e-03
4298,34.6426,140.00,31.34,35.0000,24.3141,10.6859,600.0000,31.29,119.76,3.0300,3.37,306.31,1.042398e-03
4299,34.5063,140.00,31.70,35.0000,24.3141,10.6859,600.0000,31.70,119.76,3.0300,0.00,306.30,1.042551e-03
4300,34.6039,140.00,32.06,35.0000,24.3141,10.6859,600.0000,32.02,119.76,3.0300,3.28,306.29,1.042703e-03
4301,34.9099,140.00,32.21,35.0000,24.3141,10.6859,600.0000,32.22,119.76,3.0300,0.00,306.27,1.042856e-03
4302,34.5741,140.00,32.30,35.0000,24.3141,10.6859,600.0000,32.28,119.76,3.0300,2.99,306.26,1.043009e-03
4303,34.9015,140.00,32.18,35.0000,24.3141,10.6859,600.0000,32.21,119.76,3.0300,0.00,306.24,1.043162e-03
4304,34.6893,140.00,32.02,35.0000,24.3141,10.6859,600.0000,32.00,119.76,3.0300,2.83,306.23,1.043314e-03
4305,34.7292,140.00,31.68,35.0000,24.3141,10.6859,600.0000,31.68,119.76,3.0300,0.00,306.21,1.043467e-03
4306,35.2235,140.00,31.28,35.0000,24.3141,10.6859,600.0000,31.27,119.76,3.0300,2.73,306.20,1.043620e-03
4307,34.7391,140.00,30.74,35.0000,24.3141,10.6859,600.0000,30.78,119.76,3.0300,0.00,306.19,1.043773e-03
4308,35.1613,140.00,30.25,35.0000,24.3141,10.6859,600.0000,30.26,119.76,3.0300,0.00,306.17,1.043925e-03
4309,34.9072,140.00,29.78,35.0000,24.3141,10.6859,600.0000,29.74,119.76,3.0300,3.24,306.16,1.044078e-03
4310,35.0371,140.00,29.27,35.0000,24.3141,10.6859,600.0000,29.25,119.76,3.0300,2.86,306.14,1.044231e-03
4311,35.2419,140.00,28.83,35.0000,24.3141,10.6859,600.0000,28.83,119.76,3.0300,2.10,306.13,1.044383e-03
4312,34.9179,140.00,28.49,35.0000,24.3141,10.6859,600.0000,28.51,119.76,3.0300,0.00,306.11,1.044536e-03
4313,35.0131,140.00,28.28,35.0000,24.3141,10.6859,600.0000,28.31,119.76,3.0300,0.00,306.10,1.044689e-03
4314,34.9787,140.00,28.23,35.0000,24.3141,10.6859,600.0000,28.24,119.76,3.0300,0.00,306.09,1.044842e-03
4315,35.1598,140.00,28.31,35.0000,24.3141,10.6859,600.0000,28.30,119.76,3.0300,2.76,306.07,1.044994e-03
4316,35.0639,140.00,28.48,35.0000,24.3141,10.6859,600.0000,28.50,119.76,3.0300,0.00,306.06,1.045147e-03
4317,35.4523,140.00,28.80,35.0000,24.3141,10.6859,600.0000,28.81,119.76,3.0300,0.00,306.04,1.045300e-03
4318,35.1242,140.00,29.21,35.0000,24.3141,10.6859,600.0000,29.22,119.76,3.0300,0.00,306.03,1.045452e-03
4319,34.4926,140.00,29.76,35.0000,24.3141,10.6859,600.0000,29.70,119.76,3.0300,3.49,306.01,1.045605e-03
4320,34.8684,140.00,30.23,35.0000,24.3141,10.6859,600.0000,30.22,119.76,3.0300,2.88,306.00,1.045758e-03
4321,34.5651,140.00,30.70,35.0000,24.3141,10.6859,600.0000,30.73,119.76,3.0300,0.00,305.99,1.045910e-03
4322,35.1239,140.00,31.22,35.0000,24.3141,10.6859,600.0000,31.21,119.76,3.0300,2.69,305.97,1.046063e-03
4323,34.7244,140.00,31.61,35.0000,24.3141,10.6859,600.0000,31.62,119.76,3.0300,0.00,305.96,1.046216e-03
4324,35.4603,140.00,31.92,35.0000,24.3141,10.6859,600.0000,31.93,119.76,3.0300,0.00,305.94,1.046369e-03
4325,35.4001,140.00,32.15,35.0000,24.3141,10.6859,600.0000,32.13,119.76,3.0300,2.89,305.93,1.046521e-03
4326,35.3935,140.00,32.19,35.0000,24.3141,10.6859,600.0000,32.19,119.76,3.0300,0.00,305.91,1.046674e-03
4327,35.4460,140.00,32.13,35.0000,24.3141,10.6859,600.0000,32.12,119.76,3.0300,2.72,305.90,1.046827e-03
4328,35.4605,140.00,31.91,35.0000,24.3141,10.6859,600.0000,31.92,119.76,3.0300,0.00,305.89,1.046979e-03
4329,34.9360,140.00,31.59,35.0000,24.3141,10.6859,600.0000,31.60,119.76,3.0300,0.00,305.87,1.047132e-03
4330,34.7595,140.00,31.16,35.0000,24.3141,10.6859,600.0000,31.18,119.76,3.0300,0.00,305.86,1.047285e-03
4331,34.7855,140.00,30.72,35.0000,24.3141,10.6859,600.0000,30.69,119.76,3.0300,3.03,305.84,1.047437e-03
4332,35.1896,140.00,30.20,35.0000,24.3141,10.6859,600.0000,30.17,119.76,3.0300,3.11,305.83,1.047590e-03
4333,35.3370,140.00,29.66,35.0000,24.3141,10.6859,600.0000,29.65,119.76,3.0300,2.63,305.81,1.047742e-03
4334,35.2508,140.00,29.16,35.0000,24.3141,10.6859,600.0000,29.16,119.76,3.0300,0.00,305.80,1.047895e-03
4335,35.2690,140.00,28.74,35.0000,24.3141,10.6859,600.0000,28.75,119.76,3.0300,0.00,305.79,1.048048e-03
4336,34.9669,140.00,28.43,35.0000,24.3141,10.6859,600.0000,28.43,119.76,3.0300,2.62,305.77,1.048200e-03
4337,34.7756,140.00,28.23,35.0000,24.3141,10.6859,600.0000,28.22,119.76,3.0300,2.40,305.76,1.048353e-03
4338,35.2325,140.00,28.14,35.0000,24.3141,10.6859,600.0000,28.15,119.76,3.0300,0.00,305.74,1.048506e-03
4339,34.9458,140.00,28.18,35.0000,24.3141,10.6859,600.0000,28.22,119.76,3.0300,0.00,305.73,1.048658e-03
4340,35.4282,140.00,28.41,35.0000,24.3141,10.6859,600.0000,28.41,119.76,3.0300,0.00,305.71,1.048811e-03
4341,35.3807,140.00,28.72,35.0000,24.3141,10.6859,600.0000,28.73,119.76,3.0300,0.00,305.70,1.048964e-03
4342,35.8000,140.00,29.14,35.0000,24.3141,10.6859,600.0000,29.14,119.76,3.0300,2.50,305.69,1.049116e-03
4343,35.1392,140.00,29.61,35.0000,24.3141,10.6859,600.0000,29.62,119.76,3.0300,0.00,305.67,1.049269e-03
4344,34.9292,140.00,30.13,35.0000,24.3141,10.6859,600.0000,30.13,119.76,3.0300,0.00,305.66,1.049421e-03
4345,35.7413,140.00,30.65,35.0000,24.3141,10.6859,600.0000,30.64,119.76,3.0300,2.63,305.64,1.049574e-03
4346,34.9419,140.00,31.12,35.0000,24.3141,10.6859,600.0000,31.12,119.76,3.0300,0.00,305.63,1.049727e-03
4347,35.3912,140.00,31.55,35.0000,24.3141,10.6859,600.0000,31.53,119.76,3.0300,2.80,305.61,1.049879e-03
4348,35.2017,140.00,31.84,35.0000,24.3141,10.6859,600.0000,31.85,119.76,3.0300,0.00,305.60,1.050032e-03
4349,34.9573,140.00,32.05,35.0000,24.3141,10.6859,600.0000,32.04,119.76,3.0300,2.55,305.59,1.050184e-03
4350,34.9842,140.00,32.12,35.0000,24.3141,10.6859,600.0000,32.11,119.76,3.0300,2.63,305.57,1.050337e-03
4351,34.9720,140.00,32.02,35.0000,24.3141,10.6859,600.0000,32.04,119.76,3.0300,0.00,305.56,1.050490e-03
4352,35.3542,140.00,31.85,35.0000,24.3141,10.6859,600.0000,31.83,119.76,3.0300,2.87,305.54,1.050642e-03
4353,35.3448,140.00,31.54,35.0000,24.3141,10.6859,600.0000,31.51,119.76,3.0300,3.06,305.53,1.050795e-03
4354,35.2710,140.00,31.10,35.0000,24.3141,10.6859,600.0000,31.09,119.76,3.0300,2.69,305.51,1.050947e-03
4355,35.0965,140.00,30.60,35.0000,24.3141,10.6859,600.0000,30.61,119.76,3.0300,0.00,305.50,1.051100e-03
4356,35.9504,140.00,30.08,35.0000,24.3141,10.6859,600.0000,30.09,119.76,3.0300,0.00,305.49,1.051253e-03
4357,35.8573,140.00,29.57,35.0000,24.3141,10.6859,600.0000,29.56,119.76,3.0300,2.61,305.47,1.051405e-03
4358,35.4648,140.00,29.08,35.0000,24.3141,10.6859,600.0000,29.08,119.76,3.0300,0.00,305.46,1.051558e-03
4359,35.8054,140.00,28.67,35.0000,24.3141,10.6859,600.0000,28.66,119.76,3.0300,2.42,305.44,1.051710e-03
4360,35.2134,140.00,28.35,35.0000,24.3141,10.6859,600.0000,28.34,119.76,3.0300,2.74,305.43,1.051863e-03
4361,35.7069,140.00,28.12,35.0000,24.3141,10.6859,600.0000,28.14,119.76,3.0300,0.00,305.41,1.052015e-03
4362,35.5999,140.00,28.05,35.0000,24.3141,10.6859,600.0000,28.06,119.76,3.0300,0.00,305.40,1.052168e-03
4363,36.1169,140.00,28.13,35.0000,24.3141,10.6859,600.0000,28.13,119.76,3.0300,0.00,305.39,1.052321e-03
4364,35.7172,140.00,28.32,35.0000,24.3141,10.6859,600.0000,28.33,119.76,3.0300,0.00,305.37,1.052473e-03
4365,35.9892,140.00,28.64,35.0000,24.3141,10.6859,600.0000,28.64,119.76,3.0300,2.29,305.36,1.052626e-03
4366,36.1344,140.00,29.04,35.0000,24.3141,10.6859,600.0000,29.05,119.76,3.0300,0.00,305.34,1.052778e-03
4367,35.5151,140.00,29.55,35.0000,24.3141,10.6859,600.0000,29.53,119.76,3.0300,2.95,305.33,1.052931e-03
4368,35.8528,140.00,30.05,35.0000,24.3141,10.6859,600.0000,30.04,119.76,3.0300,2.58,305.32,1.053083e-03
4369,35.9972,140.00,30.55,35.0000,24.3141,10.6859,600.0000,30.56,119.76,3.0300,0.00,305.30,1.053236e-03
4370,35.7015,140.00,31.03,35.0000,24.3141,10.6859,600.0000,31.04,119.76,3.0300,0.00,305.29,1.053388e-03
4371,35.2646,140.00,31.45,35.0000,24.3141,10.6859,600.0000,31.45,119.76,3.0300,2.45,305.27,1.053541e-03
4372,36.0173,140.00,31.76,35.0000,24.3141,10.6859,600.0000,31.76,119.76,3.0300,2.23,305.26,1.053693e-03
4373,36.1548,140.00,31.96,35.0000,24.3141,10.6859,600.0000,31.96,119.76,3.0300,2.30,305.24,1.053846e-03
4374,36.2049,140.00,32.01,35.0000,24.3141,10.6859,600.0000,32.02,119.76,3.0300,0.00,305.23,1.053998e-03
4375,35.5953,140.00,31.94,35.0000,24.3141,10.6859,600.0000,31.95,119.76,3.0300,0.00,305.22,1.054151e-03
4376,35.7286,140.00,31.77,35.0000,24.3141,10.6859,600.0000,31.75,119.76,3.0300,3.00,305.20,1.054304e-03
4377,35.6240,140.00,31.41,35.0000,24.3141,10.6859,600.0000,31.42,119.76,3.0300,0.00,305.19,1.054456e-03
4378,35.7722,140.00,31.00,35.0000,24.3141,10.6859,600.0000,31.01,119.76,3.0300,0.00,305.17,1.054609e-03
4379,35.5734,140.00,30.53,35.0000,24.3141,10.6859,600.0000,30.52,119.76,3.0300,2.66,305.16,1.054761e-03
4380,35.6307,140.00,30.00,35.0000,24.3141,10.6859,600.0000,30.00,119.76,3.0300,2.30,305.14,1.054914e-03
4381,36.3012,140.00,29.49,35.0000,24.3141,10.6859,600.0000,29.48,119.76,3.0300,2.66,305.13,1.055066e-03
4382,35.6598,140.00,29.00,35.0000,24.3141,10.6859,600.0000,28.99,119.76,3.0300,2.55,305.12,1.055219e-03
4383,35.5596,140.00,28.58,35.0000,24.3141,10.6859,600.0000,28.58,119.76,3.0300,2.55,305.10,1.055371e-03
4384,36.2431,140.00,28.25,35.0000,24.3141,10.6859,600.0000,28.25,119.76,3.0300,0.00,305.09,1.055524e-03
4385,35.7761,140.00,28.06,35.0000,24.3141,10.6859,600.0000,28.05,119.76,3.0300,2.43,305.07,1.055676e-03
4386,36.1336,140.00,27.99,35.0000,24.3141,10.6859,600.0000,27.98,119.76,3.0300,2.81,305.06,1.055829e-03
4387,36.3111,140.00,28.05,35.0000,24.3141,10.6859,600.0000,28.04,119.76,3.0300,2.69,305.05,1.055981e-03
4388,35.8943,140.00,28.25,35.0000,24.3141,10.6859,600.0000,28.24,119.76,3.0300,2.58,305.03,1.056133e-03
4389,36.0896,140.00,28.55,35.0000,24.3141,10.6859,600.0000,28.55,119.76,3.0300,1.80,305.02,1.056286e-03
4390,36.1918,140.00,28.97,35.0000,24.3141,10.6859,600.0000,28.96,119.76,3.0300,2.26,305.00,1.056438e-03
4391,35.6821,140.00,29.44,35.0000,24.3141,10.6859,600.0000,29.44,119.76,3.0300,0.00,304.99,1.056591e-03
4392,36.0788,140.00,29.96,35.0000,24.3141,10.6859,600.0000,29.96,119.76,3.0300,2.47,304.97,1.056743e-03
4393,35.9825,140.00,30.49,35.0000,24.3141,10.6859,600.0000,30.47,119.76,3.0300,2.88,304.96,1.056896e-03
4394,36.3549,140.00,30.96,35.0000,24.3141,10.6859,600.0000,30.95,119.76,3.0300,2.66,304.95,1.057048e-03
4395,36.5653,140.00,31.35,35.0000,24.3141,10.6859,600.0000,31.36,119.76,3.0300,0.00,304.93,1.057201e-03
4396,36.5447,140.00,31.68,35.0000,24.3141,10.6859,600.0000,31.67,119.76,3.0300,2.47,304.92,1.057353e-03
4397,36.4561,140.00,31.88,35.0000,24.3141,10.6859,600.0000,31.87,119.76,3.0300,2.73,304.90,1.057506e-03
4398,35.6015,140.00,31.95,35.0000,24.3141,10.6859,600.0000,31.94,119.76,3.0300,2.74,304.89,1.057658e-03
4399,35.9122,140.00,31.87,35.0000,24.3141,10.6859,600.0000,31.86,119.76,3.0300,2.65,304.87,1.057811e-03
4400,36.4720,140.00,31.67,35.0000,24.3141,10.6859,600.0000,31.66,119.76,3.0300,2.44,304.86,1.057963e-03
4401,36.3900,140.00,31.34,35.0000,24.3141,10.6859,600.0000,31.34,119.76,3.0300,2.44,304.85,1.058115e-03
4402,35.7130,140.00,30.92,35.0000,24.3141,10.6859,600.0000,30.92,119.76,3.0300,2.05,304.83,1.058268e-03
4403,35.8979,140.00,30.44,35.0000,24.3141,10.6859,600.0000,30.44,119.76,3.0300,2.56,304.82,1.058420e-03
4404,36.5643,140.00,29.92,35.0000,24.3141,10.6859,600.0000,29.91,119.76,3.0300,2.67,304.80,1.058573e-03
4405,35.7957,140.00,29.39,35.0000,24.3141,10.6859,600.0000,29.39,119.76,3.0300,1.62,304.79,1.058725e-03
4406,36.1864,140.00,28.90,35.0000,24.3141,10.6859,600.0000,28.91,119.76,3.0300,0.00,304.78,1.058878e-03
4407,36.6673,140.00,28.49,35.0000,24.3141,10.6859,600.0000,28.49,119.76,3.0300,0.00,304.76,1.059030e-03
4408,35.9601,140.00,28.15,35.0000,24.3141,10.6859,600.0000,28.17,119.76,3.0300,0.00,304.75,1.059182e-03
4409,36.6778,140.00,27.97,35.0000,24.3141,10.6859,600.0000,27.96,119.76,3.0300,2.15,304.73,1.059335e-03
4410,36.6361,140.00,27.90,35.0000,24.3141,10.6859,600.0000,27.89,119.76,3.0300,2.58,304.72,1.059487e-03
4411,36.7014,140.00,27.95,35.0000,24.3141,10.6859,600.0000,27.96,119.76,3.0300,0.00,304.71,1.059640e-03
4412,36.5039,140.00,28.16,35.0000,24.3141,10.6859,600.0000,28.15,119.76,3.0300,2.49,304.69,1.059792e-03
4413,36.0926,140.00,28.46,35.0000,24.3141,10.6859,600.0000,28.47,119.76,3.0300,0.00,304.68,1.059945e-03
4414,36.4813,140.00,28.87,35.0000,24.3141,10.6859,600.0000,28.88,119.76,3.0300,0.00,304.66,1.060097e-03
4415,36.5204,140.00,29.37,35.0000,24.3141,10.6859,600.0000,29.36,119.76,3.0300,2.63,304.65,1.060249e-03
4416,36.3644,140.00,29.88,35.0000,24.3141,10.6859,600.0000,29.87,119.76,3.0300,2.67,304.63,1.060402e-03
4417,36.4162,140.00,30.39,35.0000,24.3141,10.6859,600.0000,30.38,119.76,3.0300,2.54,304.62,1.060554e-03
4418,36.4196,140.00,30.87,35.0000,24.3141,10.6859,600.0000,30.86,119.76,3.0300,2.36,304.61,1.060707e-03
4419,35.8746,140.00,31.27,35.0000,24.3141,10.6859,600.0000,31.27,119.76,3.0300,1.72,304.59,1.060859e-03
4420,36.5278,140.00,31.59,35.0000,24.3141,10.6859,600.0000,31.59,119.76,3.0300,2.37,304.58,1.061011e-03
4421,36.3546,140.00,31.78,35.0000,24.3141,10.6859,600.0000,31.78,119.76,3.0300,0.00,304.56,1.061164e-03
4422,35.8719,140.00,31.87,35.0000,24.3141,10.6859,600.0000,31.85,119.76,3.0300,2.92,304.55,1.061316e-03
4423,36.4955,140.00,31.78,35.0000,24.3141,10.6859,600.0000,31.78,119.76,3.0300,2.07,304.54,1.061468e-03
4424,36.1420,140.00,31.59,35.0000,24.3141,10.6859,600.0000,31.57,119.76,3.0300,2.70,304.52,1.061621e-03
4425,36.2521,140.00,31.26,35.0000,24.3141,10.6859,600.0000,31.25,119.76,3.0300,2.51,304.51,1.061773e-03
4426,36.7184,140.00,30.83,35.0000,24.3141,10.6859,600.0000,30.84,119.76,3.0300,0.00,304.49,1.061926e-03
4427,36.0345,140.00,30.34,35.0000,24.3141,10.6859,600.0000,30.35,119.76,3.0300,0.00,304.48,1.062078e-03
4428,36.5666,140.00,29.84,35.0000,24.3141,10.6859,600.0000,29.83,119.76,3.0300,2.62,304.46,1.062230e-03
4429,36.9240,140.00,29.31,35.0000,24.3141,10.6859,600.0000,29.31,119.76,3.0300,0.00,304.45,1.062383e-03
4430,36.3196,140.00,28.82,35.0000,24.3141,10.6859,600.0000,28.82,119.76,3.0300,2.38,304.44,1.062535e-03
4431,36.6332,140.00,28.40,35.0000,24.3141,10.6859,600.0000,28.40,119.76,3.0300,0.00,304.42,1.062687e-03
4432,36.5798,140.00,28.08,35.0000,24.3141,10.6859,600.0000,28.08,119.76,3.0300,1.69,304.41,1.062840e-03
4433,35.9766,140.00,27.89,35.0000,24.3141,10.6859,600.0000,27.88,119.76,3.0300,2.59,304.39,1.062992e-03
4434,36.5859,140.00,27.82,35.0000,24.3141,10.6859,600.0000,27.81,119.76,3.0300,2.68,304.38,1.063144e-03
4435,36.4734,140.00,27.87,35.0000,24.3141,10.6859,600.0000,27.87,119.76,3.0300,0.00,304.37,1.063297e-03
4436,36.9674,140.00,28.08,35.0000,24.3141,10.6859,600.0000,28.07,119.76,3.0300,2.65,304.35,1.063449e-03
4437,36.4790,140.00,28.38,35.0000,24.3141,10.6859,600.0000,28.38,119.76,3.0300,0.00,304.34,1.063601e-03
4438,36.1315,140.00,28.80,35.0000,24.3141,10.6859,600.0000,28.79,119.76,3.0300,2.42,304.32,1.063754e-03
4439,36.6658,140.00,29.28,35.0000,24.3141,10.6859,600.0000,29.27,119.76,3.0300,2.69,304.31,1.063906e-03
4440,36.3806,140.00,29.79,35.0000,24.3141,10.6859,600.0000,29.78,119.76,3.0300,2.50,304.30,1.064058e-03
4441,36.9314,140.00,30.31,35.0000,24.3141,10.6859,600.0000,30.30,119.76,3.0300,2.51,304.28,1.064211e-03
4442,36.6226,140.00,30.78,35.0000,24.3141,10.6859,600.0000,30.78,119.76,3.0300,2.12,304.27,1.064363e-03
4443,36.7015,140.00,31.19,35.0000,24.3141,10.6859,600.0000,31.19,119.76,3.0300,2.30,304.25,1.064515e-03
4444,36.8509,140.00,31.51,35.0000,24.3141,10.6859,600.0000,31.50,119.76,3.0300,2.44,304.24,1.064668e-03
4445,36.4545,140.00,31.71,35.0000,24.3141,10.6859,600.0000,31.70,119.76,3.0300,2.60,304.22,1.064820e-03
4446,36.8308,140.00,31.77,35.0000,24.3141,10.6859,600.0000,31.76,119.76,3.0300,2.29,304.21,1.064972e-03
4447,36.6602,140.00,31.70,35.0000,24.3141,10.6859,600.0000,31.69,119.76,3.0300,2.40,304.20,1.065125e-03
4448,36.5815,140.00,31.50,35.0000,24.3141,10.6859,600.0000,31.49,119.76,3.0300,2.57,304.18,1.065277e-03
4449,36.4118,140.00,31.17,35.0000,24.3141,10.6859,600.0000,31.17,119.76,3.0300,2.53,304.17,1.065429e-03
4450,36.2202,140.00,30.77,35.0000,24.3141,10.6859,600.0000,30.75,119.76,3.0300,2.84,304.15,1.065582e-03
4451,36.2751,140.00,30.27,35.0000,24.3141,10.6859,600.0000,30.26,119.76,3.0300,2.30,304.14,1.065734e-03
4452,36.7617,140.00,29.74,35.0000,24.3141,10.6859,600.0000,29.74,119.76,3.0300,1.76,304.13,1.065886e-03
4453,36.9832,140.00,29.23,35.0000,24.3141,10.6859,600.0000,29.22,119.76,3.0300,2.46,304.11,1.066039e-03
4454,36.3005,140.00,28.73,35.0000,24.3141,10.6859,600.0000,28.73,119.76,3.0300,0.00,304.10,1.066191e-03
4455,36.8303,140.00,28.32,35.0000,24.3141,10.6859,600.0000,28.32,119.76,3.0300,2.40,304.08,1.066343e-03
4456,36.8516,140.00,28.00,35.0000,24.3141,10.6859,600.0000,28.00,119.76,3.0300,2.32,304.07,1.066495e-03
4457,36.8641,140.00,27.80,35.0000,24.3141,10.6859,600.0000,27.79,119.76,3.0300,2.51,304.06,1.066648e-03
4458,36.8320,140.00,27.72,35.0000,24.3141,10.6859,600.0000,27.72,119.76,3.0300,0.00,304.04,1.066800e-03
4459,36.9560,140.00,27.79,35.0000,24.3141,10.6859,600.0000,27.78,119.76,3.0300,2.17,304.03,1.066952e-03
4460,36.9430,140.00,27.99,35.0000,24.3141,10.6859,600.0000,27.98,119.76,3.0300,2.53,304.01,1.067105e-03
4461,36.8590,140.00,28.29,35.0000,24.3141,10.6859,600.0000,28.30,119.76,3.0300,0.00,304.00,1.067257e-03
4462,36.9269,140.00,28.71,35.0000,24.3141,10.6859,600.0000,28.71,119.76,3.0300,2.30,303.99,1.067409e-03
4463,37.0538,140.00,29.19,35.0000,24.3141,10.6859,600.0000,29.18,119.76,3.0300,2.16,303.97,1.067561e-03
4464,36.9566,140.00,29.70,35.0000,24.3141,10.6859,600.0000,29.70,119.76,3.0300,2.26,303.96,1.067714e-03
4465,36.5532,140.00,30.21,35.0000,24.3141,10.6859,600.0000,30.21,119.76,3.0300,0.00,303.94,1.067866e-03
4466,36.9219,140.00,30.69,35.0000,24.3141,10.6859,600.0000,30.69,119.76,3.0300,2.05,303.93,1.068018e-03
4467,36.1849,140.00,31.12,35.0000,24.3141,10.6859,600.0000,31.10,119.76,3.0300,2.85,303.92,1.068170e-03
4468,36.4349,140.00,31.42,35.0000,24.3141,10.6859,600.0000,31.42,119.76,3.0300,2.43,303.90,1.068323e-03
4469,37.1023,140.00,31.62,35.0000,24.3141,10.6859,600.0000,31.61,119.76,3.0300,2.26,303.89,1.068475e-03
4470,36.9794,140.00,31.68,35.0000,24.3141,10.6859,600.0000,31.68,119.76,3.0300,1.75,303.87,1.068627e-03
4471,36.8105,140.00,31.61,35.0000,24.3141,10.6859,600.0000,31.61,119.76,3.0300,2.55,303.86,1.068779e-03
4472,36.9338,140.00,31.41,35.0000,24.3141,10.6859,600.0000,31.40,119.76,3.0300,2.54,303.84,1.068932e-03
4473,37.0137,140.00,31.08,35.0000,24.3141,10.6859,600.0000,31.08,119.76,3.0300,2.37,303.83,1.069084e-03
4474,36.6790,140.00,30.66,35.0000,24.3141,10.6859,600.0000,30.66,119.76,3.0300,0.00,303.82,1.069236e-03
4475,36.6736,140.00,30.18,35.0000,24.3141,10.6859,600.0000,30.18,119.76,3.0300,2.29,303.80,1.069388e-03
4476,36.5246,140.00,29.66,35.0000,24.3141,10.6859,600.0000,29.66,119.76,3.0300,2.61,303.79,1.069541e-03
4477,37.0059,140.00,29.14,35.0000,24.3141,10.6859,600.0000,29.13,119.76,3.0300,2.57,303.77,1.069693e-03
4478,36.6478,140.00,28.65,35.0000,24.3141,10.6859,600.0000,28.65,119.76,3.0300,2.32,303.76,1.069845e-03
4479,36.5350,140.00,28.24,35.0000,24.3141,10.6859,600.0000,28.23,119.76,3.0300,2.41,303.75,1.069997e-03
4480,36.5205,140.00,27.92,35.0000,24.3141,10.6859,600.0000,27.91,119.76,3.0300,2.59,303.73,1.070149e-03
4481,36.9389,140.00,27.70,35.0000,24.3141,10.6859,600.0000,27.71,119.76,3.0300,0.00,303.72,1.070302e-03
4482,36.2396,140.00,27.64,35.0000,24.3141,10.6859,600.0000,27.63,119.76,3.0300,2.19,303.70,1.070454e-03
4483,36.7201,140.00,27.70,35.0000,24.3141,10.6859,600.0000,27.70,119.76,3.0300,2.20,303.69,1.070606e-03
4484,36.3448,140.00,27.90,35.0000,24.3141,10.6859,600.0000,27.90,119.76,3.0300,2.36,303.68,1.070758e-03
4485,36.8152,140.00,28.21,35.0000,24.3141,10.6859,600.0000,28.21,119.76,3.0300,0.00,303.66,1.070911e-03
4486,37.0157,140.00,28.62,35.0000,24.3141,10.6859,600.0000,28.62,119.76,3.0300,2.36,303.65,1.071063e-03
4487,36.7641,140.00,29.10,35.0000,24.3141,10.6859,600.0000,29.10,119.76,3.0300,0.00,303.63,1.071215e-03
4488,37.0130,140.00,29.62,35.0000,24.3141,10.6859,600.0000,29.61,119.76,3.0300,2.35,303.62,1.071367e-03
4489,36.6466,140.00,30.14,35.0000,24.3141,10.6859,600.0000,30.13,119.76,3.0300,2.66,303.61,1.071519e-03
4490,36.7494,140.00,30.61,35.0000,24.3141,10.6859,600.0000,30.61,119.76,3.0300,2.48,303.59,1.071672e-03
4491,36.5488,140.00,31.02,35.0000,24.3141,10.6859,600.0000,31.02,119.76,3.0300,2.34,303.58,1.071824e-03
4492,36.5149,140.00,31.35,35.0000,24.3141,10.6859,600.0000,31.33,119.76,3.0300,2.81,303.56,1.071976e-03
4493,37.0066,140.00,31.53,35.0000,24.3141,10.6859,600.0000,31.53,119.76,3.0300,2.51,303.55,1.072128e-03
4494,37.2456,140.00,31.60,35.0000,24.3141,10.6859,600.0000,31.59,119.76,3.0300,2.41,303.54,1.072280e-03
4495,37.2297,140.00,31.53,35.0000,24.3141,10.6859,600.0000,31.52,119.76,3.0300,2.65,303.52,1.072432e-03
4496,36.2926,140.00,31.32,35.0000,24.3141,10.6859,600.0000,31.32,119.76,3.0300,2.33,303.51,1.072585e-03
4497,36.3602,140.00,30.99,35.0000,24.3141,10.6859,600.0000,31.00,119.76,3.0300,0.00,303.49,1.072737e-03
4498,36.7611,140.00,30.58,35.0000,24.3141,10.6859,600.0000,30.58,119.76,3.0300,0.00,303.48,1.072889e-03
4499,36.9690,140.00,30.09,35.0000,24.3141,10.6859,600.0000,30.09,119.76,3.0300,0.00,303.47,1.073041e-03
4500,37.2441,140.00,29.57,35.0000,24.3141,10.6859,600.0000,29.57,119.76,3.0300,1.97,303.45,1.073193e-03
4501,36.7500,140.00,29.06,35.0000,24.3141,10.6859,600.0000,29.05,119.76,3.0300,2.53,303.44,1.073346e-03
4502,36.8437,140.00,28.57,35.0000,24.3141,10.6859,600.0000,28.56,119.76,3.0300,2.54,303.42,1.073498e-03
4503,36.6875,140.00,28.16,35.0000,24.3141,10.6859,600.0000,28.15,119.76,3.0300,2.77,303.41,1.073650e-03
4504,36.2692,140.00,27.83,35.0000,24.3141,10.6859,600.0000,27.82,119.76,3.0300,2.64,303.40,1.073802e-03
4505,36.7971,140.00,27.62,35.0000,24.3141,10.6859,600.0000,27.62,119.76,3.0300,0.00,303.38,1.073954e-03
4506,36.9488,140.00,27.55,35.0000,24.3141,10.6859,600.0000,27.55,119.76,3.0300,2.15,303.37,1.074106e-03
4507,36.6031,140.00,27.61,35.0000,24.3141,10.6859,600.0000,27.61,119.76,3.0300,0.00,303.35,1.074258e-03
4508,36.8756,140.00,27.81,35.0000,24.3141,10.6859,600.0000,27.81,119.76,3.0300,0.00,303.34,1.074411e-03
4509,36.5807,140.00,28.12,35.0000,24.3141,10.6859,600.0000,28.12,119.76,3.0300,0.00,303.33,1.074563e-03
4510,36.6186,140.00,28.54,35.0000,24.3141,10.6859,600.0000,28.53,119.76,3.0300,2.57,303.31,1.074715e-03
4511,36.9981,140.00,29.01,35.0000,24.3141,10.6859,600.0000,29.01,119.76,3.0300,0.00,303.30,1.074867e-03
4512,36.4432,140.00,29.53,35.0000,24.3141,10.6859,600.0000,29.53,119.76,3.0300,2.29,303.28,1.075019e-03
4513,36.9036,140.00,30.05,35.0000,24.3141,10.6859,600.0000,30.04,119.76,3.0300,2.48,303.27,1.075171e-03
4514,36.9281,140.00,30.52,35.0000,24.3141,10.6859,600.0000,30.52,119.76,3.0300,0.00,303.26,1.075323e-03
4515,36.3210,140.00,30.93,35.0000,24.3141,10.6859,600.0000,30.93,119.76,3.0300,0.00,303.24,1.075476e-03
4516,37.0106,140.00,31.25,35.0000,24.3141,10.6859,600.0000,31.25,119.76,3.0300,2.02,303.23,1.075628e-03
4517,37.1134,140.00,31.45,35.0000,24.3141,10.6859,600.0000,31.44,119.76,3.0300,2.58,303.21,1.075780e-03
4518,37.0369,140.00,31.51,35.0000,24.3141,10.6859,600.0000,31.51,119.76,3.0300,2.60,303.20,1.075932e-03
4519,36.8512,140.00,31.43,35.0000,24.3141,10.6859,600.0000,31.43,119.76,3.0300,0.00,303.19,1.076084e-03
4520,36.9577,140.00,31.23,35.0000,24.3141,10.6859,600.0000,31.23,119.76,3.0300,2.32,303.17,1.076236e-03
4521,36.8071,140.00,30.91,35.0000,24.3141,10.6859,600.0000,30.91,119.76,3.0300,2.45,303.16,1.076388e-03
4522,36.8405,140.00,30.50,35.0000,24.3141,10.6859,600.0000,30.49,119.76,3.0300,2.47,303.14,1.076540e-03
4523,36.6138,140.00,30.02,35.0000,24.3141,10.6859,600.0000,30.01,119.76,3.0300,2.64,303.13,1.076693e-03
4524,36.2402,140.00,29.49,35.0000,24.3141,10.6859,600.0000,29.48,119.76,3.0300,2.35,303.12,1.076845e-03
4525,37.1931,140.00,28.96,35.0000,24.3141,10.6859,600.0000,28.96,119.76,3.0300,0.00,303.10,1.076997e-03
4526,36.6746,140.00,28.48,35.0000,24.3141,10.6859,600.0000,28.48,119.76,3.0300,2.46,303.09,1.077149e-03
4527,36.4863,140.00,28.06,35.0000,24.3141,10.6859,600.0000,28.06,119.76,3.0300,0.00,303.07,1.077301e-03
4528,36.2291,140.00,27.74,35.0000,24.3141,10.6859,600.0000,27.74,119.76,3.0300,2.41,303.06,1.077453e-03
4529,36.9563,140.00,27.54,35.0000,24.3141,10.6859,600.0000,27.53,119.76,3.0300,2.02,303.05,1.077605e-03
4530,36.5032,140.00,27.46,35.0000,24.3141,10.6859,600.0000,27.46,119.76,3.0300,0.00,303.03,1.077757e-03
4531,36.2634,140.00,27.52,35.0000,24.3141,10.6859,600.0000,27.53,119.76,3.0300,0.00,303.02,1.077909e-03
4532,36.6906,140.00,27.72,35.0000,24.3141,10.6859,600.0000,27.72,119.76,3.0300,2.04,303.00,1.078061e-03
4533,36.3599,140.00,28.03,35.0000,24.3141,10.6859,600.0000,28.04,119.76,3.0300,0.00,302.99,1.078214e-03
4534,37.1497,140.00,28.45,35.0000,24.3141,10.6859,600.0000,28.45,119.76,3.0300,2.15,302.98,1.078366e-03
4535,36.9330,140.00,28.93,35.0000,24.3141,10.6859,600.0000,28.93,119.76,3.0300,0.00,302.96,1.078518e-03
4536,37.1326,140.00,29.44,35.0000,24.3141,10.6859,600.0000,29.44,119.76,3.0300,2.31,302.95,1.078670e-03
4537,36.3696,140.00,29.97,35.0000,24.3141,10.6859,600.0000,29.96,119.76,3.0300,2.84,302.93,1.078822e-03
4538,36.2671,140.00,30.44,35.0000,24.3141,10.6859,600.0000,30.43,119.76,3.0300,2.47,302.92,1.078974e-03
4539,36.8320,140.00,30.84,35.0000,24.3141,10.6859,600.0000,30.85,119.76,3.0300,0.00,302.91,1.079126e-03
4540,36.1641,140.00,31.16,35.0000,24.3141,10.6859,600.0000,31.16,119.76,3.0300,0.00,302.89,1.079278e-03
4541,36.2132,140.00,31.35,35.0000,24.3141,10.6859,600.0000,31.36,119.76,3.0300,0.00,302.88,1.079430e-03
4542,36.4946,140.00,31.42,35.0000,24.3141,10.6859,600.0000,31.42,119.76,3.0300,2.28,302.86,1.079582e-03
4543,36.2928,140.00,31.35,35.0000,24.3141,10.6859,600.0000,31.35,119.76,3.0300,1.80,302.85,1.079734e-03
4544,36.7149,140.00,31.16,35.0000,24.3141,10.6859,600.0000,31.15,119.76,3.0300,2.80,302.84,1.079886e-03
4545,36.6315,140.00,30.83,35.0000,24.3141,10.6859,600.0000,30.82,119.76,3.0300,2.45,302.82,1.080038e-03
4546,36.9383,140.00,30.41,35.0000,24.3141,10.6859,600.0000,30.41,119.76,3.0300,2.15,302.81,1.080190e-03
4547,36.5531,140.00,29.93,35.0000,24.3141,10.6859,600.0000,29.92,119.76,3.0300,2.71,302.79,1.080342e-03
4548,37.0623,140.00,29.40,35.0000,24.3141,10.6859,600.0000,29.40,119.76,3.0300,2.41,302.78,1.080494e-03
4549,36.8900,140.00,28.88,35.0000,24.3141,10.6859,600.0000,28.88,119.76,3.0300,2.51,302.77,1.080647e-03
4550,36.5935,140.00,28.39,35.0000,24.3141,10.6859,600.0000,28.39,119.76,3.0300,0.00,302.75,1.080799e-03
4551,36.4580,140.00,27.97,35.0000,24.3141,10.6859,600.0000,27.97,119.76,3.0300,0.00,302.74,1.080951e-03
4552,36.7096,140.00,27.66,35.0000,24.3141,10.6859,600.0000,27.65,119.76,3.0300,2.39,302.73,1.081103e-03
4553,36.7682,140.00,27.46,35.0000,24.3141,10.6859,600.0000,27.45,119.76,3.0300,2.64,302.71,1.081255e-03
4554,37.0464,140.00,27.38,35.0000,24.3141,10.6859,600.0000,27.38,119.76,3.0300,2.22,302.70,1.081407e-03
4555,36.6166,140.00,27.45,35.0000,24.3141,10.6859,600.0000,27.44,119.76,3.0300,2.49,302.68,1.081559e-03
4556,36.9123,140.00,27.64,35.0000,24.3141,10.6859,600.0000,27.64,119.76,3.0300,0.00,302.67,1.081711e-03
4557,36.7899,140.00,27.95,35.0000,24.3141,10.6859,600.0000,27.95,119.76,3.0300,2.03,302.66,1.081863e-03
4558,36.7006,140.00,28.37,35.0000,24.3141,10.6859,600.0000,28.36,119.76,3.0300,2.18,302.64,1.082015e-03
4559,36.1504,140.00,28.85,35.0000,24.3141,10.6859,600.0000,28.84,119.76,3.0300,2.60,302.63,1.082167e-03
4560,36.2769,140.00,29.35,35.0000,24.3141,10.6859,600.0000,29.36,119.76,3.0300,0.00,302.61,1.082319e-03
4561,36.6760,140.00,29.88,35.0000,24.3141,10.6859,600.0000,29.87,119.76,3.0300,2.68,302.60,1.082471e-03
4562,36.7403,140.00,30.36,35.0000,24.3141,10.6859,600.0000,30.35,119.76,3.0300,2.56,302.59,1.082623e-03
4563,36.7908,140.00,30.76,35.0000,24.3141,10.6859,600.0000,30.76,119.76,3.0300,2.38,302.57,1.082775e-03
4564,36.8038,140.00,31.08,35.0000,24.3141,10.6859,600.0000,31.07,119.76,3.0300,2.49,302.56,1.082927e-03
4565,36.9222,140.00,31.27,35.0000,24.3141,10.6859,600.0000,31.27,119.76,3.0300,2.23,302.54,1.083079e-03
4566,36.7362,140.00,31.34,35.0000,24.3141,10.6859,600.0000,31.33,119.76,3.0300,2.56,302.53,1.083231e-03
4567,36.6076,140.00,31.27,35.0000,24.3141,10.6859,600.0000,31.26,119.76,3.0300,2.42,302.52,1.083383e-03
4568,36.7729,140.00,31.07,35.0000,24.3141,10.6859,600.0000,31.06,119.76,3.0300,2.55,302.50,1.083535e-03
4569,36.1531,140.00,30.75,35.0000,24.3141,10.6859,600.0000,30.74,119.76,3.0300,2.77,302.49,1.083687e-03
4570,36.5667,140.00,30.33,35.0000,24.3141,10.6859,600.0000,30.32,119.76,3.0300,2.61,302.47,1.083839e-03
4571,35.9559,140.00,29.84,35.0000,24.3141,10.6859,600.0000,29.83,119.76,3.0300,2.54,302.46,1.083991e-03
4572,36.6189,140.00,29.31,35.0000,24.3141,10.6859,600.0000,29.31,119.76,3.0300,0.00,302.45,1.084143e-03
4573,36.8435,140.00,28.79,35.0000,24.3141,10.6859,600.0000,28.79,119.76,3.0300,0.00,302.43,1.084295e-03
4574,36.3188,140.00,28.30,35.0000,24.3141,10.6859,600.0000,28.31,119.76,3.0300,0.00,302.42,1.084447e-03
4575,36.5344,140.00,27.89,35.0000,24.3141,10.6859,600.0000,27.89,119.76,3.0300,0.72,302.41,1.084599e-03
4576,36.1904,140.00,27.58,35.0000,24.3141,10.6859,600.0000,27.57,119.76,3.0300,2.79,302.39,1.084751e-03
4577,36.0962,140.00,27.37,35.0000,24.3141,10.6859,600.0000,27.36,119.76,3.0300,2.46,302.38,1.084903e-03
4578,36.2851,140.00,27.29,35.0000,24.3141,10.6859,600.0000,27.29,119.76,3.0300,0.00,302.36,1.085055e-03
4579,36.7512,140.00,27.35,35.0000,24.3141,10.6859,600.0000,27.36,119.76,3.0300,0.00,302.35,1.085207e-03
4580,36.4977,140.00,27.56,35.0000,24.3141,10.6859,600.0000,27.55,119.76,3.0300,2.53,302.34,1.085359e-03
4581,36.3411,140.00,27.86,35.0000,24.3141,10.6859,600.0000,27.87,119.76,3.0300,0.00,302.32,1.085511e-03
4582,35.9621,140.00,28.29,35.0000,24.3141,10.6859,600.0000,28.28,119.76,3.0300,2.66,302.31,1.085663e-03
4583,35.9281,140.00,28.76,35.0000,24.3141,10.6859,600.0000,28.76,119.76,3.0300,2.31,302.29,1.085815e-03
4584,36.2989,140.00,29.27,35.0000,24.3141,10.6859,600.0000,29.27,119.76,3.0300,2.32,302.28,1.085967e-03
4585,36.5795,140.00,29.78,35.0000,24.3141,10.6859,600.0000,29.79,119.76,3.0300,0.00,302.27,1.086119e-03
4586,35.9952,140.00,30.26,35.0000,24.3141,10.6859,600.0000,30.26,119.76,3.0300,0.00,302.25,1.086271e-03
4587,36.5588,140.00,30.67,35.0000,24.3141,10.6859,600.0000,30.67,119.76,3.0300,0.00,302.24,1.086422e-03
4588,36.7063,140.00,31.00,35.0000,24.3141,10.6859,600.0000,30.99,119.76,3.0300,2.59,302.22,1.086574e-03
4589,36.0268,140.00,31.20,35.0000,24.3141,10.6859,600.0000,31.19,119.76,3.0300,2.75,302.21,1.086726e-03
4590,36.5258,140.00,31.25,35.0000,24.3141,10.6859,600.0000,31.25,119.76,3.0300,2.05,302.20,1.086878e-03
4591,36.6245,140.00,31.17,35.0000,24.3141,10.6859,600.0000,31.18,119.76,3.0300,0.00,302.18,1.087030e-03
4592,35.7872,140.00,30.98,35.0000,24.3141,10.6859,600.0000,30.97,119.76,3.0300,2.46,302.17,1.087182e-03
4593,35.7336,140.00,30.67,35.0000,24.3141,10.6859,600.0000,30.65,119.76,3.0300,2.93,302.16,1.087334e-03
4594,36.0303,140.00,30.25,35.0000,24.3141,10.6859,600.0000,30.24,119.76,3.0300,2.88,302.14,1.087486e-03
4595,36.4685,140.00,29.77,35.0000,24.3141,10.6859,600.0000,29.75,119.76,3.0300,2.84,302.13,1.087638e-03
4596,35.9404,140.00,29.22,35.0000,24.3141,10.6859,600.0000,29.23,119.76,3.0300,0.00,302.11,1.087790e-03
4597,36.3857,140.00,28.70,35.0000,24.3141,10.6859,600.0000,28.71,119.76,3.0300,0.00,302.10,1.087942e-03
4598,36.5036,140.00,28.22,35.0000,24.3141,10.6859,600.0000,28.22,119.76,3.0300,0.00,302.09,1.088094e-03
4599,36.3250,140.00,27.80,35.0000,24.3141,10.6859,600.0000,27.80,119.76,3.0300,0.00,302.07,1.088246e-03
4600,36.0690,140.00,27.49,35.0000,24.3141,10.6859,600.0000,27.48,119.76,3.0300,2.70,302.06,1.088398e-03
4601,36.3663,140.00,27.28,35.0000,24.3141,10.6859,600.0000,27.28,119.76,3.0300,2.43,302.04,1.088550e-03
4602,36.4683,140.00,27.21,35.0000,24.3141,10.6859,600.0000,27.21,119.76,3.0300,2.18,302.03,1.088702e-03
4603,36.1226,140.00,27.27,35.0000,24.3141,10.6859,600.0000,27.27,119.76,3.0300,0.00,302.02,1.088853e-03
4604,36.0742,140.00,27.47,35.0000,24.3141,10.6859,600.0000,27.47,119.76,3.0300,2.31,302.00,1.089005e-03
4605,36.0177,140.00,27.79,35.0000,24.3141,10.6859,600.0000,27.78,119.76,3.0300,2.58,301.99,1.089157e-03
4606,36.3395,140.00,28.19,35.0000,24.3141,10.6859,600.0000,28.19,119.76,3.0300,1.92,301.98,1.089309e-03
4607,35.5737,140.00,28.67,35.0000,24.3141,10.6859,600.0000,28.67,119.76,3.0300,2.22,301.96,1.089461e-03
4608,36.3708,140.00,29.18,35.0000,24.3141,10.6859,600.0000,29.19,119.76,3.0300,0.00,301.95,1.089613e-03
4609,36.2535,140.00,29.70,35.0000,24.3141,10.6859,600.0000,29.70,119.76,3.0300,0.00,301.93,1.089765e-03
4610,35.9994,140.00,30.19,35.0000,24.3141,10.6859,600.0000,30.18,119.76,3.0300,2.81,301.92,1.089917e-03
4611,36.3187,140.00,30.60,35.0000,24.3141,10.6859,600.0000,30.59,119.76,3.0300,2.59,301.91,1.090069e-03
4612,36.1294,140.00,30.90,35.0000,24.3141,10.6859,600.0000,30.90,119.76,3.0300,2.05,301.89,1.090221e-03
4613,36.3674,140.00,31.11,35.0000,24.3141,10.6859,600.0000,31.10,119.76,3.0300,2.60,301.88,1.090372e-03
4614,35.9472,140.00,31.18,35.0000,24.3141,10.6859,600.0000,31.16,119.76,3.0300,2.70,301.86,1.090524e-03
4615,36.0568,140.00,31.09,35.0000,24.3141,10.6859,600.0000,31.09,119.76,3.0300,2.16,301.85,1.090676e-03
4616,35.5070,140.00,30.91,35.0000,24.3141,10.6859,600.0000,30.89,119.76,3.0300,2.95,301.84,1.090828e-03
4617,36.1201,140.00,30.58,35.0000,24.3141,10.6859,600.0000,30.57,119.76,3.0300,2.68,301.82,1.090980e-03
4618,36.0081,140.00,30.17,35.0000,24.3141,10.6859,600.0000,30.15,119.76,3.0300,2.84,301.81,1.091132e-03
4619,35.7117,140.00,29.65,35.0000,24.3141,10.6859,600.0000,29.66,119.76,3.0300,0.00,301.80,1.091284e-03
4620,35.9609,140.00,29.15,35.0000,24.3141,10.6859,600.0000,29.14,119.76,3.0300,2.54,301.78,1.091436e-03
4621,35.8526,140.00,28.62,35.0000,24.3141,10.6859,600.0000,28.62,119.76,3.0300,0.00,301.77,1.091588e-03
4622,36.0573,140.00,28.13,35.0000,24.3141,10.6859,600.0000,28.14,119.76,3.0300,0.00,301.75,1.091739e-03
4623,35.7752,140.00,27.72,35.0000,24.3141,10.6859,600.0000,27.72,119.76,3.0300,0.00,301.74,1.091891e-03
4624,35.9163,140.00,27.40,35.0000,24.3141,10.6859,600.0000,27.40,119.76,3.0300,2.52,301.73,1.092043e-03
4625,35.8494,140.00,27.19,35.0000,24.3141,10.6859,600.0000,27.19,119.76,3.0300,0.00,301.71,1.092195e-03
4626,35.4057,140.00,27.12,35.0000,24.3141,10.6859,600.0000,27.12,119.76,3.0300,0.00,301.70,1.092347e-03
4627,35.7082,140.00,27.19,35.0000,24.3141,10.6859,600.0000,27.19,119.76,3.0300,2.47,301.68,1.092499e-03
4628,35.4427,140.00,27.38,35.0000,24.3141,10.6859,600.0000,27.38,119.76,3.0300,2.16,301.67,1.092651e-03
4629,35.5198,140.00,27.70,35.0000,24.3141,10.6859,600.0000,27.70,119.76,3.0300,2.46,301.66,1.092802e-03
4630,35.8339,140.00,28.13,35.0000,24.3141,10.6859,600.0000,28.11,119.76,3.0300,2.87,301.64,1.092954e-03
4631,35.9937,140.00,28.58,35.0000,24.3141,10.6859,600.0000,28.59,119.76,3.0300,0.00,301.63,1.093106e-03
4632,35.8216,140.00,29.11,35.0000,24.3141,10.6859,600.0000,29.10,119.76,3.0300,2.68,301.62,1.093258e-03
4633,35.6121,140.00,29.64,35.0000,24.3141,10.6859,600.0000,29.62,119.76,3.0300,3.02,301.60,1.093410e-03
4634,35.5950,140.00,30.10,35.0000,24.3141,10.6859,600.0000,30.09,119.76,3.0300,2.13,301.59,1.093562e-03
4635,35.8115,140.00,30.50,35.0000,24.3141,10.6859,600.0000,30.50,119.76,3.0300,0.00,301.57,1.093714e-03
4636,35.2369,140.00,30.81,35.0000,24.3141,10.6859,600.0000,30.82,119.76,3.0300,0.00,301.56,1.093865e-03
4637,35.3903,140.00,30.99,35.0000,24.3141,10.6859,600.0000,31.02,119.76,3.0300,0.00,301.55,1.094017e-03
4638,35.4320,140.00,31.08,35.0000,24.3141,10.6859,600.0000,31.08,119.76,3.0300,0.00,301.53,1.094169e-03
4639,35.2895,140.00,30.98,35.0000,24.3141,10.6859,600.0000,31.01,119.76,3.0300,0.00,301.52,1.094321e-03
4640,35.7344,140.00,30.81,35.0000,24.3141,10.6859,600.0000,30.81,119.76,3.0300,2.50,301.50,1.094473e-03
4641,35.2476,140.00,30.49,35.0000,24.3141,10.6859,600.0000,30.48,119.76,3.0300,2.58,301.49,1.094625e-03
4642,35.6479,140.00,30.08,35.0000,24.3141,10.6859,600.0000,30.07,119.76,3.0300,2.66,301.48,1.094776e-03
4643,36.0505,140.00,29.59,35.0000,24.3141,10.6859,600.0000,29.58,119.76,3.0300,2.75,301.46,1.094928e-03
4644,35.8010,140.00,29.08,35.0000,24.3141,10.6859,600.0000,29.06,119.76,3.0300,2.85,301.45,1.095080e-03
4645,35.1231,140.00,28.53,35.0000,24.3141,10.6859,600.0000,28.54,119.76,3.0300,0.00,301.44,1.095232e-03
4646,35.9013,140.00,28.07,35.0000,24.3141,10.6859,600.0000,28.05,119.76,3.0300,2.86,301.42,1.095384e-03
4647,35.1391,140.00,27.64,35.0000,24.3141,10.6859,600.0000,27.63,119.76,3.0300,2.64,301.41,1.095536e-03
4648,35.2457,140.00,27.31,35.0000,24.3141,10.6859,600.0000,27.31,119.76,3.0300,0.00,301.39,1.095687e-03
4649,34.9976,140.00,27.07,35.0000,24.3141,10.6859,600.0000,27.11,119.76,3.0300,0.00,301.38,1.095839e-03
4650,35.7449,140.00,27.04,35.0000,24.3141,10.6859,600.0000,27.04,119.76,3.0300,0.00,301.37,1.095991e-03
4651,34.9674,140.00,27.10,35.0000,24.3141,10.6859,600.0000,27.10,119.76,3.0300,0.00,301.35,1.096143e-03
4652,35.4556,140.00,27.31,35.0000,24.3141,10.6859,600.0000,27.30,119.76,3.0300,2.51,301.34,1.096295e-03
4653,35.1657,140.00,27.65,35.0000,24.3141,10.6859,600.0000,27.61,119.76,3.0300,3.23,301.33,1.096446e-03
4654,35.0017,140.00,28.05,35.0000,24.3141,10.6859,600.0000,28.02,119.76,3.0300,3.00,301.31,1.096598e-03
4655,34.9357,140.00,28.54,35.0000,24.3141,10.6859,600.0000,28.50,119.76,3.0300,3.23,301.30,1.096750e-03
4656,34.8878,140.00,29.00,35.0000,24.3141,10.6859,600.0000,29.02,119.76,3.0300,0.00,301.28,1.096902e-03
4657,35.5450,140.00,29.52,35.0000,24.3141,10.6859,600.0000,29.53,119.76,3.0300,0.00,301.27,1.097054e-03
4658,34.9718,140.00,30.01,35.0000,24.3141,10.6859,600.0000,30.01,119.76,3.0300,2.02,301.26,1.097205e-03
4659,35.5717,140.00,30.44,35.0000,24.3141,10.6859,600.0000,30.42,119.76,3.0300,2.83,301.24,1.097357e-03
4660,35.0036,140.00,30.75,35.0000,24.3141,10.6859,600.0000,30.73,119.76,3.0300,2.91,301.23,1.097509e-03
4661,35.3490,140.00,30.94,35.0000,24.3141,10.6859,600.0000,30.93,119.76,3.0300,2.52,301.22,1.097661e-03
4662,34.9895,140.00,31.01,35.0000,24.3141,10.6859,600.0000,31.00,119.76,3.0300,2.82,301.20,1.097813e-03
4663,34.8289,140.00,30.98,35.0000,24.3141,10.6859,600.0000,30.92,119.76,3.0300,3.38,301.19,1.097964e-03
4664,34.8662,140.00,30.75,35.0000,24.3141,10.6859,600.0000,30.72,119.76,3.0300,3.14,301.17,1.098116e-03
4665,34.8876,140.00,30.38,35.0000,24.3141,10.6859,600.0000,30.40,119.76,3.0300,0.00,301.16,1.098268e-03
4666,35.5690,140.00,30.00,35.0000,24.3141,10.6859,600.0000,29.98,119.76,3.0300,2.79,301.15,1.098420e-03
4667,35.2004,140.00,29.52,35.0000,24.3141,10.6859,600.0000,29.50,119.76,3.0300,2.97,301.13,1.098571e-03
4668,35.2247,140.00,28.96,35.0000,24.3141,10.6859,600.0000,28.97,119.76,3.0300,0.00,301.12,1.098723e-03
4669,35.0666,140.00,28.45,35.0000,24.3141,10.6859,600.0000,28.45,119.76,3.0300,1.75,301.11,1.098875e-03
4670,35.3558,140.00,27.96,35.0000,24.3141,10.6859,600.0000,27.97,119.76,3.0300,0.00,301.09,1.099027e-03
4671,35.2700,140.00,27.55,35.0000,24.3141,10.6859,600.0000,27.55,119.76,3.0300,2.29,301.08,1.099179e-03
4672,35.3014,140.00,27.26,35.0000,24.3141,10.6859,600.0000,27.23,119.76,3.0300,3.11,301.06,1.099330e-03
4673,35.1991,140.00,27.00,35.0000,24.3141,10.6859,600.0000,27.03,119.76,3.0300,0.00,301.05,1.099482e-03
4674,35.3410,140.00,26.94,35.0000,24.3141,10.6859,600.0000,26.95,119.76,3.0300,0.00,301.04,1.099634e-03
4675,35.4643,140.00,26.99,35.0000,24.3141,10.6859,600.0000,27.02,119.76,3.0300,0.00,301.02,1.099786e-03
4676,34.9617,140.00,27.18,35.0000,24.3141,10.6859,600.0000,27.21,119.76,3.0300,0.00,301.01,1.099937e-03
4677,35.0809,140.00,27.54,35.0000,24.3141,10.6859,600.0000,27.53,119.76,3.0300,2.63,301.00,1.100089e-03
4678,34.8299,140.00,27.91,35.0000,24.3141,10.6859,600.0000,27.94,119.76,3.0300,0.00,300.98,1.100241e-03
4679,34.9671,140.00,28.43,35.0000,24.3141,10.6859,600.0000,28.42,119.76,3.0300,2.66,300.97,1.100393e-03
4680,34.6461,140.00,28.97,35.0000,24.3141,10.6859,600.0000,28.93,119.76,3.0300,3.16,300.95,1.100544e-03
4681,34.8857,140.00,29.45,35.0000,24.3141,10.6859,600.0000,29.45,119.76,3.0300,2.35,300.94,1.100696e-03
4682,35.1664,140.00,29.91,35.0000,24.3141,10.6859,600.0000,29.93,119.76,3.0300,0.00,300.93,1.100848e-03
4683,35.2770,140.00,30.34,35.0000,24.3141,10.6859,600.0000,30.34,119.76,3.0300,2.55,300.91,1.101000e-03
4684,34.6560,140.00,30.63,35.0000,24.3141,10.6859,600.0000,30.65,119.76,3.0300,0.00,300.90,1.101151e-03
4685,35.3861,140.00,30.83,35.0000,24.3141,10.6859,600.0000,30.85,119.76,3.0300,0.00,300.89,1.101303e-03
4686,35.3899,140.00,30.90,35.0000,24.3141,10.6859,600.0000,30.91,119.76,3.0300,0.00,300.87,1.101455e-03
4687,35.3649,140.00,30.86,35.0000,24.3141,10.6859,600.0000,30.84,119.76,3.0300,2.81,300.86,1.101607e-03
4688,34.8830,140.00,30.65,35.0000,24.3141,10.6859,600.0000,30.64,119.76,3.0300,2.86,300.84,1.101758e-03
4689,35.1025,140.00,30.30,35.0000,24.3141,10.6859,600.0000,30.32,119.76,3.0300,0.00,300.83,1.101910e-03
4690,34.9987,140.00,29.92,35.0000,24.3141,10.6859,600.0000,29.90,119.76,3.0300,3.06,300.82,1.102062e-03
4691,34.6068,140.00,29.37,35.0000,24.3141,10.6859,600.0000,29.41,119.76,3.0300,0.00,300.80,1.102213e-03
4692,35.2940,140.00,28.89,35.0000,24.3141,10.6859,600.0000,28.89,119.76,3.0300,2.30,300.79,1.102365e-03
4693,35.0566,140.00,28.41,35.0000,24.3141,10.6859,600.0000,28.37,119.76,3.0300,3.21,300.78,1.102517e-03
4694,34.4872,140.00,27.90,35.0000,24.3141,10.6859,600.0000,27.88,119.76,3.0300,2.76,300.76,1.102669e-03
4695,35.0651,140.00,27.49,35.0000,24.3141,10.6859,600.0000,27.47,119.76,3.0300,3.01,300.75,1.102820e-03
4696,34.8124,140.00,27.13,35.0000,24.3141,10.6859,600.0000,27.14,119.76,3.0300,0.00,300.73,1.102972e-03
4697,34.9830,140.00,26.94,35.0000,24.3141,10.6859,600.0000,26.94,119.76,3.0300,0.00,300.72,1.103124e-03
4698,34.6050,140.00,26.87,35.0000,24.3141,10.6859,600.0000,26.87,119.76,3.0300,1.85,300.71,1.103275e-03
4699,35.2092,140.00,26.90,35.0000,24.3141,10.6859,600.0000,26.93,119.76,3.0300,0.00,300.69,1.103427e-03
4700,34.7500,140.00,27.15,35.0000,24.3141,10.6859,600.0000,27.13,119.76,3.0300,2.93,300.68,1.103579e-03
4701,34.6874,140.00,27.48,35.0000,24.3141,10.6859,600.0000,27.44,119.76,3.0300,3.24,300.67,1.103731e-03
4702,34.6244,140.00,27.83,35.0000,24.3141,10.6859,600.0000,27.86,119.76,3.0300,0.00,300.65,1.103882e-03
4703,34.9646,140.00,28.34,35.0000,24.3141,10.6859,600.0000,28.33,119.76,3.0300,2.65,300.64,1.104034e-03
4704,34.8737,140.00,28.80,35.0000,24.3141,10.6859,600.0000,28.85,119.76,3.0300,0.00,300.62,1.104186e-03
4705,35.1073,140.00,29.40,35.0000,24.3141,10.6859,600.0000,29.36,119.76,3.0300,3.21,300.61,1.104337e-03
4706,34.3897,140.00,29.79,35.0000,24.3141,10.6859,600.0000,29.84,119.76,3.0300,0.00,300.60,1.104489e-03
4707,34.4423,140.00,30.21,35.0000,24.3141,10.6859,600.0000,30.25,119.76,3.0300,0.00,300.58,1.104641e-03
4708,34.0806,140.00,30.52,35.0000,24.3141,10.6859,600.0000,30.57,119.76,3.0300,0.00,300.57,1.104792e-03
4709,34.9566,140.00,30.77,35.0000,24.3141,10.6859,600.0000,30.76,119.76,3.0300,2.70,300.56,1.104944e-03
4710,34.2775,140.00,30.80,35.0000,24.3141,10.6859,600.0000,30.83,119.76,3.0300,0.00,300.54,1.105096e-03
4711,35.0280,140.00,30.78,35.0000,24.3141,10.6859,600.0000,30.76,119.76,3.0300,3.01,300.53,1.105247e-03
4712,34.3364,140.00,30.61,35.0000,24.3141,10.6859,600.0000,30.55,119.76,3.0300,3.46,300.51,1.105399e-03
4713,34.6565,140.00,30.26,35.0000,24.3141,10.6859,600.0000,30.23,119.76,3.0300,3.01,300.50,1.105551e-03
4714,34.3929,140.00,29.77,35.0000,24.3141,10.6859,600.0000,29.81,119.76,3.0300,0.00,300.49,1.105703e-03
4715,34.0260,140.00,29.39,35.0000,24.3141,10.6859,600.0000,29.33,119.76,3.0300,3.51,300.47,1.105854e-03
4716,34.8590,140.00,28.79,35.0000,24.3141,10.6859,600.0000,28.81,119.76,3.0300,0.00,300.46,1.106006e-03
4717,34.0817,140.00,28.32,35.0000,24.3141,10.6859,600.0000,28.29,119.76,3.0300,3.11,300.45,1.106158e-03
4718,34.4234,140.00,27.83,35.0000,24.3141,10.6859,600.0000,27.80,119.76,3.0300,3.05,300.43,1.106309e-03
4719,34.3482,140.00,27.43,35.0000,24.3141,10.6859,600.0000,27.38,119.76,3.0300,3.32,300.42,1.106461e-03
4720,34.7200,140.00,27.07,35.0000,24.3141,10.6859,600.0000,27.06,119.76,3.0300,2.68,300.41,1.106613e-03
4721,34.3456,140.00,26.83,35.0000,24.3141,10.6859,600.0000,26.86,119.76,3.0300,0.00,300.39,1.106764e-03
4722,34.4177,140.00,26.77,35.0000,24.3141,10.6859,600.0000,26.79,119.76,3.0300,0.00,300.38,1.106916e-03
4723,34.6450,140.00,26.81,35.0000,24.3141,10.6859,600.0000,26.85,119.76,3.0300,0.00,300.36,1.107068e-03
4724,34.0321,140.00,27.03,35.0000,24.3141,10.6859,600.0000,27.05,119.76,3.0300,0.00,300.35,1.107219e-03
4725,34.3928,140.00,27.44,35.0000,24.3141,10.6859,600.0000,27.36,119.76,3.0300,3.62,300.34,1.107371e-03
4726,34.2039,140.00,27.82,35.0000,24.3141,10.6859,600.0000,27.77,119.76,3.0300,3.31,300.32,1.107523e-03
4727,33.8765,140.00,28.28,35.0000,24.3141,10.6859,600.0000,28.25,119.76,3.0300,3.16,300.31,1.107674e-03
4728,34.5473,140.00,28.79,35.0000,24.3141,10.6859,600.0000,28.76,119.76,3.0300,2.96,300.30,1.107826e-03
4729,34.7456,140.00,29.25,35.0000,24.3141,10.6859,600.0000,29.28,119.76,3.0300,0.00,300.28,1.107977e-03
4730,34.0836,140.00,29.80,35.0000,24.3141,10.6859,600.0000,29.76,119.76,3.0300,3.30,300.27,1.108129e-03
4731,34.0132,140.00,30.27,35.0000,24.3141,10.6859,600.0000,30.17,119.76,3.0300,3.81,300.25,1.108281e-03
4732,34.1604,140.00,30.54,35.0000,24.3141,10.6859,600.0000,30.48,119.76,3.0300,3.45,300.24,1.108432e-03
4733,34.5186,140.00,30.72,35.0000,24.3141,10.6859,600.0000,30.68,119.76,3.0300,3.23,300.23,1.108584e-03
4734,34.1452,140.00,30.73,35.0000,24.3141,10.6859,600.0000,30.74,119.76,3.0300,0.00,300.21,1.108736e-03
4735,33.7864,140.00,30.56,35.0000,24.3141,10.6859,600.0000,30.67,119.76,3.0300,0.00,300.20,1.108887e-03
4736,33.8426,140.00,30.55,35.0000,24.3141,10.6859,600.0000,30.47,119.76,3.0300,3.68,300.19,1.109039e-03
4737,33.9803,140.00,30.15,35.0000,24.3141,10.6859,600.0000,30.15,119.76,3.0300,2.30,300.17,1.109191e-03
4738,34.1019,140.00,29.69,35.0000,24.3141,10.6859,600.0000,29.73,119.76,3.0300,0.00,300.16,1.109342e-03
4739,34.6184,140.00,29.25,35.0000,24.3141,10.6859,600.0000,29.24,119.76,3.0300,2.59,300.15,1.109494e-03
4740,33.7990,140.00,28.65,35.0000,24.3141,10.6859,600.0000,28.72,119.76,3.0300,0.00,300.13,1.109645e-03
4741,34.2035,140.00,28.21,35.0000,24.3141,10.6859,600.0000,28.20,119.76,3.0300,2.47,300.12,1.109797e-03
4742,33.9602,140.00,27.72,35.0000,24.3141,10.6859,600.0000,27.72,119.76,3.0300,2.48,300.10,1.109949e-03
4743,34.2174,140.00,27.30,35.0000,24.3141,10.6859,600.0000,27.30,119.76,3.0300,0.00,300.09,1.110100e-03
4744,33.8838,140.00,26.97,35.0000,24.3141,10.6859,600.0000,26.98,119.76,3.0300,0.00,300.08,1.110252e-03
4745,34.5309,140.00,26.82,35.0000,24.3141,10.6859,600.0000,26.77,119.76,3.0300,3.36,300.06,1.110404e-03
4746,33.6773,140.00,26.82,35.0000,24.3141,10.6859,600.0000,26.70,119.76,3.0300,3.93,300.05,1.110555e-03
4747,34.2788,140.00,26.76,35.0000,24.3141,10.6859,600.0000,26.77,119.76,3.0300,0.00,300.04,1.110707e-03
4748,33.7942,140.00,27.03,35.0000,24.3141,10.6859,600.0000,26.96,119.76,3.0300,3.54,300.02,1.110858e-03
4749,34.3167,140.00,27.23,35.0000,24.3141,10.6859,600.0000,27.28,119.76,3.0300,0.00,300.01,1.111010e-03
4750,34.2959,140.00,27.66,35.0000,24.3141,10.6859,600.0000,27.69,119.76,3.0300,0.00,300.00,1.111162e-03
4751,33.5657,140.00,28.26,35.0000,24.3141,10.6859,600.0000,28.17,119.76,3.0300,3.76,299.98,1.111313e-03
4752,33.4935,140.00,28.75,35.0000,24.3141,10.6859,600.0000,28.68,119.76,3.0300,3.58,299.97,1.111465e-03
4753,34.3652,140.00,29.13,35.0000,24.3141,10.6859,600.0000,29.20,119.76,3.0300,0.00,299.95,1.111616e-03
4754,33.5629,140.00,29.62,35.0000,24.3141,10.6859,600.0000,29.67,119.76,3.0300,0.00,299.94,1.111768e-03
4755,34.1760,140.00,30.09,35.0000,24.3141,10.6859,600.0000,30.09,119.76,3.0300,2.55,299.93,1.111920e-03
4756,34.2481,140.00,30.33,35.0000,24.3141,10.6859,600.0000,30.40,119.76,3.0300,0.00,299.91,1.112071e-03
4757,33.7143,140.00,30.69,35.0000,24.3141,10.6859,600.0000,30.60,119.76,3.0300,3.72,299.90,1.112223e-03
4758,34.0105,140.00,30.70,35.0000,24.3141,10.6859,600.0000,30.66,119.76,3.0300,3.27,299.89,1.112374e-03
4759,33.5556,140.00,30.67,35.0000,24.3141,10.6859,600.0000,30.59,119.76,3.0300,3.62,299.87,1.112526e-03
4760,33.5695,140.00,30.28,35.0000,24.3141,10.6859,600.0000,30.39,119.76,3.0300,0.00,299.86,1.112678e-03
4761,34.2969,140.00,30.05,35.0000,24.3141,10.6859,600.0000,30.06,119.76,3.0300,0.00,299.85,1.112829e-03
4762,34.1539,140.00,29.63,35.0000,24.3141,10.6859,600.0000,29.65,119.76,3.0300,0.00,299.83,1.112981e-03
4763,33.8494,140.00,29.21,35.0000,24.3141,10.6859,600.0000,29.16,119.76,3.0300,3.32,299.82,1.113132e-03
4764,33.4394,140.00,28.54,35.0000,24.3141,10.6859,600.0000,28.64,119.76,3.0300,0.00,299.80,1.113284e-03
4765,33.6439,140.00,28.23,35.0000,24.3141,10.6859,600.0000,28.12,119.76,3.0300,3.88,299.79,1.113435e-03
4766,33.3245,140.00,27.84,35.0000,24.3141,10.6859,600.0000,27.63,119.76,3.0300,4.36,299.78,1.113587e-03
4767,33.3347,140.00,27.18,35.0000,24.3141,10.6859,600.0000,27.22,119.76,3.0300,0.00,299.76,1.113739e-03
4768,33.7230,140.00,26.94,35.0000,24.3141,10.6859,600.0000,26.89,119.76,3.0300,3.26,299.75,1.113890e-03
4769,33.9010,140.00,26.59,35.0000,24.3141,10.6859,600.0000,26.69,119.76,3.0300,0.00,299.74,1.114042e-03
4770,33.7686,140.00,26.63,35.0000,24.3141,10.6859,600.0000,26.62,119.76,3.0300,2.74,299.72,1.114193e-03
4771,33.3572,140.00,26.77,35.0000,24.3141,10.6859,600.0000,26.68,119.76,3.0300,3.68,299.71,1.114345e-03
4772,33.9812,140.00,26.86,35.0000,24.3141,10.6859,600.0000,26.88,119.76,3.0300,0.00,299.70,1.114496e-03
4773,34.1049,140.00,27.25,35.0000,24.3141,10.6859,600.0000,27.19,119.76,3.0300,3.41,299.68,1.114648e-03
4774,33.2291,140.00,27.50,35.0000,24.3141,10.6859,600.0000,27.61,119.76,3.0300,0.00,299.67,1.114800e-03
4775,34.0961,140.00,28.03,35.0000,24.3141,10.6859,600.0000,28.08,119.76,3.0300,0.00,299.65,1.114951e-03
4776,33.9252,140.00,28.58,35.0000,24.3141,10.6859,600.0000,28.60,119.76,3.0300,0.00,299.64,1.115103e-03
4777,34.1407,140.00,29.11,35.0000,24.3141,10.6859,600.0000,29.11,119.76,3.0300,0.00,299.63,1.115254e-03
4778,33.6280,140.00,29.52,35.0000,24.3141,10.6859,600.0000,29.59,119.76,3.0300,0.00,299.61,1.115406e-03
4779,33.5178,140.00,30.02,35.0000,24.3141,10.6859,600.0000,30.00,119.76,3.0300,2.93,299.60,1.115557e-03
4780,33.7209,140.00,30.46,35.0000,24.3141,10.6859,600.0000,30.32,119.76,3.0300,4.04,299.59,1.115709e-03
4781,33.2365,140.00,30.49,35.0000,24.3141,10.6859,600.0000,30.51,119.76,3.0300,0.00,299.57,1.115860e-03
4782,33.1650,140.00,30.68,35.0000,24.3141,10.6859,600.0000,30.58,119.76,3.0300,3.83,299.56,1.116012e-03
4783,33.4004,140.00,30.38,35.0000,24.3141,10.6859,600.0000,30.51,119.76,3.0300,0.00,299.55,1.116164e-03
4784,33.4977,140.00,30.23,35.0000,24.3141,10.6859,600.0000,30.30,119.76,3.0300,0.00,299.53,1.116315e-03
4785,33.8193,140.00,30.05,35.0000,24.3141,10.6859,600.0000,29.98,119.76,3.0300,3.49,299.52,1.116467e-03
4786,33.8530,140.00,29.58,35.0000,24.3141,10.6859,600.0000,29.56,119.76,3.0300,2.89,299.51,1.116618e-03
4787,33.5081,140.00,29.16,35.0000,24.3141,10.6859,600.0000,29.08,119.76,3.0300,3.66,299.49,1.116770e-03
4788,33.4696,140.00,28.57,35.0000,24.3141,10.6859,600.0000,28.56,119.76,3.0300,2.56,299.48,1.116921e-03
4789,33.6633,140.00,28.00,35.0000,24.3141,10.6859,600.0000,28.04,119.76,3.0300,0.00,299.46,1.117073e-03
4790,33.8791,140.00,27.66,35.0000,24.3141,10.6859,600.0000,27.55,119.76,3.0300,3.83,299.45,1.117224e-03
4791,33.4810,140.00,27.04,35.0000,24.3141,10.6859,600.0000,27.13,119.76,3.0300,0.00,299.44,1.117376e-03
4792,33.0869,140.00,27.02,35.0000,24.3141,10.6859,600.0000,26.81,119.76,3.0300,4.39,299.42,1.117527e-03
4793,33.1369,140.00,26.62,35.0000,24.3141,10.6859,600.0000,26.61,119.76,3.0300,2.72,299.41,1.117679e-03
4794,33.2400,140.00,26.56,35.0000,24.3141,10.6859,600.0000,26.54,119.76,3.0300,2.88,299.40,1.117830e-03
4795,33.9870,140.00,26.63,35.0000,24.3141,10.6859,600.0000,26.60,119.76,3.0300,3.01,299.38,1.117982e-03
4796,33.1787,140.00,26.93,35.0000,24.3141,10.6859,600.0000,26.80,119.76,3.0300,4.02,299.37,1.118133e-03
4797,33.5896,140.00,27.14,35.0000,24.3141,10.6859,600.0000,27.11,119.76,3.0300,3.02,299.36,1.118285e-03
4798,33.5235,140.00,27.54,35.0000,24.3141,10.6859,600.0000,27.52,119.76,3.0300,2.84,299.34,1.118437e-03
4799,33.3192,140.00,28.16,35.0000,24.3141,10.6859,600.0000,28.00,119.76,3.0300,4.12,299.33,1.118588e-03
4800,33.3436,140.00,28.70,35.0000,24.3141,10.6859,600.0000,28.52,119.76,3.0300,4.27,299.32,1.118740e-03
4801,33.6150,140.00,28.97,35.0000,24.3141,10.6859,600.0000,29.03,119.76,3.0300,0.00,299.30,1.118891e-03
4802,33.1621,140.00,29.35,35.0000,24.3141,10.6859,600.0000,29.51,119.76,3.0300,0.00,299.29,1.119043e-03
4803,33.4465,140.00,30.00,35.0000,24.3141,10.6859,600.0000,29.92,119.76,3.0300,3.61,299.27,1.119194e-03
4804,33.8003,140.00,30.21,35.0000,24.3141,10.6859,600.0000,30.23,119.76,3.0300,0.00,299.26,1.119346e-03
4805,33.5370,140.00,30.47,35.0000,24.3141,10.6859,600.0000,30.43,119.76,3.0300,3.20,299.25,1.119497e-03
4806,33.5144,140.00,30.46,35.0000,24.3141,10.6859,600.0000,30.50,119.76,3.0300,0.00,299.23,1.119649e-03
4807,33.8299,140.00,30.47,35.0000,24.3141,10.6859,600.0000,30.42,119.76,3.0300,3.36,299.22,1.119800e-03
4808,33.2915,140.00,30.07,35.0000,24.3141,10.6859,600.0000,30.22,119.76,3.0300,0.00,299.21,1.119952e-03
4809,33.2796,140.00,29.75,35.0000,24.3141,10.6859,600.0000,29.90,119.76,3.0300,0.00,299.19,1.120103e-03
4810,33.6255,140.00,29.41,35.0000,24.3141,10.6859,600.0000,29.48,119.76,3.0300,0.00,299.18,1.120255e-03
4811,33.0252,140.00,29.23,35.0000,24.3141,10.6859,600.0000,29.00,119.76,3.0300,4.48,299.17,1.120406e-03
4812,33.7211,140.00,28.58,35.0000,24.3141,10.6859,600.0000,28.48,119.76,3.0300,3.83,299.15,1.120558e-03
4813,33.7584,140.00,27.82,35.0000,24.3141,10.6859,600.0000,27.95,119.76,3.0300,0.00,299.14,1.120709e-03
4814,33.1682,140.00,27.51,35.0000,24.3141,10.6859,600.0000,27.47,119.76,3.0300,3.30,299.13,1.120861e-03
4815,33.6983,140.00,27.00,35.0000,24.3141,10.6859,600.0000,27.05,119.76,3.0300,0.00,299.11,1.121012e-03
4816,33.8432,140.00,26.79,35.0000,24.3141,10.6859,600.0000,26.73,119.76,3.0300,3.45,299.10,1.121164e-03
4817,33.2797,140.00,26.37,35.0000,24.3141,10.6859,600.0000,26.53,119.76,3.0300,0.00,299.08,1.121315e-03
4818,32.9495,140.00,26.23,35.0000,24.3141,10.6859,600.0000,26.45,119.76,3.0300,0.00,299.07,1.121466e-03
4819,33.2829,140.00,26.68,35.0000,24.3141,10.6859,600.0000,26.52,119.76,3.0300,4.16,299.06,1.121618e-03
4820,33.6916,140.00,26.67,35.0000,24.3141,10.6859,600.0000,26.72,119.76,3.0300,0.00,299.04,1.121769e-03
4821,33.7323,140.00,27.09,35.0000,24.3141,10.6859,600.0000,27.03,119.76,3.0300,3.47,299.03,1.121921e-03
4822,33.5641,140.00,27.36,35.0000,24.3141,10.6859,600.0000,27.44,119.76,3.0300,0.00,299.02,1.122072e-03
4823,33.0548,140.00,27.93,35.0000,24.3141,10.6859,600.0000,27.92,119.76,3.0300,2.62,299.00,1.122224e-03
4824,33.5640,140.00,28.50,35.0000,24.3141,10.6859,600.0000,28.43,119.76,3.0300,3.52,298.99,1.122375e-03
4825,32.8942,140.00,29.24,35.0000,24.3141,10.6859,600.0000,28.95,119.76,3.0300,4.71,298.98,1.122527e-03
4826,33.5373,140.00,29.57,35.0000,24.3141,10.6859,600.0000,29.43,119.76,3.0300,4.04,298.96,1.122678e-03
4827,33.6548,140.00,29.82,35.0000,24.3141,10.6859,600.0000,29.84,119.76,3.0300,0.00,298.95,1.122830e-03
4828,32.8209,140.00,30.09,35.0000,24.3141,10.6859,600.0000,30.15,119.76,3.0300,0.00,298.94,1.122981e-03
4829,33.7195,140.00,30.48,35.0000,24.3141,10.6859,600.0000,30.35,119.76,3.0300,4.00,298.92,1.123133e-03
4830,33.4675,140.00,30.50,35.0000,24.3141,10.6859,600.0000,30.41,119.76,3.0300,3.72,298.91,1.123284e-03
4831,33.7564,140.00,30.38,35.0000,24.3141,10.6859,600.0000,30.34,119.76,3.0300,3.14,298.89,1.123436e-03
4832,33.0198,140.00,30.24,35.0000,24.3141,10.6859,600.0000,30.14,119.76,3.0300,3.80,298.88,1.123587e-03
4833,33.1743,140.00,29.67,35.0000,24.3141,10.6859,600.0000,29.82,119.76,3.0300,0.00,298.87,1.123738e-03
4834,32.9915,140.00,29.49,35.0000,24.3141,10.6859,600.0000,29.40,119.76,3.0300,3.68,298.85,1.123890e-03
4835,32.8394,140.00,29.03,35.0000,24.3141,10.6859,600.0000,28.91,119.76,3.0300,3.91,298.84,1.124041e-03
4836,33.4532,140.00,28.36,35.0000,24.3141,10.6859,600.0000,28.39,119.76,3.0300,0.00,298.83,1.124193e-03
4837,33.4183,140.00,28.06,35.0000,24.3141,10.6859,600.0000,27.87,119.76,3.0300,4.26,298.81,1.124344e-03
4838,33.0353,140.00,27.38,35.0000,24.3141,10.6859,600.0000,27.39,119.76,3.0300,0.00,298.80,1.124496e-03
4839,33.3403,140.00,26.97,35.0000,24.3141,10.6859,600.0000,26.97,119.76,3.0300,2.45,298.79,1.124647e-03
4840,33.7131,140.00,26.68,35.0000,24.3141,10.6859,600.0000,26.65,119.76,3.0300,3.08,298.77,1.124799e-03
4841,33.7327,140.00,26.35,35.0000,24.3141,10.6859,600.0000,26.44,119.76,3.0300,0.00,298.76,1.124950e-03
4842,33.1043,140.00,26.29,35.0000,24.3141,10.6859,600.0000,26.37,119.76,3.0300,0.00,298.75,1.125102e-03
4843,33.0512,140.00,26.18,35.0000,24.3141,10.6859,600.0000,26.44,119.76,3.0300,0.00,298.73,1.125253e-03
4844,33.4117,140.00,26.62,35.0000,24.3141,10.6859,600.0000,26.63,119.76,3.0300,0.00,298.72,1.125404e-03
4845,32.7779,140.00,27.04,35.0000,24.3141,10.6859,600.0000,26.95,119.76,3.0300,3.72,298.71,1.125556e-03
4846,33.6579,140.00,27.36,35.0000,24.3141,10.6859,600.0000,27.36,119.76,3.0300,2.17,298.69,1.125707e-03
4847,33.0153,140.00,27.72,35.0000,24.3141,10.6859,600.0000,27.84,119.76,3.0300,0.00,298.68,1.125859e-03
4848,33.4915,140.00,28.45,35.0000,24.3141,10.6859,600.0000,28.35,119.76,3.0300,3.77,298.67,1.126010e-03
4849,33.4122,140.00,28.94,35.0000,24.3141,10.6859,600.0000,28.87,119.76,3.0300,3.57,298.65,1.126162e-03
4850,32.9127,140.00,29.66,35.0000,24.3141,10.6859,600.0000,29.35,119.76,3.0300,4.78,298.64,1.126313e-03
4851,33.3932,140.00,29.98,35.0000,24.3141,10.6859,600.0000,29.76,119.76,3.0300,4.43,298.62,1.126464e-03
4852,32.9189,140.00,29.86,35.0000,24.3141,10.6859,600.0000,30.07,119.76,3.0300,0.00,298.61,1.126616e-03
4853,33.2088,140.00,30.18,35.0000,24.3141,10.6859,600.0000,30.27,119.76,3.0300,0.00,298.60,1.126767e-03
4854,32.7951,140.00,30.72,35.0000,24.3141,10.6859,600.0000,30.33,119.76,3.0300,5.02,298.58,1.126919e-03
4855,32.8617,140.00,30.32,35.0000,24.3141,10.6859,600.0000,30.26,119.76,3.0300,3.42,298.57,1.127070e-03
4856,33.6563,140.00,30.02,35.0000,24.3141,10.6859,600.0000,30.06,119.76,3.0300,0.00,298.56,1.127221e-03
4857,32.8006,140.00,29.65,35.0000,24.3141,10.6859,600.0000,29.74,119.76,3.0300,0.00,298.54,1.127373e-03
4858,33.5721,140.00,29.33,35.0000,24.3141,10.6859,600.0000,29.32,119.76,3.0300,2.59,298.53,1.127524e-03
4859,33.1213,140.00,28.98,35.0000,24.3141,10.6859,600.0000,28.83,119.76,3.0300,4.05,298.52,1.127676e-03
4860,33.2762,140.00,28.30,35.0000,24.3141,10.6859,600.0000,28.31,119.76,3.0300,0.00,298.50,1.127827e-03
4861,33.0987,140.00,27.96,35.0000,24.3141,10.6859,600.0000,27.79,119.76,3.0300,4.17,298.49,1.127979e-03
4862,33.3160,140.00,27.51,35.0000,24.3141,10.6859,600.0000,27.31,119.76,3.0300,4.36,298.48,1.128130e-03
4863,32.8781,140.00,26.82,35.0000,24.3141,10.6859,600.0000,26.89,119.76,3.0300,0.00,298.46,1.128281e-03
4864,33.5335,140.00,26.45,35.0000,24.3141,10.6859,600.0000,26.57,119.76,3.0300,0.00,298.45,1.128433e-03
4865,32.7840,140.00,26.52,35.0000,24.3141,10.6859,600.0000,26.36,119.76,3.0300,4.14,298.44,1.128584e-03
4866,33.5785,140.00,26.35,35.0000,24.3141,10.6859,600.0000,26.29,119.76,3.0300,3.42,298.42,1.128736e-03
4867,33.0862,140.00,26.22,35.0000,24.3141,10.6859,600.0000,26.36,119.76,3.0300,0.00,298.41,1.128887e-03
4868,32.8304,140.00,26.35,35.0000,24.3141,10.6859,600.0000,26.55,119.76,3.0300,0.00,298.40,1.129038e-03
4869,33.0896,140.00,26.70,35.0000,24.3141,10.6859,600.0000,26.87,119.76,3.0300,0.00,298.38,1.129190e-03
4870,33.7151,140.00,27.26,35.0000,24.3141,10.6859,600.0000,27.28,119.76,3.0300,0.00,298.37,1.129341e-03
4871,33.5975,140.00,27.75,35.0000,24.3141,10.6859,600.0000,27.76,119.76,3.0300,0.00,298.35,1.129492e-03
4872,33.7435,140.00,28.26,35.0000,24.3141,10.6859,600.0000,28.27,119.76,3.0300,0.00,298.34,1.129644e-03
4873,33.5667,140.00,28.83,35.0000,24.3141,10.6859,600.0000,28.79,119.76,3.0300,3.27,298.33,1.129795e-03
4874,33.6126,140.00,29.17,35.0000,24.3141,10.6859,600.0000,29.27,119.76,3.0300,0.00,298.31,1.129947e-03
4875,33.6813,140.00,29.76,35.0000,24.3141,10.6859,600.0000,29.68,119.76,3.0300,3.67,298.30,1.130098e-03
4876,33.5648,140.00,29.91,35.0000,24.3141,10.6859,600.0000,29.99,119.76,3.0300,0.00,298.29,1.130249e-03
4877,33.0867,140.00,30.09,35.0000,24.3141,10.6859,600.0000,30.19,119.76,3.0300,0.00,298.27,1.130401e-03
4878,33.5597,140.00,30.13,35.0000,24.3141,10.6859,600.0000,30.25,119.76,3.0300,0.00,298.26,1.130552e-03
4879,33.2626,140.00,30.27,35.0000,24.3141,10.6859,600.0000,30.18,119.76,3.0300,3.74,298.25,1.130704e-03
4880,32.8181,140.00,29.92,35.0000,24.3141,10.6859,600.0000,29.98,119.76,3.0300,0.00,298.23,1.130855e-03
4881,33.4434,140.00,29.75,35.0000,24.3141,10.6859,600.0000,29.66,119.76,3.0300,3.74,298.22,1.131006e-03
4882,32.8978,140.00,29.51,35.0000,24.3141,10.6859,600.0000,29.24,119.76,3.0300,4.65,298.21,1.131158e-03
4883,33.6006,140.00,28.67,35.0000,24.3141,10.6859,600.0000,28.75,119.76,3.0300,0.00,298.19,1.131309e-03
4884,33.5800,140.00,28.37,35.0000,24.3141,10.6859,600.0000,28.23,119.76,3.0300,4.02,298.18,1.131460e-03
4885,33.2224,140.00,27.57,35.0000,24.3141,10.6859,600.0000,27.71,119.76,3.0300,0.00,298.17,1.131612e-03
4886,33.6965,140.00,27.15,35.0000,24.3141,10.6859,600.0000,27.22,119.76,3.0300,0.00,298.15,1.131763e-03
4887,32.8175,140.00,26.55,35.0000,24.3141,10.6859,600.0000,26.81,119.76,3.0300,0.00,298.14,1.131915e-03
4888,33.4802,140.00,26.45,35.0000,24.3141,10.6859,600.0000,26.49,119.76,3.0300,0.00,298.13,1.132066e-03
4889,33.3441,140.00,26.36,35.0000,24.3141,10.6859,600.0000,26.28,119.76,3.0300,3.59,298.11,1.132217e-03
4890,33.3472,140.00,26.30,35.0000,24.3141,10.6859,600.0000,26.21,119.76,3.0300,3.71,298.10,1.132369e-03
4891,33.1228,140.00,26.27,35.0000,24.3141,10.6859,600.0000,26.28,119.76,3.0300,0.00,298.09,1.132520e-03
4892,33.4223,140.00,26.50,35.0000,24.3141,10.6859,600.0000,26.47,119.76,3.0300,3.13,298.07,1.132671e-03
4893,33.7902,140.00,26.86,35.0000,24.3141,10.6859,600.0000,26.79,119.76,3.0300,3.56,298.06,1.132823e-03
4894,33.2319,140.00,27.14,35.0000,24.3141,10.6859,600.0000,27.20,119.76,3.0300,0.00,298.05,1.132974e-03
4895,33.7206,140.00,27.64,35.0000,24.3141,10.6859,600.0000,27.68,119.76,3.0300,0.00,298.03,1.133125e-03
4896,33.8130,140.00,28.21,35.0000,24.3141,10.6859,600.0000,28.19,119.76,3.0300,2.96,298.02,1.133277e-03
4897,33.5066,140.00,28.82,35.0000,24.3141,10.6859,600.0000,28.71,119.76,3.0300,3.87,298.00,1.133428e-03
4898,33.5599,140.00,29.17,35.0000,24.3141,10.6859,600.0000,29.18,119.76,3.0300,0.00,297.99,1.133579e-03
4899,33.5617,140.00,29.54,35.0000,24.3141,10.6859,600.0000,29.60,119.76,3.0300,0.00,297.98,1.133731e-03
4900,33.1000,140.00,29.88,35.0000,24.3141,10.6859,600.0000,29.91,119.76,3.0300,0.00,297.96,1.133882e-03
4901,33.4387,140.00,30.14,35.0000,24.3141,10.6859,600.0000,30.11,119.76,3.0300,3.14,297.95,1.134033e-03
4902,33.0036,140.00,30.22,35.0000,24.3141,10.6859,600.0000,30.17,119.76,3.0300,3.32,297.94,1.134185e-03
4903,33.0210,140.00,30.21,35.0000,24.3141,10.6859,600.0000,30.10,119.76,3.0300,3.85,297.92,1.134336e-03
4904,33.8571,140.00,29.89,35.0000,24.3141,10.6859,600.0000,29.90,119.76,3.0300,0.00,297.91,1.134487e-03
4905,33.7564,140.00,29.48,35.0000,24.3141,10.6859,600.0000,29.58,119.76,3.0300,0.00,297.90,1.134639e-03
4906,32.9773,140.00,29.22,35.0000,24.3141,10.6859,600.0000,29.16,119.76,3.0300,3.49,297.88,1.134790e-03
4907,33.1136,140.00,28.43,35.0000,24.3141,10.6859,600.0000,28.67,119.76,3.0300,0.00,297.87,1.134941e-03
4908,33.6027,140.00,28.13,35.0000,24.3141,10.6859,600.0000,28.15,119.76,3.0300,0.00,297.86,1.135093e-03
4909,33.2841,140.00,27.70,35.0000,24.3141,10.6859,600.0000,27.63,119.76,3.0300,3.58,297.84,1.135244e-03
4910,33.7885,140.00,27.18,35.0000,24.3141,10.6859,600.0000,27.14,119.76,3.0300,3.17,297.83,1.135395e-03
4911,33.1948,140.00,26.58,35.0000,24.3141,10.6859,600.0000,26.73,119.76,3.0300,0.00,297.82,1.135547e-03
4912,33.5683,140.00,26.42,35.0000,24.3141,10.6859,600.0000,26.41,119.76,3.0300,2.75,297.80,1.135698e-03
4913,32.9738,140.00,26.08,35.0000,24.3141,10.6859,600.0000,26.20,119.76,3.0300,0.00,297.79,1.135849e-03
4914,33.4170,140.00,26.17,35.0000,24.3141,10.6859,600.0000,26.13,119.76,3.0300,3.26,297.78,1.136001e-03
4915,33.6708,140.00,26.12,35.0000,24.3141,10.6859,600.0000,26.20,119.76,3.0300,0.00,297.76,1.136152e-03
4916,33.0948,140.00,26.28,35.0000,24.3141,10.6859,600.0000,26.39,119.76,3.0300,0.00,297.75,1.136303e-03
4917,33.5813,140.00,26.74,35.0000,24.3141,10.6859,600.0000,26.71,119.76,3.0300,3.13,297.74,1.136455e-03
4918,33.6245,140.00,27.26,35.0000,24.3141,10.6859,600.0000,27.12,119.76,3.0300,4.04,297.72,1.136606e-03
4919,33.8645,140.00,27.65,35.0000,24.3141,10.6859,600.0000,27.60,119.76,3.0300,3.41,297.71,1.136757e-03
4920,33.3864,140.00,28.17,35.0000,24.3141,10.6859,600.0000,28.11,119.76,3.0300,3.44,297.70,1.136909e-03
4921,33.1923,140.00,28.65,35.0000,24.3141,10.6859,600.0000,28.63,119.76,3.0300,2.93,297.68,1.137060e-03
4922,33.6413,140.00,29.12,35.0000,24.3141,10.6859,600.0000,29.10,119.76,3.0300,2.76,297.67,1.137211e-03
4923,33.0926,140.00,29.50,35.0000,24.3141,10.6859,600.0000,29.52,119.76,3.0300,0.00,297.66,1.137363e-03
4924,33.1068,140.00,29.83,35.0000,24.3141,10.6859,600.0000,29.83,119.76,3.0300,0.00,297.64,1.137514e-03
4925,33.5764,140.00,29.98,35.0000,24.3141,10.6859,600.0000,30.03,119.76,3.0300,0.00,297.63,1.137665e-03
4926,33.4898,140.00,30.02,35.0000,24.3141,10.6859,600.0000,30.09,119.76,3.0300,0.00,297.62,1.137816e-03
4927,33.2203,140.00,30.00,35.0000,24.3141,10.6859,600.0000,30.02,119.76,3.0300,0.00,297.60,1.137968e-03
4928,34.0484,140.00,29.90,35.0000,24.3141,10.6859,600.0000,29.82,119.76,3.0300,3.68,297.59,1.138119e-03
4929,33.2718,140.00,29.36,35.0000,24.3141,10.6859,600.0000,29.50,119.76,3.0300,0.00,297.58,1.138270e-03
4930,33.9620,140.00,29.13,35.0000,24.3141,10.6859,600.0000,29.08,119.76,3.0300,3.39,297.56,1.138422e-03
4931,33.3025,140.00,28.64,35.0000,24.3141,10.6859,600.0000,28.59,119.76,3.0300,3.32,297.55,1.138573e-03
4932,33.2535,140.00,28.01,35.0000,24.3141,10.6859,600.0000,28.07,119.76,3.0300,0.00,297.54,1.138724e-03
4933,33.9279,140.00,27.64,35.0000,24.3141,10.6859,600.0000,27.55,119.76,3.0300,3.68,297.52,1.138875e-03
4934,33.2279,140.00,27.00,35.0000,24.3141,10.6859,600.0000,27.07,119.76,3.0300,0.00,297.51,1.139027e-03
4935,33.4246,140.00,26.67,35.0000,24.3141,10.6859,600.0000,26.65,119.76,3.0300,3.03,297.50,1.139178e-03
4936,33.6572,140.00,26.41,35.0000,24.3141,10.6859,600.0000,26.33,119.76,3.0300,3.68,297.48,1.139329e-03
4937,33.7659,140.00,26.17,35.0000,24.3141,10.6859,600.0000,26.12,119.76,3.0300,3.28,297.47,1.139481e-03
4938,33.3385,140.00,26.12,35.0000,24.3141,10.6859,600.0000,26.05,119.76,3.0300,3.58,297.45,1.139632e-03
4939,34.1098,140.00,26.13,35.0000,24.3141,10.6859,600.0000,26.12,119.76,3.0300,2.82,297.44,1.139783e-03
4940,33.7829,140.00,26.40,35.0000,24.3141,10.6859,600.0000,26.31,119.76,3.0300,3.68,297.43,1.139934e-03
4941,33.1963,140.00,26.49,35.0000,24.3141,10.6859,600.0000,26.63,119.76,3.0300,0.00,297.41,1.140086e-03
4942,34.0774,140.00,27.02,35.0000,24.3141,10.6859,600.0000,27.04,119.76,3.0300,0.00,297.40,1.140237e-03
4943,33.7785,140.00,27.49,35.0000,24.3141,10.6859,600.0000,27.52,119.76,3.0300,0.00,297.39,1.140388e-03
4944,34.1268,140.00,28.08,35.0000,24.3141,10.6859,600.0000,28.03,119.76,3.0300,3.38,297.37,1.140540e-03
4945,33.5550,140.00,28.57,35.0000,24.3141,10.6859,600.0000,28.55,119.76,3.0300,3.06,297.36,1.140691e-03
4946,33.6801,140.00,28.95,35.0000,24.3141,10.6859,600.0000,29.03,119.76,3.0300,0.00,297.35,1.140842e-03
4947,33.4645,140.00,29.34,35.0000,24.3141,10.6859,600.0000,29.44,119.76,3.0300,0.00,297.33,1.140993e-03
4948,34.0098,140.00,29.72,35.0000,24.3141,10.6859,600.0000,29.75,119.76,3.0300,0.00,297.32,1.141145e-03
4949,34.1696,140.00,29.95,35.0000,24.3141,10.6859,600.0000,29.95,119.76,3.0300,2.15,297.31,1.141296e-03
4950,33.8465,140.00,29.97,35.0000,24.3141,10.6859,600.0000,30.01,119.76,3.0300,0.00,297.29,1.141447e-03
4951,33.4046,140.00,29.88,35.0000,24.3141,10.6859,600.0000,29.94,119.76,3.0300,0.00,297.28,1.141598e-03
4952,33.3188,140.00,29.73,35.0000,24.3141,10.6859,600.0000,29.74,119.76,3.0300,0.00,297.27,1.141750e-03
4953,34.0505,140.00,29.39,35.0000,24.3141,10.6859,600.0000,29.42,119.76,3.0300,0.00,297.25,1.141901e-03
4954,33.6698,140.00,29.11,35.0000,24.3141,10.6859,600.0000,29.00,119.76,3.0300,3.88,297.24,1.142052e-03
4955,33.8158,140.00,28.51,35.0000,24.3141,10.6859,600.0000,28.51,119.76,3.0300,2.10,297.23,1.142203e-03
4956,34.1814,140.00,27.95,35.0000,24.3141,10.6859,600.0000,27.99,119.76,3.0300,0.00,297.21,1.142355e-03
4957,33.4029,140.00,27.64,35.0000,24.3141,10.6859,600.0000,27.47,119.76,3.0300,4.19,297.20,1.142506e-03
4958,34.1025,140.00,26.91,35.0000,24.3141,10.6859,600.0000,26.99,119.76,3.0300,0.00,297.19,1.142657e-03
4959,33.6552,140.00,26.63,35.0000,24.3141,10.6859,600.0000,26.57,119.76,3.0300,3.45,297.17,1.142808e-03
4960,34.2550,140.00,26.20,35.0000,24.3141,10.6859,600.0000,26.25,119.76,3.0300,0.00,297.16,1.142960e-03
4961,34.1252,140.00,26.12,35.0000,24.3141,10.6859,600.0000,26.04,119.76,3.0300,3.57,297.15,1.143111e-03
4962,33.9483,140.00,25.92,35.0000,24.3141,10.6859,600.0000,25.97,119.76,3.0300,0.00,297.13,1.143262e-03
4963,33.9418,140.00,26.12,35.0000,24.3141,10.6859,600.0000,26.04,119.76,3.0300,3.68,297.12,1.143413e-03
4964,34.0432,140.00,26.17,35.0000,24.3141,10.6859,600.0000,26.23,119.76,3.0300,0.00,297.11,1.143565e-03
4965,34.0664,140.00,26.53,35.0000,24.3141,10.6859,600.0000,26.55,119.76,3.0300,0.00,297.09,1.143716e-03
4966,33.6630,140.00,27.01,35.0000,24.3141,10.6859,600.0000,26.96,119.76,3.0300,3.38,297.08,1.143867e-03
4967,34.0264,140.00,27.37,35.0000,24.3141,10.6859,600.0000,27.44,119.76,3.0300,0.00,297.07,1.144018e-03
4968,34.2560,140.00,27.89,35.0000,24.3141,10.6859,600.0000,27.95,119.76,3.0300,0.00,297.05,1.144170e-03
4969,33.6340,140.00,28.52,35.0000,24.3141,10.6859,600.0000,28.47,119.76,3.0300,3.36,297.04,1.144321e-03
4970,33.8715,140.00,29.08,35.0000,24.3141,10.6859,600.0000,28.95,119.76,3.0300,4.02,297.03,1.144472e-03
4971,33.6413,140.00,29.35,35.0000,24.3141,10.6859,600.0000,29.36,119.76,3.0300,0.00,297.01,1.144623e-03
4972,33.5257,140.00,29.75,35.0000,24.3141,10.6859,600.0000,29.67,119.76,3.0300,3.63,297.00,1.144775e-03
4973,33.7404,140.00,29.90,35.0000,24.3141,10.6859,600.0000,29.87,119.76,3.0300,3.13,296.99,1.144926e-03
4974,34.0467,140.00,30.00,35.0000,24.3141,10.6859,600.0000,29.93,119.76,3.0300,3.54,296.97,1.145077e-03
4975,34.4381,140.00,29.85,35.0000,24.3141,10.6859,600.0000,29.86,119.76,3.0300,0.00,296.96,1.145228e-03
4976,33.7594,140.00,29.57,35.0000,24.3141,10.6859,600.0000,29.66,119.76,3.0300,0.00,296.95,1.145380e-03
4977,33.5975,140.00,29.19,35.0000,24.3141,10.6859,600.0000,29.34,119.76,3.0300,0.00,296.93,1.145531e-03
4978,33.6992,140.00,28.92,35.0000,24.3141,10.6859,600.0000,28.92,119.76,3.0300,0.00,296.92,1.145682e-03
4979,34.0621,140.00,28.39,35.0000,24.3141,10.6859,600.0000,28.43,119.76,3.0300,0.00,296.91,1.145833e-03
4980,34.4859,140.00,27.92,35.0000,24.3141,10.6859,600.0000,27.91,119.76,3.0300,2.50,296.89,1.145984e-03
4981,34.0494,140.00,27.40,35.0000,24.3141,10.6859,600.0000,27.39,119.76,3.0300,2.50,296.88,1.146136e-03
4982,34.0014,140.00,26.95,35.0000,24.3141,10.6859,600.0000,26.91,119.76,3.0300,3.32,296.87,1.146287e-03
4983,34.2120,140.00,26.54,35.0000,24.3141,10.6859,600.0000,26.49,119.76,3.0300,3.35,296.85,1.146438e-03
4984,34.1868,140.00,26.16,35.0000,24.3141,10.6859,600.0000,26.17,119.76,3.0300,0.00,296.84,1.146589e-03
4985,33.8133,140.00,25.99,35.0000,24.3141,10.6859,600.0000,25.97,119.76,3.0300,2.93,296.83,1.146740e-03
4986,33.8763,140.00,25.95,35.0000,24.3141,10.6859,600.0000,25.89,119.76,3.0300,3.39,296.81,1.146892e-03
4987,33.8390,140.00,26.07,35.0000,24.3141,10.6859,600.0000,25.96,119.76,3.0300,3.83,296.80,1.147043e-03
4988,33.9849,140.00,26.21,35.0000,24.3141,10.6859,600.0000,26.16,119.76,3.0300,3.40,296.79,1.147194e-03
4989,34.4057,140.00,26.45,35.0000,24.3141,10.6859,600.0000,26.47,119.76,3.0300,0.00,296.77,1.147345e-03
4990,34.2400,140.00,26.86,35.0000,24.3141,10.6859,600.0000,26.88,119.76,3.0300,0.00,296.76,1.147497e-03
4991,33.7785,140.00,27.34,35.0000,24.3141,10.6859,600.0000,27.36,119.76,3.0300,0.00,296.75,1.147648e-03
4992,34.6910,140.00,27.89,35.0000,24.3141,10.6859,600.0000,27.87,119.76,3.0300,2.76,296.73,1.147799e-03
4993,34.2933,140.00,28.41,35.0000,24.3141,10.6859,600.0000,28.39,119.76,3.0300,2.90,296.72,1.147950e-03
4994,34.1010,140.00,28.91,35.0000,24.3141,10.6859,600.0000,28.87,119.76,3.0300,3.20,296.71,1.148101e-03
4995,34.2615,140.00,29.24,35.0000,24.3141,10.6859,600.0000,29.28,119.76,3.0300,0.00,296.69,1.148253e-03
4996,33.9298,140.00,29.67,35.0000,24.3141,10.6859,600.0000,29.59,119.76,3.0300,3.59,296.68,1.148404e-03
4997,34.0999,140.00,29.73,35.0000,24.3141,10.6859,600.0000,29.79,119.76,3.0300,0.00,296.67,1.148555e-03
4998,33.9786,140.00,29.88,35.0000,24.3141,10.6859,600.0000,29.86,119.76,3.0300,3.06,296.65,1.148706e-03
4999,34.2925,140.00,29.79,35.0000,24.3141,10.6859,600.0000,29.78,119.76,3.0300,2.43,296.64,1.148857e-03
5000,34.8333,140.00,29.63,35.0000,24.3141,10.6859,600.0000,29.58,119.76,3.0300,3.38,296.63,1.149008e-03
5001,34.1318,140.00,140.00,35.0000,35.0000,0.0000,600.0000,29.26,29.26,0.0000,110.74,296.61,1.149160e-03
5002,34.4116,140.00,28.85,35.0000,24.3141,10.6859,600.0000,28.84,119.76,3.0300,2.25,296.60,1.149311e-03
5003,34.8257,140.00,28.35,35.0000,24.3141,10.6859,600.0000,28.36,119.76,3.0300,0.00,296.59,1.149462e-03
5004,34.7613,140.00,27.83,35.0000,24.3141,10.6859,600.0000,27.84,119.76,3.0300,0.00,296.57,1.149613e-03
5005,34.1492,140.00,27.36,35.0000,24.3141,10.6859,600.0000,27.32,119.76,3.0300,3.31,296.56,1.149764e-03
5006,34.8464,140.00,26.81,35.0000,24.3141,10.6859,600.0000,26.83,119.76,3.0300,0.00,296.55,1.149916e-03
5007,34.9398,140.00,26.44,35.0000,24.3141,10.6859,600.0000,26.41,119.76,3.0300,3.14,296.53,1.150067e-03
5008,34.7390,140.00,26.08,35.0000,24.3141,10.6859,600.0000,26.09,119.76,3.0300,0.00,296.52,1.150218e-03
5009,34.8469,140.00,25.87,35.0000,24.3141,10.6859,600.0000,25.89,119.76,3.0300,0.00,296.51,1.150369e-03
5010,34.1404,140.00,25.82,35.0000,24.3141,10.6859,600.0000,25.82,119.76,3.0300,1.97,296.49,1.150520e-03
5011,34.5446,140.00,25.95,35.0000,24.3141,10.6859,600.0000,25.88,119.76,3.0300,3.56,296.48,1.150672e-03
5012,34.2994,140.00,26.07,35.0000,24.3141,10.6859,600.0000,26.08,119.76,3.0300,0.00,296.47,1.150823e-03
5013,34.1434,140.00,26.36,35.0000,24.3141,10.6859,600.0000,26.39,119.76,3.0300,0.00,296.45,1.150974e-03
5014,34.5563,140.00,26.84,35.0000,24.3141,10.6859,600.0000,26.80,119.76,3.0300,3.15,296.44,1.151125e-03
5015,34.6164,140.00,27.28,35.0000,24.3141,10.6859,600.0000,27.28,119.76,3.0300,2.16,296.43,1.151276e-03
5016,34.8734,140.00,27.78,35.0000,24.3141,10.6859,600.0000,27.80,119.76,3.0300,0.00,296.41,1.151427e-03
5017,35.0497,140.00,28.33,35.0000,24.3141,10.6859,600.0000,28.31,119.76,3.0300,2.95,296.40,1.151579e-03
5018,34.5566,140.00,28.74,35.0000,24.3141,10.6859,600.0000,28.79,119.76,3.0300,0.00,296.39,1.151730e-03
5019,34.2061,140.00,29.25,35.0000,24.3141,10.6859,600.0000,29.20,119.76,3.0300,3.39,296.38,1.151881e-03
5020,34.4224,140.00,29.60,35.0000,24.3141,10.6859,600.0000,29.52,119.76,3.0300,3.64,296.36,1.152032e-03
5021,35.0017,140.00,29.70,35.0000,24.3141,10.6859,600.0000,29.71,119.76,3.0300,0.00,296.35,1.152183e-03
5022,34.4864,140.00,29.81,35.0000,24.3141,10.6859,600.0000,29.78,119.76,3.0300,3.18,296.34,1.152334e-03
5023,34.2559,140.00,29.73,35.0000,24.3141,10.6859,600.0000,29.71,119.76,3.0300,3.03,296.32,1.152485e-03
5024,34.6858,140.00,29.52,35.0000,24.3141,10.6859,600.0000,29.50,119.76,3.0300,2.75,296.31,1.152637e-03
5025,34.8835,140.00,29.21,35.0000,24.3141,10.6859,600.0000,29.18,119.76,3.0300,2.98,296.30,1.152788e-03
5026,34.5902,140.00,28.82,35.0000,24.3141,10.6859,600.0000,28.77,119.76,3.0300,3.46,296.28,1.152939e-03
5027,35.1895,140.00,28.28,35.0000,24.3141,10.6859,600.0000,28.28,119.76,3.0300,0.00,296.27,1.153090e-03
5028,34.7114,140.00,27.76,35.0000,24.3141,10.6859,600.0000,27.76,119.76,3.0300,2.42,296.26,1.153241e-03
5029,34.8137,140.00,27.22,35.0000,24.3141,10.6859,600.0000,27.24,119.76,3.0300,0.00,296.24,1.153392e-03
5030,34.5836,140.00,26.69,35.0000,24.3141,10.6859,600.0000,26.75,119.76,3.0300,0.00,296.23,1.153544e-03
5031,34.9277,140.00,26.34,35.0000,24.3141,10.6859,600.0000,26.34,119.76,3.0300,1.79,296.22,1.153695e-03
5032,34.7358,140.00,26.00,35.0000,24.3141,10.6859,600.0000,26.01,119.76,3.0300,0.00,296.20,1.153846e-03
5033,34.8765,140.00,25.82,35.0000,24.3141,10.6859,600.0000,25.81,119.76,3.0300,2.76,296.19,1.153997e-03
5034,35.3176,140.00,25.75,35.0000,24.3141,10.6859,600.0000,25.74,119.76,3.0300,2.71,296.18,1.154148e-03
5035,35.3340,140.00,25.82,35.0000,24.3141,10.6859,600.0000,25.80,119.76,3.0300,2.73,296.16,1.154299e-03
5036,35.3890,140.00,25.99,35.0000,24.3141,10.6859,600.0000,26.00,119.76,3.0300,0.00,296.15,1.154450e-03
5037,34.6783,140.00,26.34,35.0000,24.3141,10.6859,600.0000,26.32,119.76,3.0300,2.94,296.14,1.154602e-03
5038,35.1534,140.00,26.75,35.0000,24.3141,10.6859,600.0000,26.73,119.76,3.0300,2.95,296.12,1.154753e-03
5039,35.0301,140.00,27.20,35.0000,24.3141,10.6859,600.0000,27.21,119.76,3.0300,0.00,296.11,1.154904e-03
5040,34.6745,140.00,27.70,35.0000,24.3141,10.6859,600.0000,27.72,119.76,3.0300,0.00,296.10,1.155055e-03
5041,34.5524,140.00,28.23,35.0000,24.3141,10.6859,600.0000,28.23,119.76,3.0300,0.00,296.08,1.155206e-03
5042,34.9810,140.00,28.74,35.0000,24.3141,10.6859,600.0000,28.71,119.76,3.0300,3.02,296.07,1.155357e-03
5043,34.7011,140.00,29.14,35.0000,24.3141,10.6859,600.0000,29.13,119.76,3.0300,2.72,296.06,1.155508e-03
5044,35.3169,140.00,29.46,35.0000,24.3141,10.6859,600.0000,29.44,119.76,3.0300,2.89,296.04,1.155659e-03
5045,34.7201,140.00,29.66,35.0000,24.3141,10.6859,600.0000,29.64,119.76,3.0300,2.92,296.03,1.155811e-03
5046,35.2348,140.00,29.70,35.0000,24.3141,10.6859,600.0000,29.70,119.76,3.0300,0.00,296.02,1.155962e-03
5047,35.4798,140.00,29.62,35.0000,24.3141,10.6859,600.0000,29.63,119.76,3.0300,0.00,296.00,1.156113e-03
5048,34.8001,140.00,29.39,35.0000,24.3141,10.6859,600.0000,29.43,119.76,3.0300,0.00,295.99,1.156264e-03
5049,35.3800,140.00,29.11,35.0000,24.3141,10.6859,600.0000,29.11,119.76,3.0300,2.43,295.98,1.156415e-03
5050,35.1201,140.00,28.71,35.0000,24.3141,10.6859,600.0000,28.69,119.76,3.0300,3.01,295.96,1.156566e-03
5051,34.9856,140.00,28.23,35.0000,24.3141,10.6859,600.0000,28.20,119.76,3.0300,2.96,295.95,1.156717e-03
5052,35.0217,140.00,27.74,35.0000,24.3141,10.6859,600.0000,27.68,119.76,3.0300,3.40,295.94,1.156868e-03
5053,35.4469,140.00,27.15,35.0000,24.3141,10.6859,600.0000,27.16,119.76,3.0300,0.00,295.92,1.157020e-03
5054,34.8379,140.00,26.64,35.0000,24.3141,10.6859,600.0000,26.68,119.76,3.0300,0.00,295.91,1.157171e-03
5055,35.3384,140.00,26.25,35.0000,24.3141,10.6859,600.0000,26.26,119.76,3.0300,0.00,295.90,1.157322e-03
5056,35.2909,140.00,25.94,35.0000,24.3141,10.6859,600.0000,25.94,119.76,3.0300,2.51,295.88,1.157473e-03
5057,35.6639,140.00,25.72,35.0000,24.3141,10.6859,600.0000,25.73,119.76,3.0300,0.00,295.87,1.157624e-03
5058,35.6646,140.00,25.66,35.0000,24.3141,10.6859,600.0000,25.66,119.76,3.0300,0.00,295.86,1.157775e-03
5059,35.0080,140.00,25.71,35.0000,24.3141,10.6859,600.0000,25.73,119.76,3.0300,0.00,295.84,1.157926e-03
5060,35.3777,140.00,25.93,35.0000,24.3141,10.6859,600.0000,25.92,119.76,3.0300,2.45,295.83,1.158077e-03
5061,35.3192,140.00,26.26,35.0000,24.3141,10.6859,600.0000,26.24,119.76,3.0300,3.01,295.82,1.158228e-03
5062,34.8914,140.00,26.64,35.0000,24.3141,10.6859,600.0000,26.65,119.76,3.0300,0.00,295.81,1.158380e-03
5063,35.4240,140.00,27.14,35.0000,24.3141,10.6859,600.0000,27.13,119.76,3.0300,2.60,295.79,1.158531e-03
5064,35.4948,140.00,27.66,35.0000,24.3141,10.6859,600.0000,27.64,119.76,3.0300,2.79,295.78,1.158682e-03
5065,35.1284,140.00,28.14,35.0000,24.3141,10.6859,600.0000,28.16,119.76,3.0300,0.00,295.77,1.158833e-03
5066,35.7374,140.00,28.64,35.0000,24.3141,10.6859,600.0000,28.64,119.76,3.0300,0.00,295.75,1.158984e-03
5067,34.9853,140.00,29.06,35.0000,24.3141,10.6859,600.0000,29.05,119.76,3.0300,2.51,295.74,1.159135e-03
5068,35.8034,140.00,29.36,35.0000,24.3141,10.6859,600.0000,29.36,119.76,3.0300,0.00,295.73,1.159286e-03
5069,35.5189,140.00,29.55,35.0000,24.3141,10.6859,600.0000,29.56,119.76,3.0300,0.00,295.71,1.159437e-03
5070,35.0730,140.00,29.65,35.0000,24.3141,10.6859,600.0000,29.63,119.76,3.0300,3.05,295.70,1.159588e-03
5071,35.1719,140.00,29.54,35.0000,24.3141,10.6859,600.0000,29.55,119.76,3.0300,0.00,295.69,1.159739e-03
5072,35.1944,140.00,29.37,35.0000,24.3141,10.6859,600.0000,29.35,119.76,3.0300,2.90,295.67,1.159891e-03
5073,35.8765,140.00,29.03,35.0000,24.3141,10.6859,600.0000,29.03,119.76,3.0300,0.00,295.66,1.160042e-03
5074,35.6886,140.00,28.60,35.0000,24.3141,10.6859,600.0000,28.61,119.76,3.0300,0.00,295.65,1.160193e-03
5075,35.8384,140.00,28.13,35.0000,24.3141,10.6859,600.0000,28.13,119.76,3.0300,0.00,295.63,1.160344e-03
5076,35.2661,140.00,27.59,35.0000,24.3141,10.6859,600.0000,27.61,119.76,3.0300,0.00,295.62,1.160495e-03
5077,35.4583,140.00,27.08,35.0000,24.3141,10.6859,600.0000,27.09,119.76,3.0300,0.00,295.61,1.160646e-03
5078,35.0906,140.00,26.60,35.0000,24.3141,10.6859,600.0000,26.60,119.76,3.0300,2.15,295.59,1.160797e-03
5079,35.5690,140.00,26.20,35.0000,24.3141,10.6859,600.0000,26.18,119.76,3.0300,2.77,295.58,1.160948e-03
5080,35.5463,140.00,25.87,35.0000,24.3141,10.6859,600.0000,25.86,119.76,3.0300,2.46,295.57,1.161099e-03
5081,35.3143,140.00,25.67,35.0000,24.3141,10.6859,600.0000,25.66,119.76,3.0300,2.56,295.55,1.161250e-03
5082,35.6054,140.00,25.58,35.0000,24.3141,10.6859,600.0000,25.59,119.76,3.0300,0.00,295.54,1.161401e-03
5083,35.6219,140.00,25.65,35.0000,24.3141,10.6859,600.0000,25.65,119.76,3.0300,1.74,295.53,1.161552e-03
5084,35.4830,140.00,25.85,35.0000,24.3141,10.6859,600.0000,25.85,119.76,3.0300,2.39,295.51,1.161704e-03
5085,35.5804,140.00,26.18,35.0000,24.3141,10.6859,600.0000,26.16,119.76,3.0300,2.75,295.50,1.161855e-03
5086,35.3500,140.00,26.58,35.0000,24.3141,10.6859,600.0000,26.57,119.76,3.0300,2.09,295.49,1.162006e-03
5087,35.8647,140.00,27.05,35.0000,24.3141,10.6859,600.0000,27.05,119.76,3.0300,0.00,295.48,1.162157e-03
5088,35.9904,140.00,27.57,35.0000,24.3141,10.6859,600.0000,27.57,119.76,3.0300,0.00,295.46,1.162308e-03
5089,35.3359,140.00,28.10,35.0000,24.3141,10.6859,600.0000,28.08,119.76,3.0300,2.77,295.45,1.162459e-03
5090,35.2930,140.00,28.59,35.0000,24.3141,10.6859,600.0000,28.56,119.76,3.0300,3.12,295.44,1.162610e-03
5091,35.8669,140.00,28.98,35.0000,24.3141,10.6859,600.0000,28.97,119.76,3.0300,2.42,295.42,1.162761e-03
5092,35.9447,140.00,29.29,35.0000,24.3141,10.6859,600.0000,29.29,119.76,3.0300,2.02,295.41,1.162912e-03
5093,35.7096,140.00,29.49,35.0000,24.3141,10.6859,600.0000,29.48,119.76,3.0300,2.15,295.40,1.163063e-03
5094,35.7991,140.00,29.54,35.0000,24.3141,10.6859,600.0000,29.55,119.76,3.0300,0.00,295.38,1.163214e-03
5095,35.5484,140.00,29.48,35.0000,24.3141,10.6859,600.0000,29.48,119.76,3.0300,2.38,295.37,1.163365e-03
5096,36.1927,140.00,29.27,35.0000,24.3141,10.6859,600.0000,29.28,119.76,3.0300,0.00,295.36,1.163516e-03
5097,35.7441,140.00,28.94,35.0000,24.3141,10.6859,600.0000,28.95,119.76,3.0300,0.00,295.34,1.163667e-03
5098,35.3909,140.00,28.54,35.0000,24.3141,10.6859,600.0000,28.54,119.76,3.0300,2.10,295.33,1.163819e-03
5099,36.2316,140.00,28.06,35.0000,24.3141,10.6859,600.0000,28.05,119.76,3.0300,2.48,295.32,1.163970e-03
5100,36.2520,140.00,27.54,35.0000,24.3141,10.6859,600.0000,27.53,119.76,3.0300,2.46,295.30,1.164121e-03
5101,36.0074,140.00,27.00,35.0000,24.3141,10.6859,600.0000,27.01,119.76,3.0300,0.00,295.29,1.164272e-03
5102,35.8796,140.00,26.52,35.0000,24.3141,10.6859,600.0000,26.52,119.76,3.0300,0.00,295.28,1.164423e-03
5103,36.1002,140.00,26.11,35.0000,24.3141,10.6859,600.0000,26.11,119.76,3.0300,2.07,295.26,1.164574e-03
5104,35.8556,140.00,25.80,35.0000,24.3141,10.6859,600.0000,25.79,119.76,3.0300,2.64,295.25,1.164725e-03
5105,36.0438,140.00,25.60,35.0000,24.3141,10.6859,600.0000,25.58,119.76,3.0300,2.79,295.24,1.164876e-03
5106,35.4993,140.00,25.51,35.0000,24.3141,10.6859,600.0000,25.51,119.76,3.0300,2.07,295.22,1.165027e-03
5107,35.9592,140.00,25.59,35.0000,24.3141,10.6859,600.0000,25.58,119.76,3.0300,2.69,295.21,1.165178e-03
5108,35.7656,140.00,25.78,35.0000,24.3141,10.6859,600.0000,25.77,119.76,3.0300,2.38,295.20,1.165329e-03
5109,36.2344,140.00,26.10,35.0000,24.3141,10.6859,600.0000,26.09,119.76,3.0300,2.59,295.19,1.165480e-03
5110,35.7133,140.00,26.51,35.0000,24.3141,10.6859,600.0000,26.50,119.76,3.0300,2.71,295.17,1.165631e-03
5111,35.7388,140.00,26.96,35.0000,24.3141,10.6859,600.0000,26.98,119.76,3.0300,0.00,295.16,1.165782e-03
5112,35.9334,140.00,27.49,35.0000,24.3141,10.6859,600.0000,27.49,119.76,3.0300,0.00,295.15,1.165933e-03
5113,35.7371,140.00,28.00,35.0000,24.3141,10.6859,600.0000,28.01,119.76,3.0300,0.00,295.13,1.166084e-03
5114,36.0174,140.00,28.48,35.0000,24.3141,10.6859,600.0000,28.49,119.76,3.0300,0.00,295.12,1.166235e-03
5115,36.3574,140.00,28.89,35.0000,24.3141,10.6859,600.0000,28.90,119.76,3.0300,0.00,295.11,1.166386e-03
5116,36.0266,140.00,29.22,35.0000,24.3141,10.6859,600.0000,29.21,119.76,3.0300,2.46,295.09,1.166537e-03
5117,35.6862,140.00,29.42,35.0000,24.3141,10.6859,600.0000,29.41,119.76,3.0300,2.65,295.08,1.166688e-03
5118,36.4600,140.00,29.48,35.0000,24.3141,10.6859,600.0000,29.48,119.76,3.0300,2.12,295.07,1.166839e-03
5119,36.4233,140.00,29.40,35.0000,24.3141,10.6859,600.0000,29.40,119.76,3.0300,0.00,295.05,1.166990e-03
5120,36.0541,140.00,29.21,35.0000,24.3141,10.6859,600.0000,29.20,119.76,3.0300,2.64,295.04,1.167141e-03
5121,35.8749,140.00,28.89,35.0000,24.3141,10.6859,600.0000,28.88,119.76,3.0300,2.57,295.03,1.167293e-03
5122,36.4020,140.00,28.47,35.0000,24.3141,10.6859,600.0000,28.46,119.76,3.0300,2.41,295.01,1.167444e-03
5123,36.4895,140.00,27.97,35.0000,24.3141,10.6859,600.0000,27.98,119.76,3.0300,0.00,295.00,1.167595e-03
5124,36.6061,140.00,27.46,35.0000,24.3141,10.6859,600.0000,27.46,119.76,3.0300,2.43,294.99,1.167746e-03
5125,36.0435,140.00,26.94,35.0000,24.3141,10.6859,600.0000,26.94,119.76,3.0300,2.47,294.97,1.167897e-03
5126,35.8887,140.00,26.45,35.0000,24.3141,10.6859,600.0000,26.45,119.76,3.0300,2.13,294.96,1.168048e-03
5127,36.1518,140.00,26.04,35.0000,24.3141,10.6859,600.0000,26.03,119.76,3.0300,2.22,294.95,1.168199e-03
5128,36.2950,140.00,25.71,35.0000,24.3141,10.6859,600.0000,25.71,119.76,3.0300,0.00,294.94,1.168350e-03
5129,36.0107,140.00,25.50,35.0000,24.3141,10.6859,600.0000,25.51,119.76,3.0300,0.00,294.92,1.168501e-03
5130,35.8316,140.00,25.43,35.0000,24.3141,10.6859,600.0000,25.44,119.76,3.0300,0.00,294.91,1.168652e-03
5131,36.0473,140.00,25.51,35.0000,24.3141,10.6859,600.0000,25.50,119.76,3.0300,2.50,294.90,1.168803e-03
5132,36.2554,140.00,25.70,35.0000,24.3141,10.6859,600.0000,25.70,119.76,3.0300,0.00,294.88,1.168954e-03
5133,36.2877,140.00,26.00,35.0000,24.3141,10.6859,600.0000,26.01,119.76,3.0300,0.00,294.87,1.169105e-03
5134,36.5381,140.00,26.43,35.0000,24.3141,10.6859,600.0000,26.43,119.76,3.0300,2.21,294.86,1.169256e-03
5135,36.1303,140.00,26.91,35.0000,24.3141,10.6859,600.0000,26.91,119.76,3.0300,2.42,294.84,1.169407e-03
5136,36.7925,140.00,27.42,35.0000,24.3141,10.6859,600.0000,27.42,119.76,3.0300,2.10,294.83,1.169558e-03
5137,36.7156,140.00,27.93,35.0000,24.3141,10.6859,600.0000,27.93,119.76,3.0300,0.00,294.82,1.169709e-03
5138,36.7404,140.00,28.42,35.0000,24.3141,10.6859,600.0000,28.41,119.76,3.0300,2.69,294.80,1.169860e-03
5139,36.4833,140.00,28.83,35.0000,24.3141,10.6859,600.0000,28.82,119.76,3.0300,2.51,294.79,1.170011e-03
5140,35.9010,140.00,29.14,35.0000,24.3141,10.6859,600.0000,29.14,119.76,3.0300,2.05,294.78,1.170162e-03
5141,36.1458,140.00,29.33,35.0000,24.3141,10.6859,600.0000,29.34,119.76,3.0300,0.00,294.76,1.170313e-03
5142,35.9771,140.00,29.40,35.0000,24.3141,10.6859,600.0000,29.40,119.76,3.0300,2.19,294.75,1.170464e-03
5143,36.1431,140.00,29.32,35.0000,24.3141,10.6859,600.0000,29.33,119.76,3.0300,0.00,294.74,1.170615e-03
5144,36.7459,140.00,29.13,35.0000,24.3141,10.6859,600.0000,29.13,119.76,3.0300,2.19,294.73,1.170766e-03
5145,36.6866,140.00,28.82,35.0000,24.3141,10.6859,600.0000,28.81,119.76,3.0300,2.63,294.71,1.170917e-03
5146,36.7873,140.00,28.38,35.0000,24.3141,10.6859,600.0000,28.39,119.76,3.0300,0.00,294.70,1.171068e-03
5147,36.4375,140.00,27.92,35.0000,24.3141,10.6859,600.0000,27.90,119.76,3.0300,2.70,294.69,1.171219e-03
5148,36.3141,140.00,27.38,35.0000,24.3141,10.6859,600.0000,27.38,119.76,3.0300,0.00,294.67,1.171370e-03
5149,36.1856,140.00,26.86,35.0000,24.3141,10.6859,600.0000,26.86,119.76,3.0300,0.00,294.66,1.171521e-03
5150,36.8731,140.00,26.38,35.0000,24.3141,10.6859,600.0000,26.38,119.76,3.0300,1.67,294.65,1.171672e-03
5151,36.0034,140.00,25.97,35.0000,24.3141,10.6859,600.0000,25.96,119.76,3.0300,2.75,294.63,1.171823e-03
5152,36.9227,140.00,25.64,35.0000,24.3141,10.6859,600.0000,25.64,119.76,3.0300,0.00,294.62,1.171974e-03
5153,36.4268,140.00,25.44,35.0000,24.3141,10.6859,600.0000,25.44,119.76,3.0300,2.03,294.61,1.172125e-03
5154,36.4994,140.00,25.37,35.0000,24.3141,10.6859,600.0000,25.36,119.76,3.0300,2.00,294.59,1.172276e-03
5155,36.0974,140.00,25.43,35.0000,24.3141,10.6859,600.0000,25.43,119.76,3.0300,0.00,294.58,1.172427e-03
5156,36.7709,140.00,25.63,35.0000,24.3141,10.6859,600.0000,25.63,119.76,3.0300,2.13,294.57,1.172578e-03
5157,36.6247,140.00,25.94,35.0000,24.3141,10.6859,600.0000,25.94,119.76,3.0300,0.00,294.56,1.172729e-03
5158,36.1875,140.00,26.35,35.0000,24.3141,10.6859,600.0000,26.35,119.76,3.0300,0.00,294.54,1.172880e-03
5159,36.4827,140.00,26.84,35.0000,24.3141,10.6859,600.0000,26.83,119.76,3.0300,2.52,294.53,1.173031e-03
5160,36.9391,140.00,27.35,35.0000,24.3141,10.6859,600.0000,27.35,119.76,3.0300,2.29,294.52,1.173182e-03
5161,36.2866,140.00,27.86,35.0000,24.3141,10.6859,600.0000,27.86,119.76,3.0300,0.00,294.50,1.173333e-03
5162,36.7399,140.00,28.34,35.0000,24.3141,10.6859,600.0000,28.34,119.76,3.0300,2.18,294.49,1.173484e-03
5163,36.4251,140.00,28.76,35.0000,24.3141,10.6859,600.0000,28.75,119.76,3.0300,2.56,294.48,1.173635e-03
5164,36.4125,140.00,29.06,35.0000,24.3141,10.6859,600.0000,29.07,119.76,3.0300,0.00,294.46,1.173786e-03
5165,36.3389,140.00,29.26,35.0000,24.3141,10.6859,600.0000,29.26,119.76,3.0300,0.00,294.45,1.173937e-03
5166,36.5980,140.00,29.33,35.0000,24.3141,10.6859,600.0000,29.33,119.76,3.0300,1.67,294.44,1.174088e-03
5167,36.1945,140.00,29.26,35.0000,24.3141,10.6859,600.0000,29.26,119.76,3.0300,2.44,294.42,1.174239e-03
5168,36.9996,140.00,29.06,35.0000,24.3141,10.6859,600.0000,29.05,119.76,3.0300,2.63,294.41,1.174390e-03
5169,36.3846,140.00,28.74,35.0000,24.3141,10.6859,600.0000,28.73,119.76,3.0300,2.42,294.40,1.174540e-03
5170,36.2034,140.00,28.32,35.0000,24.3141,10.6859,600.0000,28.32,119.76,3.0300,2.59,294.38,1.174691e-03
5171,36.9581,140.00,27.83,35.0000,24.3141,10.6859,600.0000,27.83,119.76,3.0300,2.36,294.37,1.174842e-03
5172,36.1372,140.00,27.32,35.0000,24.3141,10.6859,600.0000,27.31,119.76,3.0300,2.79,294.36,1.174993e-03
5173,36.7046,140.00,26.79,35.0000,24.3141,10.6859,600.0000,26.79,119.76,3.0300,2.46,294.35,1.175144e-03
5174,36.5710,140.00,26.30,35.0000,24.3141,10.6859,600.0000,26.30,119.76,3.0300,0.00,294.33,1.175295e-03
5175,36.2492,140.00,25.89,35.0000,24.3141,10.6859,600.0000,25.89,119.76,3.0300,2.48,294.32,1.175446e-03
5176,36.6209,140.00,25.57,35.0000,24.3141,10.6859,600.0000,25.57,119.76,3.0300,1.88,294.31,1.175597e-03
5177,36.1745,140.00,25.35,35.0000,24.3141,10.6859,600.0000,25.36,119.76,3.0300,0.00,294.29,1.175748e-03
5178,36.6495,140.00,25.29,35.0000,24.3141,10.6859,600.0000,25.29,119.76,3.0300,2.17,294.28,1.175899e-03
5179,36.3966,140.00,25.36,35.0000,24.3141,10.6859,600.0000,25.36,119.76,3.0300,2.46,294.27,1.176050e-03
5180,36.9704,140.00,25.56,35.0000,24.3141,10.6859,600.0000,25.55,119.76,3.0300,2.43,294.25,1.176201e-03
5181,36.7436,140.00,25.87,35.0000,24.3141,10.6859,600.0000,25.87,119.76,3.0300,0.00,294.24,1.176352e-03
5182,36.9042,140.00,26.28,35.0000,24.3141,10.6859,600.0000,26.28,119.76,3.0300,2.05,294.23,1.176503e-03
5183,36.7073,140.00,26.76,35.0000,24.3141,10.6859,600.0000,26.76,119.76,3.0300,2.09,294.21,1.176654e-03
5184,36.6198,140.00,27.27,35.0000,24.3141,10.6859,600.0000,27.27,119.76,3.0300,0.00,294.20,1.176805e-03
5185,36.4271,140.00,27.80,35.0000,24.3141,10.6859,600.0000,27.79,119.76,3.0300,2.63,294.19,1.176956e-03
5186,36.9367,140.00,28.27,35.0000,24.3141,10.6859,600.0000,28.27,119.76,3.0300,0.00,294.18,1.177107e-03
5187,36.5313,140.00,28.68,35.0000,24.3141,10.6859,600.0000,28.68,119.76,3.0300,2.29,294.16,1.177258e-03
5188,36.5859,140.00,28.99,35.0000,24.3141,10.6859,600.0000,28.99,119.76,3.0300,0.00,294.15,1.177409e-03
5189,37.1497,140.00,29.19,35.0000,24.3141,10.6859,600.0000,29.19,119.76,3.0300,2.31,294.14,1.177560e-03
5190,36.2749,140.00,29.25,35.0000,24.3141,10.6859,600.0000,29.26,119.76,3.0300,0.00,294.12,1.177711e-03
5191,36.9083,140.00,29.19,35.0000,24.3141,10.6859,600.0000,29.18,119.76,3.0300,2.35,294.11,1.177862e-03
5192,36.9933,140.00,28.98,35.0000,24.3141,10.6859,600.0000,28.98,119.76,3.0300,0.00,294.10,1.178013e-03
5193,36.5126,140.00,28.66,35.0000,24.3141,10.6859,600.0000,28.66,119.76,3.0300,2.15,294.08,1.178163e-03
5194,36.9922,140.00,28.25,35.0000,24.3141,10.6859,600.0000,28.24,119.76,3.0300,2.50,294.07,1.178314e-03
5195,36.6111,140.00,27.77,35.0000,24.3141,10.6859,600.0000,27.76,119.76,3.0300,2.62,294.06,1.178465e-03
5196,36.9931,140.00,27.24,35.0000,24.3141,10.6859,600.0000,27.24,119.76,3.0300,2.47,294.05,1.178616e-03
5197,36.7212,140.00,26.72,35.0000,24.3141,10.6859,600.0000,26.72,119.76,3.0300,2.31,294.03,1.178767e-03
5198,37.0562,140.00,26.23,35.0000,24.3141,10.6859,600.0000,26.23,119.76,3.0300,0.00,294.02,1.178918e-03
5199,36.9041,140.00,25.82,35.0000,24.3141,10.6859,600.0000,25.81,119.76,3.0300,1.94,294.01,1.179069e-03
5200,36.8571,140.00,25.49,35.0000,24.3141,10.6859,600.0000,25.49,119.76,3.0300,0.00,293.99,1.179220e-03
5201,36.7597,140.00,25.30,35.0000,24.3141,10.6859,600.0000,25.29,119.76,3.0300,2.52,293.98,1.179371e-03
5202,36.2366,140.00,25.22,35.0000,24.3141,10.6859,600.0000,25.22,119.76,3.0300,0.00,293.97,1.179522e-03
5203,36.8195,140.00,25.29,35.0000,24.3141,10.6859,600.0000,25.29,119.76,3.0300,1.99,293.95,1.179673e-03
5204,36.3780,140.00,25.48,35.0000,24.3141,10.6859,600.0000,25.48,119.76,3.0300,0.00,293.94,1.179824e-03
5205,36.6856,140.00,25.80,35.0000,24.3141,10.6859,600.0000,25.80,119.76,3.0300,0.00,293.93,1.179975e-03
5206,36.6189,140.00,26.21,35.0000,24.3141,10.6859,600.0000,26.21,119.76,3.0300,2.50,293.91,1.180126e-03
5207,36.4088,140.00,26.68,35.0000,24.3141,10.6859,600.0000,26.69,119.76,3.0300,0.00,293.90,1.180277e-03
5208,36.7828,140.00,27.21,35.0000,24.3141,10.6859,600.0000,27.20,119.76,3.0300,2.45,293.89,1.180428e-03
5209,36.7003,140.00,27.72,35.0000,24.3141,10.6859,600.0000,27.72,119.76,3.0300,1.97,293.88,1.180578e-03
5210,36.5576,140.00,28.19,35.0000,24.3141,10.6859,600.0000,28.20,119.76,3.0300,0.00,293.86,1.180729e-03
5211,36.5119,140.00,28.61,35.0000,24.3141,10.6859,600.0000,28.61,119.76,3.0300,2.42,293.85,1.180880e-03
5212,36.5288,140.00,28.93,35.0000,24.3141,10.6859,600.0000,28.92,119.76,3.0300,2.53,293.84,1.181031e-03
5213,36.8490,140.00,29.13,35.0000,24.3141,10.6859,600.0000,29.12,119.76,3.0300,2.60,293.82,1.181182e-03
5214,36.3790,140.00,29.19,35.0000,24.3141,10.6859,600.0000,29.18,119.76,3.0300,2.27,293.81,1.181333e-03
5215,36.5078,140.00,29.11,35.0000,24.3141,10.6859,600.0000,29.11,119.76,3.0300,0.00,293.80,1.181484e-03
5216,36.7207,140.00,28.90,35.0000,24.3141,10.6859,600.0000,28.91,119.76,3.0300,0.00,293.78,1.181635e-03
5217,37.1019,140.00,28.59,35.0000,24.3141,10.6859,600.0000,28.59,119.76,3.0300,0.00,293.77,1.181786e-03
5218,36.8109,140.00,28.17,35.0000,24.3141,10.6859,600.0000,28.17,119.76,3.0300,2.12,293.76,1.181937e-03
5219,36.9059,140.00,27.69,35.0000,24.3141,10.6859,600.0000,27.69,119.76,3.0300,0.00,293.75,1.182088e-03
5220,36.3361,140.00,27.17,35.0000,24.3141,10.6859,600.0000,27.17,119.76,3.0300,2.21,293.73,1.182239e-03
5221,36.7980,140.00,26.65,35.0000,24.3141,10.6859,600.0000,26.65,119.76,3.0300,2.18,293.72,1.182389e-03
5222,36.6843,140.00,26.17,35.0000,24.3141,10.6859,600.0000,26.16,119.76,3.0300,2.67,293.71,1.182540e-03
5223,36.8977,140.00,25.74,35.0000,24.3141,10.6859,600.0000,25.74,119.76,3.0300,0.00,293.69,1.182691e-03
5224,37.1787,140.00,25.42,35.0000,24.3141,10.6859,600.0000,25.42,119.76,3.0300,0.00,293.68,1.182842e-03
5225,37.1398,140.00,25.22,35.0000,24.3141,10.6859,600.0000,25.22,119.76,3.0300,0.00,293.67,1.182993e-03
5226,37.2268,140.00,25.15,35.0000,24.3141,10.6859,600.0000,25.15,119.76,3.0300,1.95,293.65,1.183144e-03
5227,37.0361,140.00,25.22,35.0000,24.3141,10.6859,600.0000,25.21,119.76,3.0300,2.24,293.64,1.183295e-03
5228,37.0362,140.00,25.41,35.0000,24.3141,10.6859,600.0000,25.41,119.76,3.0300,0.00,293.63,1.183446e-03
5229,36.6907,140.00,25.72,35.0000,24.3141,10.6859,600.0000,25.73,119.76,3.0300,0.00,293.62,1.183597e-03
5230,36.8423,140.00,26.14,35.0000,24.3141,10.6859,600.0000,26.14,119.76,3.0300,2.36,293.60,1.183748e-03
5231,36.5426,140.00,26.62,35.0000,24.3141,10.6859,600.0000,26.62,119.76,3.0300,0.72,293.59,1.183899e-03
5232,36.4699,140.00,27.13,35.0000,24.3141,10.6859,600.0000,27.13,119.76,3.0300,0.00,293.58,1.184049e-03
5233,37.1634,140.00,27.65,35.0000,24.3141,10.6859,600.0000,27.65,119.76,3.0300,2.16,293.56,1.184200e-03
5234,36.2986,140.00,28.11,35.0000,24.3141,10.6859,600.0000,28.13,119.76,3.0300,0.00,293.55,1.184351e-03
5235,36.5595,140.00,28.53,35.0000,24.3141,10.6859,600.0000,28.54,119.76,3.0300,0.00,293.54,1.184502e-03
5236,36.7293,140.00,28.85,35.0000,24.3141,10.6859,600.0000,28.85,119.76,3.0300,0.00,293.52,1.184653e-03
5237,36.8356,140.00,29.05,35.0000,24.3141,10.6859,600.0000,29.05,119.76,3.0300,2.35,293.51,1.184804e-03
5238,37.1839,140.00,29.12,35.0000,24.3141,10.6859,600.0000,29.11,119.76,3.0300,2.43,293.50,1.184955e-03
5239,36.4791,140.00,29.05,35.0000,24.3141,10.6859,600.0000,29.04,119.76,3.0300,2.61,293.49,1.185106e-03
5240,36.5275,140.00,28.85,35.0000,24.3141,10.6859,600.0000,28.84,119.76,3.0300,2.69,293.47,1.185257e-03
5241,37.0673,140.00,28.52,35.0000,24.3141,10.6859,600.0000,28.52,119.76,3.0300,2.37,293.46,1.185408e-03
5242,36.4263,140.00,28.10,35.0000,24.3141,10.6859,600.0000,28.10,119.76,3.0300,0.00,293.45,1.185558e-03
5243,36.6350,140.00,27.61,35.0000,24.3141,10.6859,600.0000,27.62,119.76,3.0300,0.00,293.43,1.185709e-03
5244,36.4687,140.00,27.09,35.0000,24.3141,10.6859,600.0000,27.10,119.76,3.0300,0.00,293.42,1.185860e-03
5245,36.2531,140.00,26.58,35.0000,24.3141,10.6859,600.0000,26.58,119.76,3.0300,2.42,293.41,1.186011e-03
5246,36.2909,140.00,26.08,35.0000,24.3141,10.6859,600.0000,26.09,119.76,3.0300,0.00,293.39,1.186162e-03
5247,36.5405,140.00,25.68,35.0000,24.3141,10.6859,600.0000,25.67,119.76,3.0300,2.26,293.38,1.186313e-03
5248,36.9577,140.00,25.36,35.0000,24.3141,10.6859,600.0000,25.35,119.76,3.0300,2.45,293.37,1.186464e-03
5249,36.4825,140.00,25.15,35.0000,24.3141,10.6859,600.0000,25.15,119.76,3.0300,0.00,293.36,1.186615e-03
5250,36.5099,140.00,25.08,35.0000,24.3141,10.6859,600.0000,25.08,119.76,3.0300,2.33,293.34,1.186765e-03
5251,36.9919,140.00,25.14,35.0000,24.3141,10.6859,600.0000,25.14,119.76,3.0300,0.00,293.33,1.186916e-03
5252,36.8212,140.00,25.34,35.0000,24.3141,10.6859,600.0000,25.34,119.76,3.0300,2.17,293.32,1.187067e-03
5253,36.9993,140.00,25.66,35.0000,24.3141,10.6859,600.0000,25.66,119.76,3.0300,2.35,293.30,1.187218e-03
5254,37.0088,140.00,26.07,35.0000,24.3141,10.6859,600.0000,26.07,119.76,3.0300,0.73,293.29,1.187369e-03
5255,36.7743,140.00,26.55,35.0000,24.3141,10.6859,600.0000,26.55,119.76,3.0300,2.56,293.28,1.187520e-03
5256,36.6492,140.00,27.06,35.0000,24.3141,10.6859,600.0000,27.06,119.76,3.0300,0.00,293.26,1.187671e-03
5257,37.0379,140.00,27.58,35.0000,24.3141,10.6859,600.0000,27.58,119.76,3.0300,2.42,293.25,1.187822e-03
5258,36.6654,140.00,28.06,35.0000,24.3141,10.6859,600.0000,28.06,119.76,3.0300,2.21,293.24,1.187972e-03
5259,36.8729,140.00,28.48,35.0000,24.3141,10.6859,600.0000,28.47,119.76,3.0300,2.62,293.23,1.188123e-03
5260,36.4567,140.00,28.79,35.0000,24.3141,10.6859,600.0000,28.78,119.76,3.0300,2.42,293.21,1.188274e-03
5261,36.3576,140.00,28.98,35.0000,24.3141,10.6859,600.0000,28.98,119.76,3.0300,0.00,293.20,1.188425e-03
5262,36.4576,140.00,29.04,35.0000,24.3141,10.6859,600.0000,29.04,119.76,3.0300,1.76,293.19,1.188576e-03
5263,36.2042,140.00,28.99,35.0000,24.3141,10.6859,600.0000,28.97,119.76,3.0300,2.83,293.17,1.188727e-03
5264,36.9392,140.00,28.78,35.0000,24.3141,10.6859,600.0000,28.77,119.76,3.0300,2.57,293.16,1.188878e-03
5265,36.7906,140.00,28.45,35.0000,24.3141,10.6859,600.0000,28.45,119.76,3.0300,0.00,293.15,1.189029e-03
5266,37.0713,140.00,28.04,35.0000,24.3141,10.6859,600.0000,28.03,119.76,3.0300,2.46,293.13,1.189179e-03
5267,36.4001,140.00,27.55,35.0000,24.3141,10.6859,600.0000,27.55,119.76,3.0300,2.51,293.12,1.189330e-03
5268,36.6060,140.00,27.04,35.0000,24.3141,10.6859,600.0000,27.03,119.76,3.0300,2.66,293.11,1.189481e-03
5269,36.1509,140.00,26.51,35.0000,24.3141,10.6859,600.0000,26.51,119.76,3.0300,2.56,293.10,1.189632e-03
5270,37.0284,140.00,26.03,35.0000,24.3141,10.6859,600.0000,26.02,119.76,3.0300,2.49,293.08,1.189783e-03
5271,36.1076,140.00,25.60,35.0000,24.3141,10.6859,600.0000,25.60,119.76,3.0300,0.00,293.07,1.189934e-03
5272,36.7077,140.00,25.29,35.0000,24.3141,10.6859,600.0000,25.28,119.76,3.0300,2.34,293.06,1.190085e-03
5273,36.6586,140.00,25.08,35.0000,24.3141,10.6859,600.0000,25.08,119.76,3.0300,1.85,293.04,1.190235e-03
5274,36.7874,140.00,25.01,35.0000,24.3141,10.6859,600.0000,25.01,119.76,3.0300,2.30,293.03,1.190386e-03
5275,36.8711,140.00,25.07,35.0000,24.3141,10.6859,600.0000,25.07,119.76,3.0300,0.00,293.02,1.190537e-03
5276,36.3511,140.00,25.28,35.0000,24.3141,10.6859,600.0000,25.27,119.76,3.0300,2.38,293.01,1.190688e-03
5277,36.0523,140.00,25.58,35.0000,24.3141,10.6859,600.0000,25.59,119.76,3.0300,0.00,292.99,1.190839e-03
5278,36.4945,140.00,26.00,35.0000,24.3141,10.6859,600.0000,26.00,119.76,3.0300,2.48,292.98,1.190990e-03
5279,36.7501,140.00,26.47,35.0000,24.3141,10.6859,600.0000,26.48,119.76,3.0300,0.00,292.97,1.191141e-03
5280,36.9424,140.00,27.00,35.0000,24.3141,10.6859,600.0000,26.99,119.76,3.0300,2.53,292.95,1.191291e-03
5281,36.4527,140.00,27.51,35.0000,24.3141,10.6859,600.0000,27.51,119.76,3.0300,2.02,292.94,1.191442e-03
5282,36.1278,140.00,27.98,35.0000,24.3141,10.6859,600.0000,27.99,119.76,3.0300,0.00,292.93,1.191593e-03
5283,36.9117,140.00,28.40,35.0000,24.3141,10.6859,600.0000,28.40,119.76,3.0300,1.98,292.91,1.191744e-03
5284,36.6318,140.00,28.71,35.0000,24.3141,10.6859,600.0000,28.71,119.76,3.0300,0.00,292.90,1.191895e-03
5285,36.4576,140.00,28.92,35.0000,24.3141,10.6859,600.0000,28.91,119.76,3.0300,2.76,292.89,1.192046e-03
5286,36.4247,140.00,28.98,35.0000,24.3141,10.6859,600.0000,28.97,119.76,3.0300,2.33,292.88,1.192197e-03
5287,35.9939,140.00,28.90,35.0000,24.3141,10.6859,600.0000,28.90,119.76,3.0300,0.00,292.86,1.192347e-03
5288,36.2760,140.00,28.69,35.0000,24.3141,10.6859,600.0000,28.70,119.76,3.0300,0.00,292.85,1.192498e-03
5289,36.8737,140.00,28.39,35.0000,24.3141,10.6859,600.0000,28.38,119.76,3.0300,2.51,292.84,1.192649e-03
5290,36.0916,140.00,27.97,35.0000,24.3141,10.6859,600.0000,27.96,119.76,3.0300,2.71,292.82,1.192800e-03
5291,36.1441,140.00,27.48,35.0000,24.3141,10.6859,600.0000,27.48,119.76,3.0300,0.00,292.81,1.192951e-03
5292,35.9388,140.00,26.96,35.0000,24.3141,10.6859,600.0000,26.96,119.76,3.0300,2.01,292.80,1.193102e-03
5293,36.6131,140.00,26.44,35.0000,24.3141,10.6859,600.0000,26.44,119.76,3.0300,2.11,292.79,1.193252e-03
5294,36.4898,140.00,25.96,35.0000,24.3141,10.6859,600.0000,25.95,119.76,3.0300,2.73,292.77,1.193403e-03
5295,36.6067,140.00,25.53,35.0000,24.3141,10.6859,600.0000,25.53,119.76,3.0300,0.00,292.76,1.193554e-03
5296,36.7045,140.00,25.21,35.0000,24.3141,10.6859,600.0000,25.21,119.76,3.0300,0.00,292.75,1.193705e-03
5297,35.8828,140.00,25.02,35.0000,24.3141,10.6859,600.0000,25.01,119.76,3.0300,2.59,292.73,1.193856e-03
5298,36.4608,140.00,24.94,35.0000,24.3141,10.6859,600.0000,24.94,119.76,3.0300,0.00,292.72,1.194007e-03
5299,36.6774,140.00,25.01,35.0000,24.3141,10.6859,600.0000,25.01,119.76,3.0300,2.38,292.71,1.194157e-03
5300,36.5474,140.00,25.20,35.0000,24.3141,10.6859,600.0000,25.20,119.76,3.0300,0.00,292.69,1.194308e-03
5301,36.8101,140.00,25.53,35.0000,24.3141,10.6859,600.0000,25.52,119.76,3.0300,2.56,292.68,1.194459e-03
5302,36.5472,140.00,25.93,35.0000,24.3141,10.6859,600.0000,25.93,119.76,3.0300,2.31,292.67,1.194610e-03
5303,35.9630,140.00,26.42,35.0000,24.3141,10.6859,600.0000,26.41,119.76,3.0300,2.71,292.66,1.194761e-03
5304,36.0360,140.00,26.93,35.0000,24.3141,10.6859,600.0000,26.92,119.76,3.0300,2.62,292.64,1.194912e-03
5305,36.2113,140.00,27.44,35.0000,24.3141,10.6859,600.0000,27.44,119.76,3.0300,0.00,292.63,1.195062e-03
5306,36.6253,140.00,27.92,35.0000,24.3141,10.6859,600.0000,27.92,119.76,3.0300,2.44,292.62,1.195213e-03
5307,36.2339,140.00,28.34,35.0000,24.3141,10.6859,600.0000,28.33,119.76,3.0300,2.62,292.60,1.195364e-03
5308,36.7075,140.00,28.65,35.0000,24.3141,10.6859,600.0000,28.64,119.76,3.0300,2.67,292.59,1.195515e-03
5309,36.1052,140.00,28.86,35.0000,24.3141,10.6859,600.0000,28.84,119.76,3.0300,2.91,292.58,1.195666e-03
5310,35.9689,140.00,28.91,35.0000,24.3141,10.6859,600.0000,28.91,119.76,3.0300,0.00,292.57,1.195817e-03
5311,36.4687,140.00,28.83,35.0000,24.3141,10.6859,600.0000,28.84,119.76,3.0300,0.00,292.55,1.195967e-03
5312,36.0158,140.00,28.64,35.0000,24.3141,10.6859,600.0000,28.63,119.76,3.0300,2.27,292.54,1.196118e-03
5313,36.5093,140.00,28.32,35.0000,24.3141,10.6859,600.0000,28.31,119.76,3.0300,2.55,292.53,1.196269e-03
5314,36.5063,140.00,27.90,35.0000,24.3141,10.6859,600.0000,27.90,119.76,3.0300,2.19,292.51,1.196420e-03
5315,36.4914,140.00,27.41,35.0000,24.3141,10.6859,600.0000,27.41,119.76,3.0300,1.88,292.50,1.196571e-03
5316,35.9443,140.00,26.89,35.0000,24.3141,10.6859,600.0000,26.89,119.76,3.0300,0.00,292.49,1.196721e-03
5317,36.4997,140.00,26.38,35.0000,24.3141,10.6859,600.0000,26.37,119.76,3.0300,2.62,292.48,1.196872e-03
5318,36.5021,140.00,25.89,35.0000,24.3141,10.6859,600.0000,25.88,119.76,3.0300,2.34,292.46,1.197023e-03
5319,36.3883,140.00,25.46,35.0000,24.3141,10.6859,600.0000,25.47,119.76,3.0300,0.00,292.45,1.197174e-03
5320,35.7442,140.00,25.13,35.0000,24.3141,10.6859,600.0000,25.15,119.76,3.0300,0.00,292.44,1.197325e-03
5321,36.3826,140.00,24.96,35.0000,24.3141,10.6859,600.0000,24.94,119.76,3.0300,2.71,292.42,1.197475e-03
5322,35.8160,140.00,24.86,35.0000,24.3141,10.6859,600.0000,24.87,119.76,3.0300,0.00,292.41,1.197626e-03
5323,36.4831,140.00,24.94,35.0000,24.3141,10.6859,600.0000,24.94,119.76,3.0300,0.00,292.40,1.197777e-03
5324,36.2503,140.00,25.14,35.0000,24.3141,10.6859,600.0000,25.14,119.76,3.0300,2.32,292.38,1.197928e-03
5325,36.0231,140.00,25.46,35.0000,24.3141,10.6859,600.0000,25.45,119.76,3.0300,2.68,292.37,1.198079e-03
5326,36.0388,140.00,25.86,35.0000,24.3141,10.6859,600.0000,25.86,119.76,3.0300,2.24,292.36,1.198230e-03
5327,36.2483,140.00,26.35,35.0000,24.3141,10.6859,600.0000,26.34,119.76,3.0300,2.63,292.35,1.198380e-03
5328,36.2075,140.00,26.85,35.0000,24.3141,10.6859,600.0000,26.86,119.76,3.0300,0.00,292.33,1.198531e-03
5329,35.9763,140.00,27.37,35.0000,24.3141,10.6859,600.0000,27.37,119.76,3.0300,0.00,292.32,1.198682e-03
5330,35.8330,140.00,27.86,35.0000,24.3141,10.6859,600.0000,27.85,119.76,3.0300,2.56,292.31,1.198833e-03
5331,35.7487,140.00,28.26,35.0000,24.3141,10.6859,600.0000,28.26,119.76,3.0300,1.77,292.29,1.198984e-03
5332,35.9490,140.00,28.58,35.0000,24.3141,10.6859,600.0000,28.58,119.76,3.0300,0.00,292.28,1.199134e-03
5333,36.1998,140.00,28.77,35.0000,24.3141,10.6859,600.0000,28.77,119.76,3.0300,0.00,292.27,1.199285e-03
5334,36.1922,140.00,28.83,35.0000,24.3141,10.6859,600.0000,28.84,119.76,3.0300,0.00,292.26,1.199436e-03
5335,35.8038,140.00,28.76,35.0000,24.3141,10.6859,600.0000,28.77,119.76,3.0300,0.00,292.24,1.199587e-03
5336,35.5008,140.00,28.56,35.0000,24.3141,10.6859,600.0000,28.57,119.76,3.0300,0.00,292.23,1.199738e-03
5337,36.0653,140.00,28.25,35.0000,24.3141,10.6859,600.0000,28.25,119.76,3.0300,2.51,292.22,1.199888e-03
5338,35.7372,140.00,27.83,35.0000,24.3141,10.6859,600.0000,27.83,119.76,3.0300,2.41,292.20,1.200039e-03
5339,36.1839,140.00,27.36,35.0000,24.3141,10.6859,600.0000,27.34,119.76,3.0300,2.79,292.19,1.200190e-03
5340,35.9109,140.00,26.83,35.0000,24.3141,10.6859,600.0000,26.82,119.76,3.0300,2.68,292.18,1.200341e-03
5341,35.7506,140.00,26.31,35.0000,24.3141,10.6859,600.0000,26.30,119.76,3.0300,2.71,292.17,1.200491e-03
5342,36.0936,140.00,25.82,35.0000,24.3141,10.6859,600.0000,25.82,119.76,3.0300,2.33,292.15,1.200642e-03
5343,35.4687,140.00,25.39,35.0000,24.3141,10.6859,600.0000,25.40,119.76,3.0300,0.00,292.14,1.200793e-03
5344,36.3198,140.00,25.08,35.0000,24.3141,10.6859,600.0000,25.08,119.76,3.0300,0.00,292.13,1.200944e-03
5345,36.2565,140.00,24.88,35.0000,24.3141,10.6859,600.0000,24.88,119.76,3.0300,0.00,292.11,1.201095e-03
5346,35.9652,140.00,24.81,35.0000,24.3141,10.6859,600.0000,24.81,119.76,3.0300,2.52,292.10,1.201245e-03
5347,36.1907,140.00,24.88,35.0000,24.3141,10.6859,600.0000,24.87,119.76,3.0300,2.61,292.09,1.201396e-03
5348,36.0069,140.00,25.08,35.0000,24.3141,10.6859,600.0000,25.07,119.76,3.0300,2.78,292.08,1.201547e-03
5349,35.7629,140.00,25.41,35.0000,24.3141,10.6859,600.0000,25.38,119.76,3.0300,3.02,292.06,1.201698e-03
5350,36.1350,140.00,25.81,35.0000,24.3141,10.6859,600.0000,25.80,119.76,3.0300,2.81,292.05,1.201849e-03
5351,35.9583,140.00,26.28,35.0000,24.3141,10.6859,600.0000,26.27,119.76,3.0300,2.56,292.04,1.201999e-03
5352,35.2247,140.00,26.77,35.0000,24.3141,10.6859,600.0000,26.79,119.76,3.0300,0.00,292.02,1.202150e-03
5353,35.3372,140.00,27.30,35.0000,24.3141,10.6859,600.0000,27.30,119.76,3.0300,0.00,292.01,1.202301e-03
5354,35.3271,140.00,27.80,35.0000,24.3141,10.6859,600.0000,27.78,119.76,3.0300,2.76,292.00,1.202452e-03
5355,35.6035,140.00,28.22,35.0000,24.3141,10.6859,600.0000,28.20,119.76,3.0300,2.98,291.99,1.202602e-03
5356,35.2724,140.00,28.53,35.0000,24.3141,10.6859,600.0000,28.51,119.76,3.0300,2.98,291.97,1.202753e-03
5357,35.8078,140.00,28.72,35.0000,24.3141,10.6859,600.0000,28.71,119.76,3.0300,2.56,291.96,1.202904e-03
5358,35.4068,140.00,28.80,35.0000,24.3141,10.6859,600.0000,28.77,119.76,3.0300,3.06,291.95,1.203055e-03
5359,35.1902,140.00,28.72,35.0000,24.3141,10.6859,600.0000,28.70,119.76,3.0300,2.79,291.93,1.203206e-03
5360,35.6264,140.00,28.53,35.0000,24.3141,10.6859,600.0000,28.50,119.76,3.0300,3.05,291.92,1.203356e-03
5361,35.7433,140.00,28.20,35.0000,24.3141,10.6859,600.0000,28.18,119.76,3.0300,3.01,291.91,1.203507e-03
5362,35.2447,140.00,27.77,35.0000,24.3141,10.6859,600.0000,27.76,119.76,3.0300,2.50,291.90,1.203658e-03
5363,35.3504,140.00,27.27,35.0000,24.3141,10.6859,600.0000,27.28,119.76,3.0300,0.00,291.88,1.203809e-03
5364,35.7028,140.00,26.75,35.0000,24.3141,10.6859,600.0000,26.76,119.76,3.0300,0.00,291.87,1.203959e-03
5365,35.0845,140.00,26.25,35.0000,24.3141,10.6859,600.0000,26.24,119.76,3.0300,2.71,291.86,1.204110e-03
5366,35.3692,140.00,25.74,35.0000,24.3141,10.6859,600.0000,25.75,119.76,3.0300,0.00,291.84,1.204261e-03
5367,35.4599,140.00,25.30,35.0000,24.3141,10.6859,600.0000,25.33,119.76,3.0300,0.00,291.83,1.204412e-03
5368,35.8648,140.00,25.02,35.0000,24.3141,10.6859,600.0000,25.01,119.76,3.0300,2.60,291.82,1.204562e-03
5369,35.8674,140.00,24.81,35.0000,24.3141,10.6859,600.0000,24.81,119.76,3.0300,2.25,291.81,1.204713e-03
5370,35.0437,140.00,24.73,35.0000,24.3141,10.6859,600.0000,24.74,119.76,3.0300,0.00,291.79,1.204864e-03
5371,35.7391,140.00,24.80,35.0000,24.3141,10.6859,600.0000,24.81,119.76,3.0300,0.00,291.78,1.205015e-03
5372,35.0793,140.00,25.03,35.0000,24.3141,10.6859,600.0000,25.00,119.76,3.0300,3.12,291.77,1.205166e-03
5373,35.2834,140.00,25.30,35.0000,24.3141,10.6859,600.0000,25.32,119.76,3.0300,0.00,291.75,1.205316e-03
5374,35.1625,140.00,25.70,35.0000,24.3141,10.6859,600.0000,25.73,119.76,3.0300,0.00,291.74,1.205467e-03
5375,34.9975,140.00,26.19,35.0000,24.3141,10.6859,600.0000,26.21,119.76,3.0300,0.00,291.73,1.205618e-03
5376,35.2281,140.00,26.72,35.0000,24.3141,10.6859,600.0000,26.72,119.76,3.0300,0.00,291.72,1.205769e-03
5377,35.7555,140.00,27.25,35.0000,24.3141,10.6859,600.0000,27.24,119.76,3.0300,2.78,291.70,1.205919e-03
5378,35.8135,140.00,27.71,35.0000,24.3141,10.6859,600.0000,27.72,119.76,3.0300,0.00,291.69,1.206070e-03
5379,35.0181,140.00,28.13,35.0000,24.3141,10.6859,600.0000,28.13,119.76,3.0300,2.21,291.68,1.206221e-03
5380,35.2230,140.00,28.43,35.0000,24.3141,10.6859,600.0000,28.45,119.76,3.0300,0.00,291.66,1.206372e-03
5381,35.5960,140.00,28.64,35.0000,24.3141,10.6859,600.0000,28.64,119.76,3.0300,0.00,291.65,1.206522e-03
5382,35.2852,140.00,28.70,35.0000,24.3141,10.6859,600.0000,28.71,119.76,3.0300,0.00,291.64,1.206673e-03
5383,35.3529,140.00,28.65,35.0000,24.3141,10.6859,600.0000,28.64,119.76,3.0300,2.78,291.63,1.206824e-03
5384,35.4058,140.00,28.45,35.0000,24.3141,10.6859,600.0000,28.43,119.76,3.0300,2.71,291.61,1.206975e-03
5385,35.1103,140.00,28.10,35.0000,24.3141,10.6859,600.0000,28.11,119.76,3.0300,0.00,291.60,1.207125e-03
5386,35.0810,140.00,27.69,35.0000,24.3141,10.6859,600.0000,27.70,119.76,3.0300,0.00,291.59,1.207276e-03
5387,35.0836,140.00,27.20,35.0000,24.3141,10.6859,600.0000,27.21,119.76,3.0300,0.00,291.58,1.207427e-03
5388,34.8592,140.00,26.65,35.0000,24.3141,10.6859,600.0000,26.69,119.76,3.0300,0.00,291.56,1.207578e-03
5389,35.0348,140.00,26.21,35.0000,24.3141,10.6859,600.0000,26.17,119.76,3.0300,3.20,291.55,1.207728e-03
5390,35.2193,140.00,25.68,35.0000,24.3141,10.6859,600.0000,25.69,119.76,3.0300,0.00,291.54,1.207879e-03
5391,35.4580,140.00,25.28,35.0000,24.3141,10.6859,600.0000,25.27,119.76,3.0300,2.66,291.52,1.208030e-03
5392,35.3418,140.00,24.96,35.0000,24.3141,10.6859,600.0000,24.95,119.76,3.0300,2.63,291.51,1.208181e-03
5393,35.3775,140.00,24.75,35.0000,24.3141,10.6859,600.0000,24.75,119.76,3.0300,2.35,291.50,1.208331e-03
5394,34.7724,140.00,24.65,35.0000,24.3141,10.6859,600.0000,24.68,119.76,3.0300,0.00,291.49,1.208482e-03
5395,35.0011,140.00,24.72,35.0000,24.3141,10.6859,600.0000,24.74,119.76,3.0300,0.00,291.47,1.208633e-03
5396,34.7454,140.00,24.96,35.0000,24.3141,10.6859,600.0000,24.94,119.76,3.0300,2.93,291.46,1.208784e-03
5397,34.9787,140.00,25.31,35.0000,24.3141,10.6859,600.0000,25.25,119.76,3.0300,3.39,291.45,1.208934e-03
5398,34.7956,140.00,25.64,35.0000,24.3141,10.6859,600.0000,25.67,119.76,3.0300,0.00,291.43,1.209085e-03
5399,35.1827,140.00,26.14,35.0000,24.3141,10.6859,600.0000,26.14,119.76,3.0300,0.00,291.42,1.209236e-03
5400,34.8249,140.00,26.65,35.0000,24.3141,10.6859,600.0000,26.66,119.76,3.0300,0.00,291.41,1.209386e-03
5401,34.7207,140.00,27.18,35.0000,24.3141,10.6859,600.0000,27.17,119.76,3.0300,2.32,291.40,1.209537e-03
5402,34.9971,140.00,27.63,35.0000,24.3141,10.6859,600.0000,27.65,119.76,3.0300,0.00,291.38,1.209688e-03
5403,35.4041,140.00,28.06,35.0000,24.3141,10.6859,600.0000,28.07,119.76,3.0300,0.00,291.37,1.209839e-03
5404,34.8888,140.00,28.36,35.0000,24.3141,10.6859,600.0000,28.38,119.76,3.0300,0.00,291.36,1.209989e-03
5405,35.2555,140.00,28.59,35.0000,24.3141,10.6859,600.0000,28.58,119.76,3.0300,2.82,291.34,1.210140e-03
5406,34.7651,140.00,28.66,35.0000,24.3141,10.6859,600.0000,28.64,119.76,3.0300,2.70,291.33,1.210291e-03
5407,34.4091,140.00,28.59,35.0000,24.3141,10.6859,600.0000,28.57,119.76,3.0300,2.92,291.32,1.210442e-03
5408,34.5520,140.00,28.35,35.0000,24.3141,10.6859,600.0000,28.37,119.76,3.0300,0.00,291.31,1.210592e-03
5409,34.6505,140.00,28.09,35.0000,24.3141,10.6859,600.0000,28.05,119.76,3.0300,3.27,291.29,1.210743e-03
5410,35.0277,140.00,27.65,35.0000,24.3141,10.6859,600.0000,27.63,119.76,3.0300,2.80,291.28,1.210894e-03
5411,34.3846,140.00,27.22,35.0000,24.3141,10.6859,600.0000,27.15,119.76,3.0300,3.55,291.27,1.211045e-03
5412,34.7594,140.00,26.64,35.0000,24.3141,10.6859,600.0000,26.63,119.76,3.0300,2.77,291.25,1.211195e-03
5413,34.6717,140.00,26.12,35.0000,24.3141,10.6859,600.0000,26.11,119.76,3.0300,2.83,291.24,1.211346e-03
5414,35.0156,140.00,25.64,35.0000,24.3141,10.6859,600.0000,25.62,119.76,3.0300,2.88,291.23,1.211497e-03
5415,34.3635,140.00,25.14,35.0000,24.3141,10.6859,600.0000,25.21,119.76,3.0300,0.00,291.22,1.211647e-03
5416,35.1557,140.00,24.89,35.0000,24.3141,10.6859,600.0000,24.89,119.76,3.0300,2.57,291.20,1.211798e-03
5417,34.3869,140.00,24.62,35.0000,24.3141,10.6859,600.0000,24.68,119.76,3.0300,0.00,291.19,1.211949e-03
5418,34.8646,140.00,24.61,35.0000,24.3141,10.6859,600.0000,24.61,119.76,3.0300,0.00,291.18,1.212100e-03
5419,34.2503,140.00,24.74,35.0000,24.3141,10.6859,600.0000,24.68,119.76,3.0300,3.46,291.17,1.212250e-03
5420,34.5710,140.00,24.83,35.0000,24.3141,10.6859,600.0000,24.87,119.76,3.0300,0.00,291.15,1.212401e-03
5421,34.9298,140.00,25.22,35.0000,24.3141,10.6859,600.0000,25.19,119.76,3.0300,3.08,291.14,1.212552e-03
5422,34.9661,140.00,25.59,35.0000,24.3141,10.6859,600.0000,25.60,119.76,3.0300,0.00,291.13,1.212702e-03
5423,34.6971,140.00,26.10,35.0000,24.3141,10.6859,600.0000,26.08,119.76,3.0300,2.86,291.11,1.212853e-03
5424,34.5727,140.00,26.61,35.0000,24.3141,10.6859,600.0000,26.60,119.76,3.0300,2.66,291.10,1.213004e-03
5425,34.7048,140.00,27.07,35.0000,24.3141,10.6859,600.0000,27.11,119.76,3.0300,0.00,291.09,1.213155e-03
5426,34.9957,140.00,27.57,35.0000,24.3141,10.6859,600.0000,27.59,119.76,3.0300,0.00,291.08,1.213305e-03
5427,34.8854,140.00,28.00,35.0000,24.3141,10.6859,600.0000,28.00,119.76,3.0300,0.00,291.06,1.213456e-03
5428,34.0841,140.00,28.35,35.0000,24.3141,10.6859,600.0000,28.32,119.76,3.0300,3.18,291.05,1.213607e-03
5429,34.6306,140.00,28.54,35.0000,24.3141,10.6859,600.0000,28.51,119.76,3.0300,3.03,291.04,1.213757e-03
5430,34.5986,140.00,28.59,35.0000,24.3141,10.6859,600.0000,28.58,119.76,3.0300,2.67,291.03,1.213908e-03
5431,34.8917,140.00,28.48,35.0000,24.3141,10.6859,600.0000,28.51,119.76,3.0300,0.00,291.01,1.214059e-03
5432,34.3289,140.00,28.33,35.0000,24.3141,10.6859,600.0000,28.31,119.76,3.0300,2.91,291.00,1.214210e-03
5433,34.1286,140.00,28.05,35.0000,24.3141,10.6859,600.0000,27.99,119.76,3.0300,3.48,290.99,1.214360e-03
5434,34.4519,140.00,27.60,35.0000,24.3141,10.6859,600.0000,27.57,119.76,3.0300,3.13,290.97,1.214511e-03
5435,34.6456,140.00,27.11,35.0000,24.3141,10.6859,600.0000,27.08,119.76,3.0300,2.99,290.96,1.214662e-03
5436,34.4116,140.00,26.55,35.0000,24.3141,10.6859,600.0000,26.56,119.76,3.0300,0.00,290.95,1.214812e-03
5437,34.8519,140.00,26.03,35.0000,24.3141,10.6859,600.0000,26.04,119.76,3.0300,0.00,290.94,1.214963e-03
5438,34.6077,140.00,25.58,35.0000,24.3141,10.6859,600.0000,25.56,119.76,3.0300,2.99,290.92,1.215114e-03
5439,34.3394,140.00,25.22,35.0000,24.3141,10.6859,600.0000,25.14,119.76,3.0300,3.66,290.91,1.215265e-03
5440,34.5456,140.00,24.79,35.0000,24.3141,10.6859,600.0000,24.82,119.76,3.0300,0.00,290.90,1.215415e-03
5441,33.9440,140.00,24.65,35.0000,24.3141,10.6859,600.0000,24.62,119.76,3.0300,3.12,290.88,1.215566e-03
5442,34.3352,140.00,24.55,35.0000,24.3141,10.6859,600.0000,24.55,119.76,3.0300,0.00,290.87,1.215717e-03
5443,34.2822,140.00,24.66,35.0000,24.3141,10.6859,600.0000,24.61,119.76,3.0300,3.34,290.86,1.215867e-03
5444,34.6297,140.00,24.79,35.0000,24.3141,10.6859,600.0000,24.81,119.76,3.0300,0.00,290.85,1.216018e-03
5445,34.0901,140.00,25.15,35.0000,24.3141,10.6859,600.0000,25.13,119.76,3.0300,3.02,290.83,1.216169e-03
5446,34.6833,140.00,25.55,35.0000,24.3141,10.6859,600.0000,25.54,119.76,3.0300,2.79,290.82,1.216319e-03
5447,34.5161,140.00,26.08,35.0000,24.3141,10.6859,600.0000,26.02,119.76,3.0300,3.50,290.81,1.216470e-03
5448,33.8389,140.00,26.59,35.0000,24.3141,10.6859,600.0000,26.53,119.76,3.0300,3.47,290.80,1.216621e-03
5449,34.3621,140.00,27.05,35.0000,24.3141,10.6859,600.0000,27.05,119.76,3.0300,2.49,290.78,1.216772e-03
5450,34.5722,140.00,27.55,35.0000,24.3141,10.6859,600.0000,27.53,119.76,3.0300,2.97,290.77,1.216922e-03
5451,34.4028,140.00,27.89,35.0000,24.3141,10.6859,600.0000,27.94,119.76,3.0300,0.00,290.76,1.217073e-03
5452,34.1528,140.00,28.23,35.0000,24.3141,10.6859,600.0000,28.26,119.76,3.0300,0.00,290.74,1.217224e-03
5453,34.5977,140.00,28.47,35.0000,24.3141,10.6859,600.0000,28.45,119.76,3.0300,2.91,290.73,1.217374e-03
5454,34.2117,140.00,28.52,35.0000,24.3141,10.6859,600.0000,28.52,119.76,3.0300,2.25,290.72,1.217525e-03
5455,33.8461,140.00,28.55,35.0000,24.3141,10.6859,600.0000,28.45,119.76,3.0300,3.82,290.71,1.217676e-03
5456,34.0654,140.00,28.23,35.0000,24.3141,10.6859,600.0000,28.25,119.76,3.0300,0.00,290.69,1.217826e-03
5457,34.1574,140.00,27.94,35.0000,24.3141,10.6859,600.0000,27.92,119.76,3.0300,2.88,290.68,1.217977e-03
5458,34.1926,140.00,27.54,35.0000,24.3141,10.6859,600.0000,27.51,119.76,3.0300,3.14,290.67,1.218128e-03
5459,33.9768,140.00,26.98,35.0000,24.3141,10.6859,600.0000,27.02,119.76,3.0300,0.00,290.66,1.218278e-03
5460,33.8166,140.00,26.49,35.0000,24.3141,10.6859,600.0000,26.50,119.76,3.0300,0.00,290.64,1.218429e-03
5461,34.2551,140.00,25.96,35.0000,24.3141,10.6859,600.0000,25.98,119.76,3.0300,0.00,290.63,1.218580e-03
5462,33.8291,140.00,25.61,35.0000,24.3141,10.6859,600.0000,25.50,119.76,3.0300,3.85,290.62,1.218730e-03
5463,34.2829,140.00,25.10,35.0000,24.3141,10.6859,600.0000,25.08,119.76,3.0300,2.85,290.60,1.218881e-03
5464,34.2111,140.00,24.68,35.0000,24.3141,10.6859,600.0000,24.76,119.76,3.0300,0.00,290.59,1.219032e-03
5465,34.5218,140.00,24.56,35.0000,24.3141,10.6859,600.0000,24.56,119.76,3.0300,0.00,290.58,1.219183e-03
5466,33.5799,140.00,24.45,35.0000,24.3141,10.6859,600.0000,24.49,119.76,3.0300,0.00,290.57,1.219333e-03
5467,33.9852,140.00,24.57,35.0000,24.3141,10.6859,600.0000,24.55,119.76,3.0300,2.79,290.55,1.219484e-03
5468,34.4862,140.00,24.71,35.0000,24.3141,10.6859,600.0000,24.75,119.76,3.0300,0.00,290.54,1.219635e-03
5469,33.9326,140.00,25.03,35.0000,24.3141,10.6859,600.0000,25.07,119.76,3.0300,0.00,290.53,1.219785e-03
5470,33.5960,140.00,25.42,35.0000,24.3141,10.6859,600.0000,25.48,119.76,3.0300,0.00,290.52,1.219936e-03
5471,33.8258,140.00,26.02,35.0000,24.3141,10.6859,600.0000,25.96,119.76,3.0300,3.49,290.50,1.220087e-03
5472,33.5354,140.00,26.37,35.0000,24.3141,10.6859,600.0000,26.47,119.76,3.0300,0.00,290.49,1.220237e-03
5473,33.8738,140.00,26.94,35.0000,24.3141,10.6859,600.0000,26.99,119.76,3.0300,0.00,290.48,1.220388e-03
5474,34.1932,140.00,27.50,35.0000,24.3141,10.6859,600.0000,27.47,119.76,3.0300,3.22,290.46,1.220539e-03
5475,33.6319,140.00,27.75,35.0000,24.3141,10.6859,600.0000,27.88,119.76,3.0300,0.00,290.45,1.220689e-03
5476,33.9082,140.00,28.16,35.0000,24.3141,10.6859,600.0000,28.19,119.76,3.0300,0.00,290.44,1.220840e-03
5477,34.1157,140.00,28.37,35.0000,24.3141,10.6859,600.0000,28.39,119.76,3.0300,0.00,290.43,1.220991e-03
5478,33.9807,140.00,28.46,35.0000,24.3141,10.6859,600.0000,28.46,119.76,3.0300,2.42,290.41,1.221141e-03
5479,33.5166,140.00,28.30,35.0000,24.3141,10.6859,600.0000,28.39,119.76,3.0300,0.00,290.40,1.221292e-03
5480,34.1255,140.00,28.22,35.0000,24.3141,10.6859,600.0000,28.18,119.76,3.0300,3.15,290.39,1.221443e-03
5481,34.2029,140.00,27.90,35.0000,24.3141,10.6859,600.0000,27.86,119.76,3.0300,3.16,290.38,1.221593e-03
5482,33.8388,140.00,27.43,35.0000,24.3141,10.6859,600.0000,27.45,119.76,3.0300,0.00,290.36,1.221744e-03
5483,34.1922,140.00,27.04,35.0000,24.3141,10.6859,600.0000,26.96,119.76,3.0300,3.62,290.35,1.221895e-03
5484,33.4326,140.00,26.51,35.0000,24.3141,10.6859,600.0000,26.44,119.76,3.0300,3.55,290.34,1.222045e-03
5485,33.9624,140.00,25.92,35.0000,24.3141,10.6859,600.0000,25.92,119.76,3.0300,0.00,290.32,1.222196e-03
5486,33.9233,140.00,25.51,35.0000,24.3141,10.6859,600.0000,25.44,119.76,3.0300,3.56,290.31,1.222347e-03
5487,33.3469,140.00,24.91,35.0000,24.3141,10.6859,600.0000,25.02,119.76,3.0300,0.00,290.30,1.222497e-03
5488,33.7504,140.00,24.80,35.0000,24.3141,10.6859,600.0000,24.70,119.76,3.0300,3.77,290.29,1.222648e-03
5489,33.4263,140.00,24.42,35.0000,24.3141,10.6859,600.0000,24.50,119.76,3.0300,0.00,290.27,1.222799e-03
5490,33.5578,140.00,24.55,35.0000,24.3141,10.6859,600.0000,24.43,119.76,3.0300,3.95,290.26,1.222949e-03
5491,33.4211,140.00,24.40,35.0000,24.3141,10.6859,600.0000,24.49,119.76,3.0300,0.00,290.25,1.223100e-03
5492,33.3964,140.00,24.77,35.0000,24.3141,10.6859,600.0000,24.69,119.76,3.0300,3.63,290.24,1.223251e-03
5493,33.7255,140.00,25.00,35.0000,24.3141,10.6859,600.0000,25.00,119.76,3.0300,0.00,290.22,1.223401e-03
5494,33.7845,140.00,25.38,35.0000,24.3141,10.6859,600.0000,25.42,119.76,3.0300,0.00,290.21,1.223552e-03
5495,34.1502,140.00,25.92,35.0000,24.3141,10.6859,600.0000,25.90,119.76,3.0300,3.05,290.20,1.223703e-03
5496,34.1800,140.00,26.50,35.0000,24.3141,10.6859,600.0000,26.41,119.76,3.0300,3.67,290.19,1.223853e-03
5497,33.8782,140.00,26.90,35.0000,24.3141,10.6859,600.0000,26.93,119.76,3.0300,0.00,290.17,1.224004e-03
5498,33.3323,140.00,27.35,35.0000,24.3141,10.6859,600.0000,27.41,119.76,3.0300,0.00,290.16,1.224155e-03
5499,33.8115,140.00,27.87,35.0000,24.3141,10.6859,600.0000,27.82,119.76,3.0300,3.37,290.15,1.224305e-03
5500,33.8566,140.00,28.11,35.0000,24.3141,10.6859,600.0000,28.13,119.76,3.0300,0.00,290.13,1.224456e-03
5501,34.1305,140.00,28.37,35.0000,24.3141,10.6859,600.0000,28.33,119.76,3.0300,3.19,290.12,1.224607e-03
5502,33.3254,140.00,28.53,35.0000,24.3141,10.6859,600.0000,28.40,119.76,3.0300,4.03,290.11,1.224757e-03
5503,33.6895,140.00,28.34,35.0000,24.3141,10.6859,600.0000,28.33,119.76,3.0300,2.90,290.10,1.224908e-03
5504,33.8724,140.00,28.16,35.0000,24.3141,10.6859,600.0000,28.12,119.76,3.0300,3.14,290.08,1.225058e-03
5505,33.2141,140.00,27.63,35.0000,24.3141,10.6859,600.0000,27.80,119.76,3.0300,0.00,290.07,1.225209e-03
5506,33.3195,140.00,27.29,35.0000,24.3141,10.6859,600.0000,27.39,119.76,3.0300,0.00,290.06,1.225360e-03
5507,33.8461,140.00,26.96,35.0000,24.3141,10.6859,600.0000,26.90,119.76,3.0300,3.40,290.05,1.225510e-03
5508,33.0912,140.00,26.26,35.0000,24.3141,10.6859,600.0000,26.38,119.76,3.0300,0.00,290.03,1.225661e-03
5509,33.3603,140.00,26.02,35.0000,24.3141,10.6859,600.0000,25.86,119.76,3.0300,4.15,290.02,1.225812e-03
5510,33.9363,140.00,25.33,35.0000,24.3141,10.6859,600.0000,25.38,119.76,3.0300,0.00,290.01,1.225962e-03
5511,33.6612,140.00,24.94,35.0000,24.3141,10.6859,600.0000,24.96,119.76,3.0300,0.00,290.00,1.226113e-03
5512,33.8621,140.00,24.56,35.0000,24.3141,10.6859,600.0000,24.64,119.76,3.0300,0.00,289.98,1.226264e-03
5513,33.7885,140.00,24.49,35.0000,24.3141,10.6859,600.0000,24.44,119.76,3.0300,3.35,289.97,1.226414e-03
5514,33.1173,140.00,24.48,35.0000,24.3141,10.6859,600.0000,24.37,119.76,3.0300,3.87,289.96,1.226565e-03
5515,33.5999,140.00,24.47,35.0000,24.3141,10.6859,600.0000,24.43,119.76,3.0300,3.14,289.94,1.226716e-03
5516,33.5127,140.00,24.59,35.0000,24.3141,10.6859,600.0000,24.63,119.76,3.0300,0.00,289.93,1.226866e-03
5517,33.6715,140.00,24.97,35.0000,24.3141,10.6859,600.0000,24.95,119.76,3.0300,2.92,289.92,1.227017e-03
5518,33.3017,140.00,25.36,35.0000,24.3141,10.6859,600.0000,25.36,119.76,3.0300,1.99,289.91,1.227167e-03
5519,33.4088,140.00,25.87,35.0000,24.3141,10.6859,600.0000,25.84,119.76,3.0300,3.20,289.89,1.227318e-03
5520,33.5290,140.00,26.48,35.0000,24.3141,10.6859,600.0000,26.35,119.76,3.0300,4.00,289.88,1.227469e-03
5521,33.2676,140.00,26.95,35.0000,24.3141,10.6859,600.0000,26.87,119.76,3.0300,3.67,289.87,1.227619e-03
5522,33.3188,140.00,27.56,35.0000,24.3141,10.6859,600.0000,27.35,119.76,3.0300,4.39,289.86,1.227770e-03
5523,32.9709,140.00,27.50,35.0000,24.3141,10.6859,600.0000,27.76,119.76,3.0300,0.00,289.84,1.227921e-03
5524,33.0208,140.00,27.96,35.0000,24.3141,10.6859,600.0000,28.07,119.76,3.0300,0.00,289.83,1.228071e-03
5525,33.6965,140.00,28.32,35.0000,24.3141,10.6859,600.0000,28.27,119.76,3.0300,3.32,289.82,1.228222e-03
5526,33.7913,140.00,28.28,35.0000,24.3141,10.6859,600.0000,28.34,119.76,3.0300,0.00,289.81,1.228373e-03
5527,33.7236,140.00,28.19,35.0000,24.3141,10.6859,600.0000,28.27,119.76,3.0300,0.00,289.79,1.228523e-03
5528,33.2185,140.00,27.88,35.0000,24.3141,10.6859,600.0000,28.06,119.76,3.0300,0.00,289.78,1.228674e-03
5529,33.0899,140.00,27.88,35.0000,24.3141,10.6859,600.0000,27.74,119.76,3.0300,4.04,289.77,1.228824e-03
5530,33.8431,140.00,27.34,35.0000,24.3141,10.6859,600.0000,27.33,119.76,3.0300,2.57,289.75,1.228975e-03
5531,33.7551,140.00,26.79,35.0000,24.3141,10.6859,600.0000,26.84,119.76,3.0300,0.00,289.74,1.229126e-03
5532,33.6404,140.00,26.35,35.0000,24.3141,10.6859,600.0000,26.32,119.76,3.0300,3.09,289.73,1.229276e-03
5533,33.7148,140.00,25.70,35.0000,24.3141,10.6859,600.0000,25.80,119.76,3.0300,0.00,289.72,1.229427e-03
5534,33.6540,140.00,25.25,35.0000,24.3141,10.6859,600.0000,25.32,119.76,3.0300,0.00,289.70,1.229578e-03
5535,33.6485,140.00,24.85,35.0000,24.3141,10.6859,600.0000,24.90,119.76,3.0300,0.00,289.69,1.229728e-03
5536,33.6761,140.00,24.43,35.0000,24.3141,10.6859,600.0000,24.58,119.76,3.0300,0.00,289.68,1.229879e-03
5537,33.2523,140.00,24.28,35.0000,24.3141,10.6859,600.0000,24.38,119.76,3.0300,0.00,289.67,1.230029e-03
5538,33.4559,140.00,24.35,35.0000,24.3141,10.6859,600.0000,24.31,119.76,3.0300,3.20,289.65,1.230180e-03
5539,33.4716,140.00,24.46,35.0000,24.3141,10.6859,600.0000,24.37,119.76,3.0300,3.69,289.64,1.230331e-03
5540,33.6523,140.00,24.55,35.0000,24.3141,10.6859,600.0000,24.57,119.76,3.0300,0.00,289.63,1.230481e-03
5541,33.8040,140.00,24.96,35.0000,24.3141,10.6859,600.0000,24.89,119.76,3.0300,3.56,289.62,1.230632e-03
5542,33.2738,140.00,25.53,35.0000,24.3141,10.6859,600.0000,25.30,119.76,3.0300,4.46,289.60,1.230783e-03
5543,33.7010,140.00,25.84,35.0000,24.3141,10.6859,600.0000,25.78,119.76,3.0300,3.44,289.59,1.230933e-03
5544,33.5773,140.00,26.35,35.0000,24.3141,10.6859,600.0000,26.29,119.76,3.0300,3.38,289.58,1.231084e-03
5545,33.4171,140.00,26.80,35.0000,24.3141,10.6859,600.0000,26.81,119.76,3.0300,0.00,289.56,1.231234e-03
5546,32.9215,140.00,27.34,35.0000,24.3141,10.6859,600.0000,27.29,119.76,3.0300,3.35,289.55,1.231385e-03
5547,32.9879,140.00,27.93,35.0000,24.3141,10.6859,600.0000,27.70,119.76,3.0300,4.48,289.54,1.231536e-03
5548,33.7286,140.00,27.98,35.0000,24.3141,10.6859,600.0000,28.02,119.76,3.0300,0.00,289.53,1.231686e-03
5549,32.8584,140.00,28.46,35.0000,24.3141,10.6859,600.0000,28.21,119.76,3.0300,4.53,289.51,1.231837e-03
5550,33.2992,140.00,28.34,35.0000,24.3141,10.6859,600.0000,28.28,119.76,3.0300,3.51,289.50,1.231988e-03
5551,33.1952,140.00,28.28,35.0000,24.3141,10.6859,600.0000,28.21,119.76,3.0300,3.54,289.49,1.232138e-03
5552,33.3111,140.00,28.13,35.0000,24.3141,10.6859,600.0000,28.01,119.76,3.0300,3.97,289.48,1.232289e-03
5553,33.6644,140.00,27.68,35.0000,24.3141,10.6859,600.0000,27.69,119.76,3.0300,0.00,289.46,1.232439e-03
5554,33.2751,140.00,27.34,35.0000,24.3141,10.6859,600.0000,27.27,119.76,3.0300,3.60,289.45,1.232590e-03
5555,32.9732,140.00,26.62,35.0000,24.3141,10.6859,600.0000,26.79,119.76,3.0300,0.00,289.44,1.232741e-03
5556,33.0865,140.00,26.13,35.0000,24.3141,10.6859,600.0000,26.27,119.76,3.0300,0.00,289.43,1.232891e-03
5557,33.3336,140.00,25.82,35.0000,24.3141,10.6859,600.0000,25.75,119.76,3.0300,3.64,289.41,1.233042e-03
5558,33.5174,140.00,25.19,35.0000,24.3141,10.6859,600.0000,25.26,119.76,3.0300,0.00,289.40,1.233192e-03
5559,33.3602,140.00,24.79,35.0000,24.3141,10.6859,600.0000,24.84,119.76,3.0300,0.00,289.39,1.233343e-03
5560,33.5715,140.00,24.45,35.0000,24.3141,10.6859,600.0000,24.52,119.76,3.0300,0.00,289.38,1.233494e-03
5561,33.0345,140.00,24.15,35.0000,24.3141,10.6859,600.0000,24.32,119.76,3.0300,0.00,289.36,1.233644e-03
5562,32.9678,140.00,24.25,35.0000,24.3141,10.6859,600.0000,24.25,119.76,3.0300,0.00,289.35,1.233795e-03
5563,33.2811,140.00,24.32,35.0000,24.3141,10.6859,600.0000,24.32,119.76,3.0300,2.32,289.34,1.233945e-03
5564,32.8153,140.00,24.41,35.0000,24.3141,10.6859,600.0000,24.51,119.76,3.0300,0.00,289.33,1.234096e-03
5565,32.8279,140.00,24.75,35.0000,24.3141,10.6859,600.0000,24.83,119.76,3.0300,0.00,289.31,1.234247e-03
5566,33.5160,140.00,25.17,35.0000,24.3141,10.6859,600.0000,25.24,119.76,3.0300,0.00,289.30,1.234397e-03
5567,33.3281,140.00,25.78,35.0000,24.3141,10.6859,600.0000,25.72,119.76,3.0300,3.49,289.29,1.234548e-03
5568,33.1593,140.00,26.35,35.0000,24.3141,10.6859,600.0000,26.24,119.76,3.0300,3.90,289.27,1.234698e-03
5569,33.0597,140.00,26.88,35.0000,24.3141,10.6859,600.0000,26.75,119.76,3.0300,3.95,289.26,1.234849e-03
5570,32.9112,140.00,27.25,35.0000,24.3141,10.6859,600.0000,27.23,119.76,3.0300,2.90,289.25,1.235000e-03
5571,33.3627,140.00,27.67,35.0000,24.3141,10.6859,600.0000,27.64,119.76,3.0300,2.96,289.24,1.235150e-03
5572,33.7177,140.00,27.89,35.0000,24.3141,10.6859,600.0000,27.96,119.76,3.0300,0.00,289.22,1.235301e-03
5573,33.3239,140.00,28.31,35.0000,24.3141,10.6859,600.0000,28.16,119.76,3.0300,4.12,289.21,1.235451e-03
5574,33.1606,140.00,28.18,35.0000,24.3141,10.6859,600.0000,28.22,119.76,3.0300,0.00,289.20,1.235602e-03
5575,33.6866,140.00,28.18,35.0000,24.3141,10.6859,600.0000,28.15,119.76,3.0300,3.02,289.19,1.235753e-03
5576,33.6683,140.00,27.93,35.0000,24.3141,10.6859,600.0000,27.95,119.76,3.0300,0.00,289.17,1.235903e-03
5577,33.2954,140.00,27.74,35.0000,24.3141,10.6859,600.0000,27.63,119.76,3.0300,3.86,289.16,1.236054e-03
5578,33.1608,140.00,27.26,35.0000,24.3141,10.6859,600.0000,27.21,119.76,3.0300,3.27,289.15,1.236204e-03
5579,33.3175,140.00,26.68,35.0000,24.3141,10.6859,600.0000,26.73,119.76,3.0300,0.00,289.14,1.236355e-03
5580,33.2764,140.00,26.37,35.0000,24.3141,10.6859,600.0000,26.21,119.76,3.0300,4.18,289.12,1.236506e-03
5581,33.6075,140.00,25.66,35.0000,24.3141,10.6859,600.0000,25.69,119.76,3.0300,0.00,289.11,1.236656e-03
5582,32.8823,140.00,25.28,35.0000,24.3141,10.6859,600.0000,25.20,119.76,3.0300,3.64,289.10,1.236807e-03
5583,33.6963,140.00,24.70,35.0000,24.3141,10.6859,600.0000,24.79,119.76,3.0300,0.00,289.09,1.236957e-03
5584,33.2728,140.00,24.43,35.0000,24.3141,10.6859,600.0000,24.47,119.76,3.0300,0.00,289.07,1.237108e-03
5585,33.1105,140.00,24.36,35.0000,24.3141,10.6859,600.0000,24.26,119.76,3.0300,3.76,289.06,1.237259e-03
5586,33.4947,140.00,24.12,35.0000,24.3141,10.6859,600.0000,24.19,119.76,3.0300,0.00,289.05,1.237409e-03
5587,32.7671,140.00,24.00,35.0000,24.3141,10.6859,600.0000,24.26,119.76,3.0300,0.00,289.04,1.237560e-03
5588,33.0494,140.00,24.33,35.0000,24.3141,10.6859,600.0000,24.46,119.76,3.0300,0.00,289.02,1.237710e-03
5589,33.1962,140.00,24.78,35.0000,24.3141,10.6859,600.0000,24.77,119.76,3.0300,2.16,289.01,1.237861e-03
5590,33.4798,140.00,25.24,35.0000,24.3141,10.6859,600.0000,25.19,119.76,3.0300,3.43,289.00,1.238012e-03
5591,33.6732,140.00,25.64,35.0000,24.3141,10.6859,600.0000,25.67,119.76,3.0300,0.00,288.99,1.238162e-03
5592,33.0495,140.00,25.93,35.0000,24.3141,10.6859,600.0000,26.18,119.76,3.0300,0.00,288.97,1.238313e-03
5593,33.6103,140.00,26.60,35.0000,24.3141,10.6859,600.0000,26.70,119.76,3.0300,0.00,288.96,1.238463e-03
5594,32.8534,140.00,27.01,35.0000,24.3141,10.6859,600.0000,27.18,119.76,3.0300,0.00,288.95,1.238614e-03
5595,33.4658,140.00,27.67,35.0000,24.3141,10.6859,600.0000,27.59,119.76,3.0300,3.66,288.93,1.238764e-03
5596,32.7678,140.00,27.88,35.0000,24.3141,10.6859,600.0000,27.90,119.76,3.0300,0.00,288.92,1.238915e-03
5597,33.5189,140.00,28.05,35.0000,24.3141,10.6859,600.0000,28.10,119.76,3.0300,0.00,288.91,1.239066e-03
5598,33.6211,140.00,28.20,35.0000,24.3141,10.6859,600.0000,28.17,119.76,3.0300,3.19,288.90,1.239216e-03
5599,33.2849,140.00,28.13,35.0000,24.3141,10.6859,600.0000,28.10,119.76,3.0300,3.17,288.88,1.239367e-03
5600,33.3421,140.00,27.83,35.0000,24.3141,10.6859,600.0000,27.89,119.76,3.0300,0.00,288.87,1.239517e-03
5601,32.9630,140.00,27.31,35.0000,24.3141,10.6859,600.0000,27.57,119.76,3.0300,0.00,288.86,1.239668e-03
5602,33.5531,140.00,27.06,35.0000,24.3141,10.6859,600.0000,27.16,119.76,3.0300,0.00,288.85,1.239819e-03
5603,33.0164,140.00,26.66,35.0000,24.3141,10.6859,600.0000,26.67,119.76,3.0300,0.00,288.83,1.239969e-03
5604,33.5502,140.00,26.13,35.0000,24.3141,10.6859,600.0000,26.15,119.76,3.0300,0.00,288.82,1.240120e-03
5605,33.3162,140.00,25.66,35.0000,24.3141,10.6859,600.0000,25.63,119.76,3.0300,3.10,288.81,1.240270e-03
5606,33.0519,140.00,25.37,35.0000,24.3141,10.6859,600.0000,25.15,119.76,3.0300,4.44,288.80,1.240421e-03
5607,33.6724,140.00,24.77,35.0000,24.3141,10.6859,600.0000,24.73,119.76,3.0300,3.22,288.78,1.240571e-03
5608,33.1778,140.00,24.37,35.0000,24.3141,10.6859,600.0000,24.41,119.76,3.0300,0.00,288.77,1.240722e-03
5609,33.4843,140.00,24.10,35.0000,24.3141,10.6859,600.0000,24.21,119.76,3.0300,0.00,288.76,1.240873e-03
5610,33.0824,140.00,24.15,35.0000,24.3141,10.6859,600.0000,24.14,119.76,3.0300,2.50,288.75,1.241023e-03
5611,33.3985,140.00,24.05,35.0000,24.3141,10.6859,600.0000,24.21,119.76,3.0300,0.00,288.73,1.241174e-03
5612,33.2891,140.00,24.43,35.0000,24.3141,10.6859,600.0000,24.40,119.76,3.0300,3.02,288.72,1.241324e-03
5613,33.5583,140.00,24.82,35.0000,24.3141,10.6859,600.0000,24.72,119.76,3.0300,3.83,288.71,1.241475e-03
5614,32.8960,140.00,25.26,35.0000,24.3141,10.6859,600.0000,25.13,119.76,3.0300,3.99,288.70,1.241625e-03
5615,33.4848,140.00,25.65,35.0000,24.3141,10.6859,600.0000,25.61,119.76,3.0300,3.27,288.68,1.241776e-03
5616,33.0244,140.00,26.18,35.0000,24.3141,10.6859,600.0000,26.13,119.76,3.0300,3.43,288.67,1.241927e-03
5617,33.8126,140.00,26.61,35.0000,24.3141,10.6859,600.0000,26.64,119.76,3.0300,0.00,288.66,1.242077e-03
5618,33.5556,140.00,27.03,35.0000,24.3141,10.6859,600.0000,27.12,119.76,3.0300,0.00,288.65,1.242228e-03
5619,33.0347,140.00,27.51,35.0000,24.3141,10.6859,600.0000,27.53,119.76,3.0300,0.00,288.63,1.242378e-03
5620,33.3512,140.00,27.82,35.0000,24.3141,10.6859,600.0000,27.85,119.76,3.0300,0.00,288.62,1.242529e-03
5621,33.0334,140.00,27.97,35.0000,24.3141,10.6859,600.0000,28.05,119.76,3.0300,0.00,288.61,1.242679e-03
5622,33.0584,140.00,28.12,35.0000,24.3141,10.6859,600.0000,28.11,119.76,3.0300,2.37,288.60,1.242830e-03
5623,33.6359,140.00,28.14,35.0000,24.3141,10.6859,600.0000,28.04,119.76,3.0300,3.76,288.58,1.242981e-03
5624,33.0995,140.00,27.63,35.0000,24.3141,10.6859,600.0000,27.84,119.76,3.0300,0.00,288.57,1.243131e-03
5625,33.8146,140.00,27.61,35.0000,24.3141,10.6859,600.0000,27.52,119.76,3.0300,3.70,288.56,1.243282e-03
5626,33.5656,140.00,27.05,35.0000,24.3141,10.6859,600.0000,27.10,119.76,3.0300,0.00,288.55,1.243432e-03
5627,33.8128,140.00,26.59,35.0000,24.3141,10.6859,600.0000,26.62,119.76,3.0300,0.00,288.53,1.243583e-03
5628,33.0823,140.00,25.97,35.0000,24.3141,10.6859,600.0000,26.10,119.76,3.0300,0.00,288.52,1.243733e-03
5629,32.9483,140.00,25.86,35.0000,24.3141,10.6859,600.0000,25.58,119.76,3.0300,4.65,288.51,1.243884e-03
5630,33.8362,140.00,25.07,35.0000,24.3141,10.6859,600.0000,25.09,119.76,3.0300,0.00,288.50,1.244034e-03
5631,33.9129,140.00,24.77,35.0000,24.3141,10.6859,600.0000,24.68,119.76,3.0300,3.72,288.48,1.244185e-03
5632,33.3801,140.00,24.40,35.0000,24.3141,10.6859,600.0000,24.36,119.76,3.0300,3.31,288.47,1.244336e-03
5633,33.1807,140.00,24.15,35.0000,24.3141,10.6859,600.0000,24.16,119.76,3.0300,0.00,288.46,1.244486e-03
5634,33.0671,140.00,24.04,35.0000,24.3141,10.6859,600.0000,24.09,119.76,3.0300,0.00,288.45,1.244637e-03
5635,33.2822,140.00,24.17,35.0000,24.3141,10.6859,600.0000,24.15,119.76,3.0300,2.88,288.43,1.244787e-03
5636,33.4640,140.00,24.41,35.0000,24.3141,10.6859,600.0000,24.35,119.76,3.0300,3.49,288.42,1.244938e-03
5637,33.9372,140.00,24.67,35.0000,24.3141,10.6859,600.0000,24.66,119.76,3.0300,2.47,288.41,1.245088e-03
5638,33.4235,140.00,25.22,35.0000,24.3141,10.6859,600.0000,25.08,119.76,3.0300,4.06,288.40,1.245239e-03
5639,33.0953,140.00,25.51,35.0000,24.3141,10.6859,600.0000,25.56,119.76,3.0300,0.00,288.38,1.245389e-03
5640,33.7120,140.00,26.14,35.0000,24.3141,10.6859,600.0000,26.07,119.76,3.0300,3.57,288.37,1.245540e-03
5641,33.8811,140.00,26.60,35.0000,24.3141,10.6859,600.0000,26.59,119.76,3.0300,2.77,288.36,1.245691e-03
5642,33.7029,140.00,27.03,35.0000,24.3141,10.6859,600.0000,27.07,119.76,3.0300,0.00,288.35,1.245841e-03
5643,33.0625,140.00,27.55,35.0000,24.3141,10.6859,600.0000,27.48,119.76,3.0300,3.58,288.33,1.245992e-03
5644,33.6565,140.00,27.75,35.0000,24.3141,10.6859,600.0000,27.79,119.76,3.0300,0.00,288.32,1.246142e-03
5645,33.8853,140.00,27.90,35.0000,24.3141,10.6859,600.0000,27.99,119.76,3.0300,0.00,288.31,1.246293e-03
5646,33.1932,140.00,28.13,35.0000,24.3141,10.6859,600.0000,28.06,119.76,3.0300,3.60,288.30,1.246443e-03
5647,33.3403,140.00,28.21,35.0000,24.3141,10.6859,600.0000,27.99,119.76,3.0300,4.44,288.28,1.246594e-03
5648,33.8705,140.00,27.84,35.0000,24.3141,10.6859,600.0000,27.79,119.76,3.0300,3.43,288.27,1.246744e-03
5649,34.0540,140.00,27.48,35.0000,24.3141,10.6859,600.0000,27.47,119.76,3.0300,2.80,288.26,1.246895e-03
5650,33.3920,140.00,26.93,35.0000,24.3141,10.6859,600.0000,27.05,119.76,3.0300,0.00,288.25,1.247045e-03
5651,34.0184,140.00,26.54,35.0000,24.3141,10.6859,600.0000,26.57,119.76,3.0300,0.00,288.23,1.247196e-03
5652,33.7555,140.00,26.06,35.0000,24.3141,10.6859,600.0000,26.05,119.76,3.0300,2.79,288.22,1.247347e-03
5653,33.7772,140.00,25.46,35.0000,24.3141,10.6859,600.0000,25.53,119.76,3.0300,0.00,288.21,1.247497e-03
5654,33.9853,140.00,25.02,35.0000,24.3141,10.6859,600.0000,25.04,119.76,3.0300,0.00,288.20,1.247648e-03
5655,33.4341,140.00,24.57,35.0000,24.3141,10.6859,600.0000,24.62,119.76,3.0300,0.00,288.18,1.247798e-03
5656,33.4035,140.00,24.16,35.0000,24.3141,10.6859,600.0000,24.30,119.76,3.0300,0.00,288.17,1.247949e-03
5657,34.0321,140.00,24.15,35.0000,24.3141,10.6859,600.0000,24.10,119.76,3.0300,3.35,288.16,1.248099e-03
5658,33.6790,140.00,24.14,35.0000,24.3141,10.6859,600.0000,24.03,119.76,3.0300,3.85,288.15,1.248250e-03
5659,33.3440,140.00,24.04,35.0000,24.3141,10.6859,600.0000,24.10,119.76,3.0300,0.00,288.13,1.248400e-03
5660,33.4006,140.00,24.42,35.0000,24.3141,10.6859,600.0000,24.30,119.76,3.0300,3.92,288.12,1.248551e-03
5661,33.7518,140.00,24.72,35.0000,24.3141,10.6859,600.0000,24.61,119.76,3.0300,3.85,288.11,1.248701e-03
5662,34.0145,140.00,24.95,35.0000,24.3141,10.6859,600.0000,25.02,119.76,3.0300,0.00,288.10,1.248852e-03
5663,33.5241,140.00,25.44,35.0000,24.3141,10.6859,600.0000,25.50,119.76,3.0300,0.00,288.08,1.249003e-03
5664,33.7700,140.00,26.08,35.0000,24.3141,10.6859,600.0000,26.02,119.76,3.0300,3.51,288.07,1.249153e-03
5665,33.8726,140.00,26.52,35.0000,24.3141,10.6859,600.0000,26.53,119.76,3.0300,0.00,288.06,1.249304e-03
5666,33.7396,140.00,26.90,35.0000,24.3141,10.6859,600.0000,27.01,119.76,3.0300,0.00,288.05,1.249454e-03
5667,33.5762,140.00,27.38,35.0000,24.3141,10.6859,600.0000,27.43,119.76,3.0300,0.00,288.03,1.249605e-03
5668,33.7268,140.00,27.72,35.0000,24.3141,10.6859,600.0000,27.74,119.76,3.0300,0.00,288.02,1.249755e-03
5669,33.8080,140.00,27.97,35.0000,24.3141,10.6859,600.0000,27.94,119.76,3.0300,3.08,288.01,1.249906e-03
5670,34.2212,140.00,27.96,35.0000,24.3141,10.6859,600.0000,28.01,119.76,3.0300,0.00,288.00,1.250056e-03
5671,33.6819,140.00,27.97,35.0000,24.3141,10.6859,600.0000,27.94,119.76,3.0300,3.10,287.98,1.250207e-03
5672,33.4525,140.00,27.76,35.0000,24.3141,10.6859,600.0000,27.73,119.76,3.0300,3.04,287.97,1.250357e-03
5673,33.5694,140.00,27.35,35.0000,24.3141,10.6859,600.0000,27.41,119.76,3.0300,0.00,287.96,1.250508e-03
5674,33.8981,140.00,27.03,35.0000,24.3141,10.6859,600.0000,27.00,119.76,3.0300,3.18,287.95,1.250658e-03
5675,33.5512,140.00,26.46,35.0000,24.3141,10.6859,600.0000,26.51,119.76,3.0300,0.00,287.93,1.250809e-03
5676,34.0127,140.00,25.99,35.0000,24.3141,10.6859,600.0000,25.99,119.76,3.0300,1.91,287.92,1.250959e-03
5677,34.1105,140.00,25.40,35.0000,24.3141,10.6859,600.0000,25.47,119.76,3.0300,0.00,287.91,1.251110e-03
5678,33.9018,140.00,25.02,35.0000,24.3141,10.6859,600.0000,24.99,119.76,3.0300,3.12,287.90,1.251261e-03
5679,33.9668,140.00,24.52,35.0000,24.3141,10.6859,600.0000,24.57,119.76,3.0300,0.00,287.88,1.251411e-03
5680,33.5999,140.00,24.30,35.0000,24.3141,10.6859,600.0000,24.25,119.76,3.0300,3.31,287.87,1.251562e-03
5681,33.6048,140.00,24.13,35.0000,24.3141,10.6859,600.0000,24.05,119.76,3.0300,3.60,287.86,1.251712e-03
5682,33.8780,140.00,24.00,35.0000,24.3141,10.6859,600.0000,23.98,119.76,3.0300,2.93,287.85,1.251863e-03
5683,34.1621,140.00,23.98,35.0000,24.3141,10.6859,600.0000,24.05,119.76,3.0300,0.00,287.83,1.252013e-03
5684,33.8364,140.00,24.28,35.0000,24.3141,10.6859,600.0000,24.24,119.76,3.0300,3.23,287.82,1.252164e-03
5685,34.0419,140.00,24.46,35.0000,24.3141,10.6859,600.0000,24.56,119.76,3.0300,0.00,287.81,1.252314e-03
5686,33.5045,140.00,24.88,35.0000,24.3141,10.6859,600.0000,24.97,119.76,3.0300,0.00,287.80,1.252465e-03
5687,34.0038,140.00,25.46,35.0000,24.3141,10.6859,600.0000,25.45,119.76,3.0300,2.72,287.78,1.252615e-03
5688,34.4400,140.00,25.99,35.0000,24.3141,10.6859,600.0000,25.97,119.76,3.0300,2.96,287.77,1.252766e-03
5689,34.0763,140.00,26.50,35.0000,24.3141,10.6859,600.0000,26.48,119.76,3.0300,2.93,287.76,1.252916e-03
5690,33.5219,140.00,27.02,35.0000,24.3141,10.6859,600.0000,26.96,119.76,3.0300,3.45,287.75,1.253067e-03
5691,33.9464,140.00,27.37,35.0000,24.3141,10.6859,600.0000,27.38,119.76,3.0300,0.00,287.73,1.253217e-03
5692,34.0846,140.00,27.78,35.0000,24.3141,10.6859,600.0000,27.69,119.76,3.0300,3.74,287.72,1.253368e-03
5693,34.2090,140.00,27.94,35.0000,24.3141,10.6859,600.0000,27.89,119.76,3.0300,3.38,287.71,1.253518e-03
5694,34.4646,140.00,27.99,35.0000,24.3141,10.6859,600.0000,27.95,119.76,3.0300,3.21,287.70,1.253669e-03
5695,34.3753,140.00,27.86,35.0000,24.3141,10.6859,600.0000,27.88,119.76,3.0300,0.00,287.68,1.253819e-03
5696,33.8956,140.00,27.65,35.0000,24.3141,10.6859,600.0000,27.68,119.76,3.0300,0.00,287.67,1.253970e-03
5697,33.8958,140.00,27.36,35.0000,24.3141,10.6859,600.0000,27.36,119.76,3.0300,0.00,287.66,1.254120e-03
5698,34.0849,140.00,26.96,35.0000,24.3141,10.6859,600.0000,26.95,119.76,3.0300,2.68,287.65,1.254271e-03
5699,34.2231,140.00,26.42,35.0000,24.3141,10.6859,600.0000,26.46,119.76,3.0300,0.00,287.63,1.254421e-03
5700,34.4436,140.00,25.98,35.0000,24.3141,10.6859,600.0000,25.94,119.76,3.0300,3.18,287.62,1.254572e-03
5701,34.1714,140.00,25.42,35.0000,24.3141,10.6859,600.0000,25.42,119.76,3.0300,0.00,287.61,1.254722e-03
5702,34.4017,140.00,25.02,35.0000,24.3141,10.6859,600.0000,24.94,119.76,3.0300,3.64,287.60,1.254873e-03
5703,34.1622,140.00,24.55,35.0000,24.3141,10.6859,600.0000,24.52,119.76,3.0300,3.14,287.58,1.255023e-03
5704,34.0736,140.00,24.24,35.0000,24.3141,10.6859,600.0000,24.20,119.76,3.0300,3.18,287.57,1.255174e-03
5705,33.8324,140.00,24.04,35.0000,24.3141,10.6859,600.0000,24.00,119.76,3.0300,3.26,287.56,1.255325e-03
5706,34.1360,140.00,23.91,35.0000,24.3141,10.6859,600.0000,23.93,119.76,3.0300,0.00,287.55,1.255475e-03
5707,34.1874,140.00,24.02,35.0000,24.3141,10.6859,600.0000,24.00,119.76,3.0300,2.96,287.53,1.255626e-03
5708,34.2655,140.00,24.21,35.0000,24.3141,10.6859,600.0000,24.19,119.76,3.0300,2.94,287.52,1.255776e-03
5709,33.9961,140.00,24.56,35.0000,24.3141,10.6859,600.0000,24.51,119.76,3.0300,3.41,287.51,1.255927e-03
5710,34.2851,140.00,24.96,35.0000,24.3141,10.6859,600.0000,24.92,119.76,3.0300,3.18,287.50,1.256077e-03
5711,34.4440,140.00,25.38,35.0000,24.3141,10.6859,600.0000,25.40,119.76,3.0300,0.00,287.48,1.256228e-03
5712,34.0019,140.00,25.89,35.0000,24.3141,10.6859,600.0000,25.92,119.76,3.0300,0.00,287.47,1.256378e-03
5713,34.2068,140.00,26.47,35.0000,24.3141,10.6859,600.0000,26.43,119.76,3.0300,3.20,287.46,1.256529e-03
5714,34.4318,140.00,26.94,35.0000,24.3141,10.6859,600.0000,26.91,119.76,3.0300,2.99,287.45,1.256679e-03
5715,34.3325,140.00,27.33,35.0000,24.3141,10.6859,600.0000,27.33,119.76,3.0300,2.12,287.43,1.256830e-03
5716,33.8586,140.00,27.67,35.0000,24.3141,10.6859,600.0000,27.64,119.76,3.0300,3.12,287.42,1.256980e-03
5717,34.2197,140.00,27.80,35.0000,24.3141,10.6859,600.0000,27.84,119.76,3.0300,0.00,287.41,1.257131e-03
5718,34.5623,140.00,27.86,35.0000,24.3141,10.6859,600.0000,27.90,119.76,3.0300,0.00,287.40,1.257281e-03
5719,34.7798,140.00,27.81,35.0000,24.3141,10.6859,600.0000,27.83,119.76,3.0300,0.00,287.38,1.257432e-03
5720,34.6679,140.00,27.68,35.0000,24.3141,10.6859,600.0000,27.63,119.76,3.0300,3.33,287.37,1.257582e-03
5721,33.9667,140.00,27.37,35.0000,24.3141,10.6859,600.0000,27.31,119.76,3.0300,3.48,287.36,1.257733e-03
5722,34.3644,140.00,26.92,35.0000,24.3141,10.6859,600.0000,26.90,119.76,3.0300,3.03,287.35,1.257883e-03
5723,34.2966,140.00,26.49,35.0000,24.3141,10.6859,600.0000,26.41,119.76,3.0300,3.64,287.34,1.258034e-03
5724,34.6144,140.00,25.91,35.0000,24.3141,10.6859,600.0000,25.89,119.76,3.0300,2.92,287.32,1.258184e-03
5725,34.5418,140.00,25.38,35.0000,24.3141,10.6859,600.0000,25.37,119.76,3.0300,2.42,287.31,1.258335e-03
5726,34.2868,140.00,24.81,35.0000,24.3141,10.6859,600.0000,24.89,119.76,3.0300,0.00,287.30,1.258485e-03
5727,34.8094,140.00,24.51,35.0000,24.3141,10.6859,600.0000,24.47,119.76,3.0300,3.19,287.29,1.258636e-03
5728,34.3867,140.00,24.13,35.0000,24.3141,10.6859,600.0000,24.15,119.76,3.0300,0.00,287.27,1.258786e-03
5729,34.4764,140.00,23.93,35.0000,24.3141,10.6859,600.0000,23.95,119.76,3.0300,0.00,287.26,1.258937e-03
5730,34.5558,140.00,23.85,35.0000,24.3141,10.6859,600.0000,23.88,119.76,3.0300,0.00,287.25,1.259087e-03
5731,34.0712,140.00,23.99,35.0000,24.3141,10.6859,600.0000,23.95,119.76,3.0300,3.29,287.24,1.259238e-03
5732,35.0762,140.00,24.17,35.0000,24.3141,10.6859,600.0000,24.14,119.76,3.0300,3.00,287.22,1.259388e-03
5733,34.4128,140.00,24.50,35.0000,24.3141,10.6859,600.0000,24.46,119.76,3.0300,3.28,287.21,1.259539e-03
5734,34.7515,140.00,24.84,35.0000,24.3141,10.6859,600.0000,24.87,119.76,3.0300,0.00,287.20,1.259689e-03
5735,34.3961,140.00,25.38,35.0000,24.3141,10.6859,600.0000,25.35,119.76,3.0300,3.11,287.19,1.259840e-03
5736,34.7820,140.00,25.86,35.0000,24.3141,10.6859,600.0000,25.87,119.76,3.0300,0.00,287.17,1.259990e-03
5737,35.0755,140.00,26.41,35.0000,24.3141,10.6859,600.0000,26.38,119.76,3.0300,3.10,287.16,1.260141e-03
5738,34.4782,140.00,26.84,35.0000,24.3141,10.6859,600.0000,26.86,119.76,3.0300,0.00,287.15,1.260291e-03
5739,34.7955,140.00,27.27,35.0000,24.3141,10.6859,600.0000,27.28,119.76,3.0300,0.00,287.14,1.260442e-03
5740,34.7299,140.00,27.59,35.0000,24.3141,10.6859,600.0000,27.59,119.76,3.0300,0.00,287.12,1.260592e-03
5741,35.1387,140.00,27.78,35.0000,24.3141,10.6859,600.0000,27.79,119.76,3.0300,0.00,287.11,1.260743e-03
5742,35.2136,140.00,27.86,35.0000,24.3141,10.6859,600.0000,27.86,119.76,3.0300,2.42,287.10,1.260893e-03
5743,35.1799,140.00,27.80,35.0000,24.3141,10.6859,600.0000,27.79,119.76,3.0300,2.75,287.09,1.261043e-03
5744,35.1853,140.00,27.58,35.0000,24.3141,10.6859,600.0000,27.58,119.76,3.0300,0.00,287.07,1.261194e-03
5745,34.7543,140.00,27.29,35.0000,24.3141,10.6859,600.0000,27.26,119.76,3.0300,2.97,287.06,1.261344e-03
5746,34.8279,140.00,26.84,35.0000,24.3141,10.6859,600.0000,26.85,119.76,3.0300,0.00,287.05,1.261495e-03
5747,35.2181,140.00,26.35,35.0000,24.3141,10.6859,600.0000,26.36,119.76,3.0300,0.00,287.04,1.261645e-03
5748,34.5164,140.00,25.83,35.0000,24.3141,10.6859,600.0000,25.84,119.76,3.0300,0.00,287.02,1.261796e-03
5749,34.8880,140.00,25.34,35.0000,24.3141,10.6859,600.0000,25.32,119.76,3.0300,2.88,287.01,1.261946e-03
5750,34.4064,140.00,24.84,35.0000,24.3141,10.6859,600.0000,24.84,119.76,3.0300,0.00,287.00,1.262097e-03
5751,34.9314,140.00,24.45,35.0000,24.3141,10.6859,600.0000,24.42,119.76,3.0300,2.97,286.99,1.262247e-03
5752,35.3202,140.00,24.10,35.0000,24.3141,10.6859,600.0000,24.10,119.76,3.0300,0.00,286.98,1.262398e-03
5753,35.2353,140.00,23.93,35.0000,24.3141,10.6859,600.0000,23.90,119.76,3.0300,3.00,286.96,1.262548e-03
5754,34.5135,140.00,23.85,35.0000,24.3141,10.6859,600.0000,23.83,119.76,3.0300,2.90,286.95,1.262699e-03
5755,34.5622,140.00,23.89,35.0000,24.3141,10.6859,600.0000,23.90,119.76,3.0300,0.00,286.94,1.262849e-03
5756,34.6466,140.00,24.09,35.0000,24.3141,10.6859,600.0000,24.10,119.76,3.0300,0.00,286.93,1.263000e-03
5757,34.9059,140.00,24.42,35.0000,24.3141,10.6859,600.0000,24.41,119.76,3.0300,2.49,286.91,1.263150e-03
5758,34.8134,140.00,24.85,35.0000,24.3141,10.6859,600.0000,24.82,119.76,3.0300,3.01,286.90,1.263301e-03
5759,35.3827,140.00,25.28,35.0000,24.3141,10.6859,600.0000,25.30,119.76,3.0300,0.00,286.89,1.263451e-03
5760,34.9459,140.00,25.79,35.0000,24.3141,10.6859,600.0000,25.82,119.76,3.0300,0.00,286.88,1.263602e-03
5761,35.2768,140.00,26.36,35.0000,24.3141,10.6859,600.0000,26.34,119.76,3.0300,3.06,286.86,1.263752e-03
5762,35.1264,140.00,26.80,35.0000,24.3141,10.6859,600.0000,26.82,119.76,3.0300,0.00,286.85,1.263903e-03
5763,35.2563,140.00,27.22,35.0000,24.3141,10.6859,600.0000,27.23,119.76,3.0300,0.00,286.84,1.264053e-03
5764,34.8316,140.00,27.56,35.0000,24.3141,10.6859,600.0000,27.54,119.76,3.0300,2.77,286.83,1.264204e-03
5765,34.7591,140.00,27.74,35.0000,24.3141,10.6859,600.0000,27.74,119.76,3.0300,0.00,286.81,1.264354e-03
5766,35.5369,140.00,27.82,35.0000,24.3141,10.6859,600.0000,27.81,119.76,3.0300,2.61,286.80,1.264505e-03
5767,35.0581,140.00,27.78,35.0000,24.3141,10.6859,600.0000,27.74,119.76,3.0300,3.23,286.79,1.264655e-03
5768,35.4700,140.00,27.53,35.0000,24.3141,10.6859,600.0000,27.54,119.76,3.0300,0.00,286.78,1.264805e-03
5769,35.3066,140.00,27.22,35.0000,24.3141,10.6859,600.0000,27.22,119.76,3.0300,0.00,286.76,1.264956e-03
5770,34.7060,140.00,26.79,35.0000,24.3141,10.6859,600.0000,26.80,119.76,3.0300,0.00,286.75,1.265106e-03
5771,34.7891,140.00,26.30,35.0000,24.3141,10.6859,600.0000,26.32,119.76,3.0300,0.00,286.74,1.265257e-03
5772,35.0472,140.00,25.78,35.0000,24.3141,10.6859,600.0000,25.80,119.76,3.0300,0.00,286.73,1.265407e-03
5773,35.5105,140.00,25.29,35.0000,24.3141,10.6859,600.0000,25.28,119.76,3.0300,2.80,286.72,1.265558e-03
5774,35.6652,140.00,24.78,35.0000,24.3141,10.6859,600.0000,24.79,119.76,3.0300,0.00,286.70,1.265708e-03
5775,35.0064,140.00,24.39,35.0000,24.3141,10.6859,600.0000,24.38,119.76,3.0300,2.87,286.69,1.265859e-03
5776,35.0184,140.00,24.07,35.0000,24.3141,10.6859,600.0000,24.06,119.76,3.0300,2.87,286.68,1.266009e-03
5777,34.9641,140.00,23.89,35.0000,24.3141,10.6859,600.0000,23.86,119.76,3.0300,3.23,286.67,1.266160e-03
5778,34.7843,140.00,23.79,35.0000,24.3141,10.6859,600.0000,23.79,119.76,3.0300,0.00,286.65,1.266310e-03
5779,35.3593,140.00,23.86,35.0000,24.3141,10.6859,600.0000,23.85,119.76,3.0300,2.51,286.64,1.266461e-03
5780,35.5073,140.00,24.02,35.0000,24.3141,10.6859,600.0000,24.05,119.76,3.0300,0.00,286.63,1.266611e-03
5781,34.9751,140.00,24.34,35.0000,24.3141,10.6859,600.0000,24.37,119.76,3.0300,0.00,286.62,1.266762e-03
5782,35.7716,140.00,24.78,35.0000,24.3141,10.6859,600.0000,24.78,119.76,3.0300,2.23,286.60,1.266912e-03
5783,35.4830,140.00,25.27,35.0000,24.3141,10.6859,600.0000,25.26,119.76,3.0300,2.60,286.59,1.267063e-03
5784,35.6968,140.00,25.79,35.0000,24.3141,10.6859,600.0000,25.77,119.76,3.0300,2.87,286.58,1.267213e-03
5785,35.7521,140.00,26.31,35.0000,24.3141,10.6859,600.0000,26.29,119.76,3.0300,2.87,286.57,1.267363e-03
5786,35.2510,140.00,26.78,35.0000,24.3141,10.6859,600.0000,26.77,119.76,3.0300,2.65,286.55,1.267514e-03
5787,35.4482,140.00,27.18,35.0000,24.3141,10.6859,600.0000,27.18,119.76,3.0300,0.00,286.54,1.267664e-03
5788,35.8948,140.00,27.49,35.0000,24.3141,10.6859,600.0000,27.50,119.76,3.0300,0.00,286.53,1.267815e-03
5789,35.2636,140.00,27.67,35.0000,24.3141,10.6859,600.0000,27.70,119.76,3.0300,0.00,286.52,1.267965e-03
5790,35.3462,140.00,27.74,35.0000,24.3141,10.6859,600.0000,27.76,119.76,3.0300,0.00,286.51,1.268116e-03
5791,35.2388,140.00,27.69,35.0000,24.3141,10.6859,600.0000,27.69,119.76,3.0300,0.00,286.49,1.268266e-03
5792,35.3938,140.00,27.51,35.0000,24.3141,10.6859,600.0000,27.49,119.76,3.0300,2.82,286.48,1.268417e-03
5793,35.5455,140.00,27.18,35.0000,24.3141,10.6859,600.0000,27.17,119.76,3.0300,2.73,286.47,1.268567e-03
5794,35.0809,140.00,26.77,35.0000,24.3141,10.6859,600.0000,26.75,119.76,3.0300,2.84,286.46,1.268718e-03
5795,35.8169,140.00,26.27,35.0000,24.3141,10.6859,600.0000,26.27,119.76,3.0300,1.88,286.44,1.268868e-03
5796,35.9894,140.00,25.76,35.0000,24.3141,10.6859,600.0000,25.75,119.76,3.0300,2.72,286.43,1.269019e-03
5797,35.2852,140.00,25.23,35.0000,24.3141,10.6859,600.0000,25.23,119.76,3.0300,0.00,286.42,1.269169e-03
5798,35.6148,140.00,24.76,35.0000,24.3141,10.6859,600.0000,24.75,119.76,3.0300,2.61,286.41,1.269319e-03
5799,35.8165,140.00,24.32,35.0000,24.3141,10.6859,600.0000,24.33,119.76,3.0300,0.00,286.39,1.269470e-03
5800,35.6318,140.00,24.02,35.0000,24.3141,10.6859,600.0000,24.01,119.76,3.0300,2.57,286.38,1.269620e-03
5801,36.0518,140.00,23.80,35.0000,24.3141,10.6859,600.0000,23.81,119.76,3.0300,0.00,286.37,1.269771e-03
5802,35.3123,140.00,23.74,35.0000,24.3141,10.6859,600.0000,23.74,119.76,3.0300,0.00,286.36,1.269921e-03
5803,35.1962,140.00,23.81,35.0000,24.3141,10.6859,600.0000,23.81,119.76,3.0300,2.36,286.34,1.270072e-03
5804,35.3457,140.00,24.00,35.0000,24.3141,10.6859,600.0000,24.00,119.76,3.0300,0.00,286.33,1.270222e-03
5805,35.2230,140.00,24.33,35.0000,24.3141,10.6859,600.0000,24.32,119.76,3.0300,2.46,286.32,1.270373e-03
5806,35.6472,140.00,24.74,35.0000,24.3141,10.6859,600.0000,24.73,119.76,3.0300,2.54,286.31,1.270523e-03
5807,36.1317,140.00,25.22,35.0000,24.3141,10.6859,600.0000,25.21,119.76,3.0300,2.27,286.30,1.270674e-03
5808,35.6239,140.00,25.73,35.0000,24.3141,10.6859,600.0000,25.73,119.76,3.0300,1.95,286.28,1.270824e-03
5809,35.3455,140.00,26.26,35.0000,24.3141,10.6859,600.0000,26.24,119.76,3.0300,2.78,286.27,1.270974e-03
5810,36.2378,140.00,26.73,35.0000,24.3141,10.6859,600.0000,26.72,119.76,3.0300,2.65,286.26,1.271125e-03
5811,35.4484,140.00,27.13,35.0000,24.3141,10.6859,600.0000,27.14,119.76,3.0300,0.00,286.25,1.271275e-03
5812,35.8137,140.00,27.47,35.0000,24.3141,10.6859,600.0000,27.45,119.76,3.0300,2.80,286.23,1.271426e-03
5813,36.0805,140.00,27.66,35.0000,24.3141,10.6859,600.0000,27.65,119.76,3.0300,2.50,286.22,1.271576e-03
5814,35.6892,140.00,27.72,35.0000,24.3141,10.6859,600.0000,27.72,119.76,3.0300,2.32,286.21,1.271727e-03
5815,35.3437,140.00,27.63,35.0000,24.3141,10.6859,600.0000,27.65,119.76,3.0300,0.00,286.20,1.271877e-03
5816,35.5633,140.00,27.45,35.0000,24.3141,10.6859,600.0000,27.45,119.76,3.0300,2.43,286.18,1.272028e-03
5817,36.1411,140.00,27.12,35.0000,24.3141,10.6859,600.0000,27.13,119.76,3.0300,0.00,286.17,1.272178e-03
5818,35.4703,140.00,26.69,35.0000,24.3141,10.6859,600.0000,26.71,119.76,3.0300,0.00,286.16,1.272328e-03
5819,36.3455,140.00,26.24,35.0000,24.3141,10.6859,600.0000,26.23,119.76,3.0300,2.66,286.15,1.272479e-03
5820,35.8310,140.00,25.70,35.0000,24.3141,10.6859,600.0000,25.71,119.76,3.0300,0.00,286.14,1.272629e-03
5821,35.3926,140.00,25.16,35.0000,24.3141,10.6859,600.0000,25.19,119.76,3.0300,0.00,286.12,1.272780e-03
5822,35.8657,140.00,24.71,35.0000,24.3141,10.6859,600.0000,24.70,119.76,3.0300,2.43,286.11,1.272930e-03
5823,36.1786,140.00,24.30,35.0000,24.3141,10.6859,600.0000,24.29,119.76,3.0300,2.73,286.10,1.273081e-03
5824,35.6110,140.00,23.98,35.0000,24.3141,10.6859,600.0000,23.97,119.76,3.0300,2.80,286.09,1.273231e-03
5825,35.5009,140.00,23.74,35.0000,24.3141,10.6859,600.0000,23.77,119.76,3.0300,0.00,286.07,1.273382e-03
5826,36.2332,140.00,23.70,35.0000,24.3141,10.6859,600.0000,23.70,119.76,3.0300,2.58,286.06,1.273532e-03
5827,35.7815,140.00,23.77,35.0000,24.3141,10.6859,600.0000,23.76,119.76,3.0300,2.68,286.05,1.273682e-03
5828,36.2814,140.00,23.96,35.0000,24.3141,10.6859,600.0000,23.96,119.76,3.0300,0.00,286.04,1.273833e-03
5829,36.0699,140.00,24.27,35.0000,24.3141,10.6859,600.0000,24.28,119.76,3.0300,0.00,286.02,1.273983e-03
5830,35.9077,140.00,24.68,35.0000,24.3141,10.6859,600.0000,24.69,119.76,3.0300,0.00,286.01,1.274134e-03
5831,35.8882,140.00,25.18,35.0000,24.3141,10.6859,600.0000,25.17,119.76,3.0300,2.76,286.00,1.274284e-03
5832,35.8993,140.00,25.69,35.0000,24.3141,10.6859,600.0000,25.68,119.76,3.0300,2.63,285.99,1.274435e-03
5833,35.8663,140.00,26.21,35.0000,24.3141,10.6859,600.0000,26.20,119.76,3.0300,2.66,285.98,1.274585e-03
5834,35.8616,140.00,26.67,35.0000,24.3141,10.6859,600.0000,26.68,119.76,3.0300,0.00,285.96,1.274736e-03
5835,36.0545,140.00,27.09,35.0000,24.3141,10.6859,600.0000,27.09,119.76,3.0300,1.92,285.95,1.274886e-03
5836,35.5791,140.00,27.43,35.0000,24.3141,10.6859,600.0000,27.41,119.76,3.0300,2.89,285.94,1.275036e-03
5837,35.7577,140.00,27.60,35.0000,24.3141,10.6859,600.0000,27.61,119.76,3.0300,0.00,285.93,1.275187e-03
5838,35.7406,140.00,27.67,35.0000,24.3141,10.6859,600.0000,27.67,119.76,3.0300,0.00,285.91,1.275337e-03
5839,36.0838,140.00,27.60,35.0000,24.3141,10.6859,600.0000,27.60,119.76,3.0300,0.00,285.90,1.275488e-03
5840,36.1484,140.00,27.40,35.0000,24.3141,10.6859,600.0000,27.40,119.76,3.0300,0.00,285.89,1.275638e-03
5841,35.9860,140.00,27.08,35.0000,24.3141,10.6859,600.0000,27.08,119.76,3.0300,0.00,285.88,1.275789e-03
5842,36.3876,140.00,26.67,35.0000,24.3141,10.6859,600.0000,26.67,119.76,3.0300,2.49,285.86,1.275939e-03
5843,36.0633,140.00,26.19,35.0000,24.3141,10.6859,600.0000,26.18,119.76,3.0300,2.31,285.85,1.276089e-03
5844,36.5014,140.00,25.66,35.0000,24.3141,10.6859,600.0000,25.66,119.76,3.0300,2.13,285.84,1.276240e-03
5845,36.5305,140.00,25.14,35.0000,24.3141,10.6859,600.0000,25.14,119.76,3.0300,0.00,285.83,1.276390e-03
5846,36.6390,140.00,24.66,35.0000,24.3141,10.6859,600.0000,24.66,119.76,3.0300,1.88,285.82,1.276541e-03
5847,35.8212,140.00,24.23,35.0000,24.3141,10.6859,600.0000,24.24,119.76,3.0300,0.00,285.80,1.276691e-03
5848,36.4606,140.00,23.92,35.0000,24.3141,10.6859,600.0000,23.92,119.76,3.0300,1.62,285.79,1.276842e-03
5849,35.7959,140.00,23.72,35.0000,24.3141,10.6859,600.0000,23.72,119.76,3.0300,0.00,285.78,1.276992e-03
5850,35.9349,140.00,23.64,35.0000,24.3141,10.6859,600.0000,23.65,119.76,3.0300,0.00,285.77,1.277142e-03
5851,36.5044,140.00,23.72,35.0000,24.3141,10.6859,600.0000,23.72,119.76,3.0300,0.00,285.75,1.277293e-03
5852,36.0561,140.00,23.92,35.0000,24.3141,10.6859,600.0000,23.92,119.76,3.0300,0.00,285.74,1.277443e-03
5853,36.7498,140.00,24.23,35.0000,24.3141,10.6859,600.0000,24.23,119.76,3.0300,0.00,285.73,1.277594e-03
5854,36.0426,140.00,24.65,35.0000,24.3141,10.6859,600.0000,24.64,119.76,3.0300,2.43,285.72,1.277744e-03
5855,35.8292,140.00,25.13,35.0000,24.3141,10.6859,600.0000,25.13,119.76,3.0300,2.50,285.70,1.277895e-03
5856,36.6104,140.00,25.64,35.0000,24.3141,10.6859,600.0000,25.64,119.76,3.0300,0.00,285.69,1.278045e-03
5857,36.7613,140.00,26.16,35.0000,24.3141,10.6859,600.0000,26.16,119.76,3.0300,0.00,285.68,1.278195e-03
5858,36.5322,140.00,26.64,35.0000,24.3141,10.6859,600.0000,26.64,119.76,3.0300,1.72,285.67,1.278346e-03
5859,36.0388,140.00,27.06,35.0000,24.3141,10.6859,600.0000,27.05,119.76,3.0300,2.54,285.66,1.278496e-03
5860,36.3174,140.00,27.38,35.0000,24.3141,10.6859,600.0000,27.37,119.76,3.0300,2.60,285.64,1.278647e-03
5861,36.4342,140.00,27.56,35.0000,24.3141,10.6859,600.0000,27.56,119.76,3.0300,0.00,285.63,1.278797e-03
5862,36.1545,140.00,27.65,35.0000,24.3141,10.6859,600.0000,27.63,119.76,3.0300,2.81,285.62,1.278948e-03
5863,36.6104,140.00,27.55,35.0000,24.3141,10.6859,600.0000,27.56,119.76,3.0300,0.00,285.61,1.279098e-03
5864,35.9704,140.00,27.37,35.0000,24.3141,10.6859,600.0000,27.36,119.76,3.0300,2.60,285.59,1.279248e-03
5865,35.9037,140.00,27.04,35.0000,24.3141,10.6859,600.0000,27.04,119.76,3.0300,0.00,285.58,1.279399e-03
5866,36.0829,140.00,26.63,35.0000,24.3141,10.6859,600.0000,26.62,119.76,3.0300,2.29,285.57,1.279549e-03
5867,36.5673,140.00,26.14,35.0000,24.3141,10.6859,600.0000,26.14,119.76,3.0300,0.00,285.56,1.279700e-03
5868,36.2934,140.00,25.62,35.0000,24.3141,10.6859,600.0000,25.62,119.76,3.0300,0.00,285.55,1.279850e-03
5869,36.0392,140.00,25.11,35.0000,24.3141,10.6859,600.0000,25.10,119.76,3.0300,2.69,285.53,1.280001e-03
5870,35.9519,140.00,24.62,35.0000,24.3141,10.6859,600.0000,24.62,119.76,3.0300,2.44,285.52,1.280151e-03
5871,36.8103,140.00,24.20,35.0000,24.3141,10.6859,600.0000,24.20,119.76,3.0300,0.00,285.51,1.280301e-03
5872,36.2184,140.00,23.89,35.0000,24.3141,10.6859,600.0000,23.88,119.76,3.0300,2.75,285.50,1.280452e-03
5873,36.7925,140.00,23.68,35.0000,24.3141,10.6859,600.0000,23.68,119.76,3.0300,2.40,285.48,1.280602e-03
5874,36.4175,140.00,23.60,35.0000,24.3141,10.6859,600.0000,23.61,119.76,3.0300,0.00,285.47,1.280753e-03
5875,36.0526,140.00,23.68,35.0000,24.3141,10.6859,600.0000,23.68,119.76,3.0300,2.35,285.46,1.280903e-03
5876,36.8533,140.00,23.87,35.0000,24.3141,10.6859,600.0000,23.87,119.76,3.0300,0.00,285.45,1.281053e-03
5877,36.2634,140.00,24.18,35.0000,24.3141,10.6859,600.0000,24.19,119.76,3.0300,0.00,285.43,1.281204e-03
5878,36.1522,140.00,24.60,35.0000,24.3141,10.6859,600.0000,24.60,119.76,3.0300,0.00,285.42,1.281354e-03
5879,36.7338,140.00,25.08,35.0000,24.3141,10.6859,600.0000,25.08,119.76,3.0300,0.00,285.41,1.281505e-03
5880,36.4857,140.00,25.61,35.0000,24.3141,10.6859,600.0000,25.60,119.76,3.0300,2.65,285.40,1.281655e-03
5881,36.1728,140.00,26.13,35.0000,24.3141,10.6859,600.0000,26.12,119.76,3.0300,2.80,285.39,1.281806e-03
5882,36.6027,140.00,26.60,35.0000,24.3141,10.6859,600.0000,26.60,119.76,3.0300,2.40,285.37,1.281956e-03
5883,36.6764,140.00,27.02,35.0000,24.3141,10.6859,600.0000,27.01,119.76,3.0300,2.50,285.36,1.282106e-03
5884,36.7640,140.00,27.32,35.0000,24.3141,10.6859,600.0000,27.33,119.76,3.0300,0.00,285.35,1.282257e-03
5885,36.7629,140.00,27.52,35.0000,24.3141,10.6859,600.0000,27.52,119.76,3.0300,2.11,285.34,1.282407e-03
5886,36.9072,140.00,27.59,35.0000,24.3141,10.6859,600.0000,27.59,119.76,3.0300,0.00,285.32,1.282558e-03
5887,36.1365,140.00,27.51,35.0000,24.3141,10.6859,600.0000,27.52,119.76,3.0300,0.00,285.31,1.282708e-03
5888,36.3056,140.00,27.32,35.0000,24.3141,10.6859,600.0000,27.32,119.76,3.0300,0.00,285.30,1.282858e-03
5889,37.0600,140.00,27.00,35.0000,24.3141,10.6859,600.0000,27.00,119.76,3.0300,0.00,285.29,1.283009e-03
5890,36.7983,140.00,26.58,35.0000,24.3141,10.6859,600.0000,26.58,119.76,3.0300,0.00,285.28,1.283159e-03
5891,36.4423,140.00,26.10,35.0000,24.3141,10.6859,600.0000,26.10,119.76,3.0300,0.00,285.26,1.283310e-03
5892,36.7393,140.00,25.57,35.0000,24.3141,10.6859,600.0000,25.58,119.76,3.0300,0.00,285.25,1.283460e-03
5893,37.0389,140.00,25.06,35.0000,24.3141,10.6859,600.0000,25.06,119.76,3.0300,1.59,285.24,1.283610e-03
5894,36.4530,140.00,24.58,35.0000,24.3141,10.6859,600.0000,24.58,119.76,3.0300,2.14,285.23,1.283761e-03
5895,36.8667,140.00,24.17,35.0000,24.3141,10.6859,600.0000,24.16,119.76,3.0300,2.57,285.21,1.283911e-03
5896,36.9768,140.00,23.84,35.0000,24.3141,10.6859,600.0000,23.84,119.76,3.0300,0.00,285.20,1.284062e-03
5897,36.9092,140.00,23.64,35.0000,24.3141,10.6859,600.0000,23.64,119.76,3.0300,2.14,285.19,1.284212e-03
5898,36.5510,140.00,23.57,35.0000,24.3141,10.6859,600.0000,23.57,119.76,3.0300,2.41,285.18,1.284362e-03
5899,36.2837,140.00,23.64,35.0000,24.3141,10.6859,600.0000,23.64,119.76,3.0300,2.52,285.17,1.284513e-03
5900,36.3001,140.00,23.84,35.0000,24.3141,10.6859,600.0000,23.83,119.76,3.0300,2.44,285.15,1.284663e-03
5901,37.0985,140.00,24.15,35.0000,24.3141,10.6859,600.0000,24.15,119.76,3.0300,1.89,285.14,1.284814e-03
5902,37.0255,140.00,24.56,35.0000,24.3141,10.6859,600.0000,24.56,119.76,3.0300,0.00,285.13,1.284964e-03
5903,36.8573,140.00,25.05,35.0000,24.3141,10.6859,600.0000,25.04,119.76,3.0300,2.43,285.12,1.285115e-03
5904,37.0941,140.00,25.56,35.0000,24.3141,10.6859,600.0000,25.56,119.76,3.0300,1.63,285.10,1.285265e-03
5905,36.8912,140.00,26.08,35.0000,24.3141,10.6859,600.0000,26.08,119.76,3.0300,2.31,285.09,1.285415e-03
5906,36.5912,140.00,26.56,35.0000,24.3141,10.6859,600.0000,26.56,119.76,3.0300,2.42,285.08,1.285566e-03
5907,36.6685,140.00,26.97,35.0000,24.3141,10.6859,600.0000,26.97,119.76,3.0300,2.01,285.07,1.285716e-03
5908,36.8217,140.00,27.29,35.0000,24.3141,10.6859,600.0000,27.29,119.76,3.0300,2.43,285.06,1.285867e-03
5909,36.2650,140.00,27.49,35.0000,24.3141,10.6859,600.0000,27.48,119.76,3.0300,2.50,285.04,1.286017e-03
5910,37.0526,140.00,27.56,35.0000,24.3141,10.6859,600.0000,27.55,119.76,3.0300,2.46,285.03,1.286167e-03
5911,37.0755,140.00,27.48,35.0000,24.3141,10.6859,600.0000,27.48,119.76,3.0300,2.13,285.02,1.286318e-03
5912,37.1626,140.00,27.28,35.0000,24.3141,10.6859,600.0000,27.28,119.76,3.0300,2.06,285.01,1.286468e-03
5913,36.4430,140.00,26.96,35.0000,24.3141,10.6859,600.0000,26.96,119.76,3.0300,2.00,284.99,1.286619e-03
5914,37.0380,140.00,26.55,35.0000,24.3141,10.6859,600.0000,26.54,119.76,3.0300,2.34,284.98,1.286769e-03
5915,36.6660,140.00,26.07,35.0000,24.3141,10.6859,600.0000,26.06,119.76,3.0300,2.58,284.97,1.286919e-03
5916,36.3400,140.00,25.55,35.0000,24.3141,10.6859,600.0000,25.54,119.76,3.0300,2.58,284.96,1.287070e-03
5917,36.6177,140.00,25.02,35.0000,24.3141,10.6859,600.0000,25.02,119.76,3.0300,1.92,284.95,1.287220e-03
5918,36.9079,140.00,24.53,35.0000,24.3141,10.6859,600.0000,24.54,119.76,3.0300,0.00,284.93,1.287370e-03
5919,36.3278,140.00,24.13,35.0000,24.3141,10.6859,600.0000,24.12,119.76,3.0300,2.77,284.92,1.287521e-03
5920,36.4892,140.00,23.80,35.0000,24.3141,10.6859,600.0000,23.80,119.76,3.0300,0.00,284.91,1.287671e-03
5921,36.3110,140.00,23.60,35.0000,24.3141,10.6859,600.0000,23.60,119.76,3.0300,0.00,284.90,1.287822e-03
5922,36.8618,140.00,23.53,35.0000,24.3141,10.6859,600.0000,23.53,119.76,3.0300,0.00,284.88,1.287972e-03
5923,36.9712,140.00,23.59,35.0000,24.3141,10.6859,600.0000,23.60,119.76,3.0300,0.00,284.87,1.288122e-03
5924,36.6504,140.00,23.80,35.0000,24.3141,10.6859,600.0000,23.80,119.76,3.0300,2.46,284.86,1.288273e-03
5925,36.8373,140.00,24.11,35.0000,24.3141,10.6859,600.0000,24.11,119.76,3.0300,0.00,284.85,1.288423e-03
5926,37.1827,140.00,24.52,35.0000,24.3141,10.6859,600.0000,24.52,119.76,3.0300,0.00,284.84,1.288574e-03
5927,36.3242,140.00,25.00,35.0000,24.3141,10.6859,600.0000,25.00,119.76,3.0300,0.00,284.82,1.288724e-03
5928,36.3661,140.00,25.51,35.0000,24.3141,10.6859,600.0000,25.52,119.76,3.0300,0.00,284.81,1.288874e-03
5929,36.8491,140.00,26.04,35.0000,24.3141,10.6859,600.0000,26.04,119.76,3.0300,2.52,284.80,1.289025e-03
5930,37.1629,140.00,26.52,35.0000,24.3141,10.6859,600.0000,26.52,119.76,3.0300,2.47,284.79,1.289175e-03
5931,36.2501,140.00,26.94,35.0000,24.3141,10.6859,600.0000,26.93,119.76,3.0300,2.61,284.77,1.289326e-03
5932,36.8652,140.00,27.25,35.0000,24.3141,10.6859,600.0000,27.25,119.76,3.0300,2.48,284.76,1.289476e-03
5933,37.1535,140.00,27.45,35.0000,24.3141,10.6859,600.0000,27.44,119.76,3.0300,2.02,284.75,1.289626e-03
5934,36.4892,140.00,27.51,35.0000,24.3141,10.6859,600.0000,27.51,119.76,3.0300,2.26,284.74,1.289777e-03
5935,36.9516,140.00,27.44,35.0000,24.3141,10.6859,600.0000,27.44,119.76,3.0300,0.00,284.73,1.289927e-03
5936,36.7831,140.00,27.24,35.0000,24.3141,10.6859,600.0000,27.24,119.76,3.0300,2.26,284.71,1.290078e-03
5937,36.4882,140.00,26.92,35.0000,24.3141,10.6859,600.0000,26.92,119.76,3.0300,0.00,284.70,1.290228e-03
5938,36.9892,140.00,26.50,35.0000,24.3141,10.6859,600.0000,26.50,119.76,3.0300,0.00,284.69,1.290378e-03
5939,37.0568,140.00,26.02,35.0000,24.3141,10.6859,600.0000,26.02,119.76,3.0300,2.26,284.68,1.290529e-03
5940,36.9997,140.00,25.51,35.0000,24.3141,10.6859,600.0000,25.50,119.76,3.0300,2.44,284.66,1.290679e-03
5941,36.5231,140.00,24.98,35.0000,24.3141,10.6859,600.0000,24.98,119.76,3.0300,1.98,284.65,1.290829e-03
5942,36.6287,140.00,24.49,35.0000,24.3141,10.6859,600.0000,24.50,119.76,3.0300,0.00,284.64,1.290980e-03
5943,36.4937,140.00,24.09,35.0000,24.3141,10.6859,600.0000,24.08,119.76,3.0300,2.53,284.63,1.291130e-03
5944,36.6491,140.00,23.77,35.0000,24.3141,10.6859,600.0000,23.76,119.76,3.0300,2.32,284.62,1.291281e-03
5945,36.8014,140.00,23.56,35.0000,24.3141,10.6859,600.0000,23.56,119.76,3.0300,0.73,284.60,1.291431e-03
5946,36.4173,140.00,23.49,35.0000,24.3141,10.6859,600.0000,23.49,119.76,3.0300,0.00,284.59,1.291581e-03
5947,36.3677,140.00,23.56,35.0000,24.3141,10.6859,600.0000,23.56,119.76,3.0300,2.37,284.58,1.291732e-03
5948,36.5075,140.00,23.76,35.0000,24.3141,10.6859,600.0000,23.76,119.76,3.0300,2.39,284.57,1.291882e-03
5949,36.7649,140.00,24.07,35.0000,24.3141,10.6859,600.0000,24.07,119.76,3.0300,1.72,284.56,1.292033e-03
5950,37.0737,140.00,24.48,35.0000,24.3141,10.6859,600.0000,24.49,119.76,3.0300,0.00,284.54,1.292183e-03
5951,36.3983,140.00,24.97,35.0000,24.3141,10.6859,600.0000,24.97,119.76,3.0300,2.25,284.53,1.292333e-03
5952,37.0902,140.00,25.49,35.0000,24.3141,10.6859,600.0000,25.48,119.76,3.0300,2.42,284.52,1.292484e-03
5953,36.6132,140.00,26.00,35.0000,24.3141,10.6859,600.0000,26.00,119.76,3.0300,2.47,284.51,1.292634e-03
5954,37.2068,140.00,26.48,35.0000,24.3141,10.6859,600.0000,26.48,119.76,3.0300,0.73,284.49,1.292784e-03
5955,36.4588,140.00,26.89,35.0000,24.3141,10.6859,600.0000,26.89,119.76,3.0300,0.00,284.48,1.292935e-03
5956,36.3922,140.00,27.20,35.0000,24.3141,10.6859,600.0000,27.21,119.76,3.0300,0.00,284.47,1.293085e-03
5957,36.3657,140.00,27.40,35.0000,24.3141,10.6859,600.0000,27.41,119.76,3.0300,0.00,284.46,1.293236e-03
5958,36.5347,140.00,27.48,35.0000,24.3141,10.6859,600.0000,27.47,119.76,3.0300,2.36,284.45,1.293386e-03
5959,36.9289,140.00,27.41,35.0000,24.3141,10.6859,600.0000,27.40,119.76,3.0300,2.41,284.43,1.293536e-03
5960,36.6251,140.00,27.21,35.0000,24.3141,10.6859,600.0000,27.20,119.76,3.0300,2.42,284.42,1.293687e-03
5961,36.5942,140.00,26.89,35.0000,24.3141,10.6859,600.0000,26.88,119.76,3.0300,2.25,284.41,1.293837e-03
5962,36.4548,140.00,26.47,35.0000,24.3141,10.6859,600.0000,26.47,119.76,3.0300,2.45,284.40,1.293987e-03
5963,37.1309,140.00,25.99,35.0000,24.3141,10.6859,600.0000,25.98,119.76,3.0300,2.41,284.38,1.294138e-03
5964,36.8504,140.00,25.47,35.0000,24.3141,10.6859,600.0000,25.46,119.76,3.0300,2.31,284.37,1.294288e-03
5965,36.9948,140.00,24.94,35.0000,24.3141,10.6859,600.0000,24.95,119.76,3.0300,0.00,284.36,1.294439e-03
5966,36.3230,140.00,24.46,35.0000,24.3141,10.6859,600.0000,24.46,119.76,3.0300,0.00,284.35,1.294589e-03
5967,36.7361,140.00,24.04,35.0000,24.3141,10.6859,600.0000,24.05,119.76,3.0300,0.00,284.34,1.294739e-03
5968,36.1998,140.00,23.73,35.0000,24.3141,10.6859,600.0000,23.73,119.76,3.0300,2.54,284.32,1.294890e-03
5969,36.9426,140.00,23.53,35.0000,24.3141,10.6859,600.0000,23.53,119.76,3.0300,2.44,284.31,1.295040e-03
5970,36.5353,140.00,23.45,35.0000,24.3141,10.6859,600.0000,23.46,119.76,3.0300,0.00,284.30,1.295190e-03
5971,36.3226,140.00,23.52,35.0000,24.3141,10.6859,600.0000,23.52,119.76,3.0300,0.00,284.29,1.295341e-03
5972,36.2337,140.00,23.73,35.0000,24.3141,10.6859,600.0000,23.72,119.76,3.0300,2.58,284.28,1.295491e-03
5973,36.7925,140.00,24.03,35.0000,24.3141,10.6859,600.0000,24.04,119.76,3.0300,0.00,284.26,1.295642e-03
5974,36.2260,140.00,24.45,35.0000,24.3141,10.6859,600.0000,24.45,119.76,3.0300,0.00,284.25,1.295792e-03
5975,37.0340,140.00,24.93,35.0000,24.3141,10.6859,600.0000,24.93,119.76,3.0300,0.00,284.24,1.295942e-03
5976,36.6533,140.00,25.45,35.0000,24.3141,10.6859,600.0000,25.45,119.76,3.0300,2.14,284.23,1.296093e-03
5977,36.4345,140.00,25.97,35.0000,24.3141,10.6859,600.0000,25.96,119.76,3.0300,2.19,284.21,1.296243e-03
5978,36.5184,140.00,26.45,35.0000,24.3141,10.6859,600.0000,26.44,119.76,3.0300,2.59,284.20,1.296393e-03
5979,36.3671,140.00,26.86,35.0000,24.3141,10.6859,600.0000,26.86,119.76,3.0300,2.41,284.19,1.296544e-03
5980,36.2951,140.00,27.17,35.0000,24.3141,10.6859,600.0000,27.17,119.76,3.0300,0.00,284.18,1.296694e-03
5981,36.9461,140.00,27.37,35.0000,24.3141,10.6859,600.0000,27.37,119.76,3.0300,0.00,284.17,1.296844e-03
5982,36.4454,140.00,27.44,35.0000,24.3141,10.6859,600.0000,27.44,119.76,3.0300,2.29,284.15,1.296995e-03
5983,36.1649,140.00,27.37,35.0000,24.3141,10.6859,600.0000,27.37,119.76,3.0300,1.82,284.14,1.297145e-03
5984,36.6978,140.00,27.16,35.0000,24.3141,10.6859,600.0000,27.17,119.76,3.0300,0.00,284.13,1.297296e-03
5985,36.7092,140.00,26.85,35.0000,24.3141,10.6859,600.0000,26.85,119.76,3.0300,0.00,284.12,1.297446e-03
5986,36.5258,140.00,26.43,35.0000,24.3141,10.6859,600.0000,26.43,119.76,3.0300,0.00,284.11,1.297596e-03
5987,36.3825,140.00,25.96,35.0000,24.3141,10.6859,600.0000,25.95,119.76,3.0300,2.68,284.09,1.297747e-03
5988,36.3598,140.00,25.43,35.0000,24.3141,10.6859,600.0000,25.43,119.76,3.0300,0.00,284.08,1.297897e-03
5989,36.9061,140.00,24.91,35.0000,24.3141,10.6859,600.0000,24.91,119.76,3.0300,2.08,284.07,1.298047e-03
5990,36.9687,140.00,24.43,35.0000,24.3141,10.6859,600.0000,24.43,119.76,3.0300,2.07,284.06,1.298198e-03
5991,36.6777,140.00,24.01,35.0000,24.3141,10.6859,600.0000,24.01,119.76,3.0300,2.18,284.04,1.298348e-03
5992,36.3218,140.00,23.70,35.0000,24.3141,10.6859,600.0000,23.69,119.76,3.0300,2.38,284.03,1.298498e-03
5993,36.0872,140.00,23.50,35.0000,24.3141,10.6859,600.0000,23.49,119.76,3.0300,2.47,284.02,1.298649e-03
5994,36.8089,140.00,23.41,35.0000,24.3141,10.6859,600.0000,23.42,119.76,3.0300,0.00,284.01,1.298799e-03
5995,36.3272,140.00,23.48,35.0000,24.3141,10.6859,600.0000,23.49,119.76,3.0300,0.00,284.00,1.298950e-03
5996,36.8183,140.00,23.68,35.0000,24.3141,10.6859,600.0000,23.69,119.76,3.0300,0.00,283.98,1.299100e-03
5997,36.7316,140.00,24.00,35.0000,24.3141,10.6859,600.0000,24.00,119.76,3.0300,0.00,283.97,1.299250e-03
5998,36.9124,140.00,24.42,35.0000,24.3141,10.6859,600.0000,24.41,119.76,3.0300,2.55,283.96,1.299401e-03
5999,36.7149,140.00,24.89,35.0000,24.3141,10.6859,600.0000,24.90,119.76,3.0300,0.00,283.95,1.299551e-03
6000,36.0698,140.00,25.42,35.0000,24.3141,10.6859,600.0000,25.41,119.76,3.0300,2.63,283.94,1.299701e-03
6001,36.1059,140.00,25.94,35.0000,24.3141,10.6859,600.0000,25.93,119.76,3.0300,2.63,283.92,1.299852e-03
6002,36.0166,140.00,26.40,35.0000,24.3141,10.6859,600.0000,26.41,119.76,3.0300,0.00,283.91,1.300002e-03
6003,36.2122,140.00,26.83,35.0000,24.3141,10.6859,600.0000,26.82,119.76,3.0300,2.69,283.90,1.300152e-03
6004,36.4118,140.00,27.14,35.0000,24.3141,10.6859,600.0000,27.14,119.76,3.0300,2.17,283.89,1.300303e-03
6005,36.2165,140.00,27.34,35.0000,24.3141,10.6859,600.0000,27.34,119.76,3.0300,2.21,283.88,1.300453e-03
6006,36.3860,140.00,27.40,35.0000,24.3141,10.6859,600.0000,27.40,119.76,3.0300,0.00,283.86,1.300604e-03
6007,36.3955,140.00,27.33,35.0000,24.3141,10.6859,600.0000,27.33,119.76,3.0300,0.00,283.85,1.300754e-03
6008,36.8775,140.00,27.13,35.0000,24.3141,10.6859,600.0000,27.13,119.76,3.0300,2.01,283.84,1.300904e-03
6009,35.9768,140.00,26.81,35.0000,24.3141,10.6859,600.0000,26.81,119.76,3.0300,0.00,283.83,1.301055e-03
6010,36.2163,140.00,26.39,35.0000,24.3141,10.6859,600.0000,26.40,119.76,3.0300,0.00,283.81,1.301205e-03
6011,36.8675,140.00,25.92,35.0000,24.3141,10.6859,600.0000,25.91,119.76,3.0300,2.56,283.80,1.301355e-03
6012,36.1809,140.00,25.40,35.0000,24.3141,10.6859,600.0000,25.40,119.76,3.0300,2.48,283.79,1.301506e-03
6013,36.1021,140.00,24.88,35.0000,24.3141,10.6859,600.0000,24.88,119.76,3.0300,2.45,283.78,1.301656e-03
6014,36.5749,140.00,24.40,35.0000,24.3141,10.6859,600.0000,24.39,119.76,3.0300,2.56,283.77,1.301806e-03
6015,35.9023,140.00,23.98,35.0000,24.3141,10.6859,600.0000,23.98,119.76,3.0300,2.08,283.75,1.301957e-03
6016,36.0390,140.00,23.67,35.0000,24.3141,10.6859,600.0000,23.66,119.76,3.0300,2.70,283.74,1.302107e-03
6017,36.4604,140.00,23.45,35.0000,24.3141,10.6859,600.0000,23.46,119.76,3.0300,0.00,283.73,1.302257e-03
6018,35.9347,140.00,23.39,35.0000,24.3141,10.6859,600.0000,23.39,119.76,3.0300,2.50,283.72,1.302408e-03
6019,36.0569,140.00,23.46,35.0000,24.3141,10.6859,600.0000,23.45,119.76,3.0300,2.57,283.71,1.302558e-03
6020,35.8506,140.00,23.65,35.0000,24.3141,10.6859,600.0000,23.65,119.76,3.0300,0.00,283.69,1.302708e-03
6021,36.3377,140.00,23.97,35.0000,24.3141,10.6859,600.0000,23.97,119.76,3.0300,0.00,283.68,1.302859e-03
6022,35.9382,140.00,24.39,35.0000,24.3141,10.6859,600.0000,24.38,119.76,3.0300,2.44,283.67,1.303009e-03
6023,36.4668,140.00,24.87,35.0000,24.3141,10.6859,600.0000,24.86,119.76,3.0300,2.51,283.66,1.303159e-03
6024,36.5415,140.00,25.37,35.0000,24.3141,10.6859,600.0000,25.38,119.76,3.0300,0.00,283.65,1.303310e-03
6025,36.0749,140.00,25.88,35.0000,24.3141,10.6859,600.0000,25.89,119.76,3.0300,0.00,283.63,1.303460e-03
6026,35.9572,140.00,26.37,35.0000,24.3141,10.6859,600.0000,26.38,119.76,3.0300,0.00,283.62,1.303611e-03
6027,35.9231,140.00,26.78,35.0000,24.3141,10.6859,600.0000,26.79,119.76,3.0300,0.00,283.61,1.303761e-03
6028,36.1378,140.00,27.09,35.0000,24.3141,10.6859,600.0000,27.11,119.76,3.0300,0.00,283.60,1.303911e-03
6029,36.2949,140.00,27.31,35.0000,24.3141,10.6859,600.0000,27.30,119.76,3.0300,2.57,283.58,1.304062e-03
6030,35.9475,140.00,27.36,35.0000,24.3141,10.6859,600.0000,27.37,119.76,3.0300,0.00,283.57,1.304212e-03
6031,35.8447,140.00,27.30,35.0000,24.3141,10.6859,600.0000,27.30,119.76,3.0300,1.88,283.56,1.304362e-03
6032,35.9340,140.00,27.10,35.0000,24.3141,10.6859,600.0000,27.10,119.76,3.0300,2.18,283.55,1.304513e-03
6033,36.1910,140.00,26.77,35.0000,24.3141,10.6859,600.0000,26.78,119.76,3.0300,0.00,283.54,1.304663e-03
6034,36.6773,140.00,26.37,35.0000,24.3141,10.6859,600.0000,26.36,119.76,3.0300,2.25,283.52,1.304813e-03
6035,36.4174,140.00,25.89,35.0000,24.3141,10.6859,600.0000,25.88,119.76,3.0300,2.68,283.51,1.304964e-03
6036,35.8065,140.00,25.37,35.0000,24.3141,10.6859,600.0000,25.36,119.76,3.0300,2.58,283.50,1.305114e-03
6037,35.7853,140.00,24.85,35.0000,24.3141,10.6859,600.0000,24.84,119.76,3.0300,2.66,283.49,1.305264e-03
6038,36.2107,140.00,24.36,35.0000,24.3141,10.6859,600.0000,24.36,119.76,3.0300,0.00,283.48,1.305415e-03
6039,36.1106,140.00,23.95,35.0000,24.3141,10.6859,600.0000,23.94,119.76,3.0300,2.27,283.46,1.305565e-03
6040,36.1065,140.00,23.64,35.0000,24.3141,10.6859,600.0000,23.62,119.76,3.0300,2.69,283.45,1.305715e-03
6041,36.5711,140.00,23.42,35.0000,24.3141,10.6859,600.0000,23.42,119.76,3.0300,0.00,283.44,1.305866e-03
6042,36.0564,140.00,23.37,35.0000,24.3141,10.6859,600.0000,23.35,119.76,3.0300,2.73,283.43,1.306016e-03
6043,36.2335,140.00,23.43,35.0000,24.3141,10.6859,600.0000,23.42,119.76,3.0300,2.48,283.42,1.306166e-03
6044,35.5965,140.00,23.61,35.0000,24.3141,10.6859,600.0000,23.62,119.76,3.0300,0.00,283.40,1.306317e-03
6045,36.3486,140.00,23.93,35.0000,24.3141,10.6859,600.0000,23.94,119.76,3.0300,0.00,283.39,1.306467e-03
6046,36.0000,140.00,24.34,35.0000,24.3141,10.6859,600.0000,24.35,119.76,3.0300,0.00,283.38,1.306617e-03
6047,36.1908,140.00,24.82,35.0000,24.3141,10.6859,600.0000,24.83,119.76,3.0300,0.00,283.37,1.306768e-03
6048,35.6724,140.00,25.35,35.0000,24.3141,10.6859,600.0000,25.35,119.76,3.0300,2.56,283.36,1.306918e-03
6049,35.9264,140.00,25.86,35.0000,24.3141,10.6859,600.0000,25.86,119.76,3.0300,0.00,283.34,1.307068e-03
6050,35.6250,140.00,26.34,35.0000,24.3141,10.6859,600.0000,26.34,119.76,3.0300,0.00,283.33,1.307219e-03
6051,36.3028,140.00,26.75,35.0000,24.3141,10.6859,600.0000,26.76,119.76,3.0300,0.00,283.32,1.307369e-03
6052,36.0932,140.00,27.07,35.0000,24.3141,10.6859,600.0000,27.07,119.76,3.0300,0.00,283.31,1.307519e-03
6053,35.8245,140.00,27.27,35.0000,24.3141,10.6859,600.0000,27.27,119.76,3.0300,2.17,283.29,1.307670e-03
6054,35.7260,140.00,27.35,35.0000,24.3141,10.6859,600.0000,27.34,119.76,3.0300,2.77,283.28,1.307820e-03
6055,35.5829,140.00,27.27,35.0000,24.3141,10.6859,600.0000,27.27,119.76,3.0300,2.40,283.27,1.307970e-03
6056,35.6831,140.00,27.07,35.0000,24.3141,10.6859,600.0000,27.07,119.76,3.0300,2.52,283.26,1.308121e-03
6057,35.9466,140.00,26.74,35.0000,24.3141,10.6859,600.0000,26.75,119.76,3.0300,0.00,283.25,1.308271e-03
6058,36.2619,140.00,26.34,35.0000,24.3141,10.6859,600.0000,26.33,119.76,3.0300,2.63,283.23,1.308421e-03
6059,35.9609,140.00,25.85,35.0000,24.3141,10.6859,600.0000,25.85,119.76,3.0300,0.00,283.22,1.308572e-03
6060,35.9055,140.00,25.33,35.0000,24.3141,10.6859,600.0000,25.33,119.76,3.0300,0.00,283.21,1.308722e-03
6061,35.7082,140.00,24.80,35.0000,24.3141,10.6859,600.0000,24.81,119.76,3.0300,0.00,283.20,1.308872e-03
6062,35.4895,140.00,24.34,35.0000,24.3141,10.6859,600.0000,24.33,119.76,3.0300,2.82,283.19,1.309023e-03
6063,35.4552,140.00,23.93,35.0000,24.3141,10.6859,600.0000,23.91,119.76,3.0300,2.78,283.17,1.309173e-03
6064,35.9342,140.00,23.58,35.0000,24.3141,10.6859,600.0000,23.59,119.76,3.0300,0.00,283.16,1.309323e-03
6065,35.3124,140.00,23.41,35.0000,24.3141,10.6859,600.0000,23.39,119.76,3.0300,2.92,283.15,1.309474e-03
6066,36.2234,140.00,23.32,35.0000,24.3141,10.6859,600.0000,23.32,119.76,3.0300,2.07,283.14,1.309624e-03
6067,35.8451,140.00,23.39,35.0000,24.3141,10.6859,600.0000,23.39,119.76,3.0300,0.00,283.13,1.309774e-03
6068,35.6331,140.00,23.59,35.0000,24.3141,10.6859,600.0000,23.59,119.76,3.0300,2.41,283.11,1.309925e-03
6069,36.2333,140.00,23.90,35.0000,24.3141,10.6859,600.0000,23.91,119.76,3.0300,0.00,283.10,1.310075e-03
6070,36.2245,140.00,24.32,35.0000,24.3141,10.6859,600.0000,24.32,119.76,3.0300,2.22,283.09,1.310225e-03
6071,36.0317,140.00,24.81,35.0000,24.3141,10.6859,600.0000,24.80,119.76,3.0300,2.64,283.08,1.310376e-03
6072,35.6980,140.00,25.30,35.0000,24.3141,10.6859,600.0000,25.32,119.76,3.0300,0.00,283.07,1.310526e-03
6073,36.1522,140.00,25.83,35.0000,24.3141,10.6859,600.0000,25.83,119.76,3.0300,0.00,283.05,1.310676e-03
6074,35.3289,140.00,26.32,35.0000,24.3141,10.6859,600.0000,26.31,119.76,3.0300,2.22,283.04,1.310827e-03
6075,36.1038,140.00,26.74,35.0000,24.3141,10.6859,600.0000,26.73,119.76,3.0300,2.66,283.03,1.310977e-03
6076,35.9740,140.00,27.06,35.0000,24.3141,10.6859,600.0000,27.04,119.76,3.0300,2.91,283.02,1.311127e-03
6077,35.9110,140.00,27.24,35.0000,24.3141,10.6859,600.0000,27.24,119.76,3.0300,2.35,283.01,1.311278e-03
6078,35.6004,140.00,27.33,35.0000,24.3141,10.6859,600.0000,27.31,119.76,3.0300,2.87,282.99,1.311428e-03
6079,35.7350,140.00,27.26,35.0000,24.3141,10.6859,600.0000,27.24,119.76,3.0300,2.85,282.98,1.311578e-03
6080,35.5571,140.00,27.02,35.0000,24.3141,10.6859,600.0000,27.04,119.76,3.0300,0.00,282.97,1.311729e-03
6081,35.9220,140.00,26.72,35.0000,24.3141,10.6859,600.0000,26.72,119.76,3.0300,0.00,282.96,1.311879e-03
6082,35.6462,140.00,26.29,35.0000,24.3141,10.6859,600.0000,26.30,119.76,3.0300,0.00,282.95,1.312029e-03
6083,35.9139,140.00,25.84,35.0000,24.3141,10.6859,600.0000,25.82,119.76,3.0300,2.84,282.93,1.312180e-03
6084,35.2072,140.00,25.34,35.0000,24.3141,10.6859,600.0000,25.30,119.76,3.0300,3.21,282.92,1.312330e-03
6085,35.7076,140.00,24.77,35.0000,24.3141,10.6859,600.0000,24.78,119.76,3.0300,0.00,282.91,1.312480e-03
6086,35.5886,140.00,24.29,35.0000,24.3141,10.6859,600.0000,24.30,119.76,3.0300,0.00,282.90,1.312631e-03
6087,35.3392,140.00,23.87,35.0000,24.3141,10.6859,600.0000,23.88,119.76,3.0300,0.00,282.89,1.312781e-03
6088,35.6493,140.00,23.55,35.0000,24.3141,10.6859,600.0000,23.56,119.76,3.0300,0.00,282.87,1.312931e-03
6089,35.8660,140.00,23.37,35.0000,24.3141,10.6859,600.0000,23.36,119.76,3.0300,2.65,282.86,1.313082e-03
6090,35.0515,140.00,23.29,35.0000,24.3141,10.6859,600.0000,23.29,119.76,3.0300,0.00,282.85,1.313232e-03
6091,35.4196,140.00,23.38,35.0000,24.3141,10.6859,600.0000,23.36,119.76,3.0300,2.87,282.84,1.313382e-03
6092,35.5452,140.00,23.57,35.0000,24.3141,10.6859,600.0000,23.56,119.76,3.0300,2.76,282.83,1.313533e-03
6093,35.7792,140.00,23.87,35.0000,24.3141,10.6859,600.0000,23.88,119.76,3.0300,0.00,282.81,1.313683e-03
6094,34.9208,140.00,24.29,35.0000,24.3141,10.6859,600.0000,24.29,119.76,3.0300,0.00,282.80,1.313833e-03
6095,35.6604,140.00,24.78,35.0000,24.3141,10.6859,600.0000,24.77,119.76,3.0300,2.71,282.79,1.313984e-03
6096,35.0176,140.00,25.27,35.0000,24.3141,10.6859,600.0000,25.29,119.76,3.0300,0.00,282.78,1.314134e-03
6097,35.8177,140.00,25.81,35.0000,24.3141,10.6859,600.0000,25.80,119.76,3.0300,2.63,282.76,1.314284e-03
6098,35.1824,140.00,26.27,35.0000,24.3141,10.6859,600.0000,26.28,119.76,3.0300,0.00,282.75,1.314434e-03
6099,34.9686,140.00,26.67,35.0000,24.3141,10.6859,600.0000,26.70,119.76,3.0300,0.00,282.74,1.314585e-03
6100,35.3820,140.00,26.99,35.0000,24.3141,10.6859,600.0000,27.01,119.76,3.0300,0.00,282.73,1.314735e-03
6101,35.6478,140.00,27.24,35.0000,24.3141,10.6859,600.0000,27.21,119.76,3.0300,3.04,282.72,1.314885e-03
6102,35.4552,140.00,27.29,35.0000,24.3141,10.6859,600.0000,27.28,119.76,3.0300,2.53,282.70,1.315036e-03
6103,34.9067,140.00,27.21,35.0000,24.3141,10.6859,600.0000,27.21,119.76,3.0300,0.00,282.69,1.315186e-03
6104,35.0108,140.00,27.02,35.0000,24.3141,10.6859,600.0000,27.01,119.76,3.0300,2.82,282.68,1.315336e-03
6105,35.0092,140.00,26.73,35.0000,24.3141,10.6859,600.0000,26.69,119.76,3.0300,3.21,282.67,1.315487e-03
6106,35.2438,140.00,26.25,35.0000,24.3141,10.6859,600.0000,26.27,119.76,3.0300,0.00,282.66,1.315637e-03
6107,34.8192,140.00,25.76,35.0000,24.3141,10.6859,600.0000,25.79,119.76,3.0300,0.00,282.64,1.315787e-03
6108,35.5859,140.00,25.26,35.0000,24.3141,10.6859,600.0000,25.27,119.76,3.0300,0.00,282.63,1.315938e-03
6109,34.7505,140.00,24.73,35.0000,24.3141,10.6859,600.0000,24.75,119.76,3.0300,0.00,282.62,1.316088e-03
6110,35.5103,140.00,24.28,35.0000,24.3141,10.6859,600.0000,24.27,119.76,3.0300,2.56,282.61,1.316238e-03
6111,35.4597,140.00,23.85,35.0000,24.3141,10.6859,600.0000,23.85,119.76,3.0300,0.00,282.60,1.316389e-03
6112,35.0494,140.00,23.51,35.0000,24.3141,10.6859,600.0000,23.54,119.76,3.0300,0.00,282.58,1.316539e-03
6113,34.8199,140.00,23.34,35.0000,24.3141,10.6859,600.0000,23.33,119.76,3.0300,2.06,282.57,1.316689e-03
6114,34.7686,140.00,23.25,35.0000,24.3141,10.6859,600.0000,23.27,119.76,3.0300,0.00,282.56,1.316840e-03
6115,35.0615,140.00,23.30,35.0000,24.3141,10.6859,600.0000,23.33,119.76,3.0300,0.00,282.55,1.316990e-03
6116,34.6368,140.00,23.53,35.0000,24.3141,10.6859,600.0000,23.53,119.76,3.0300,2.03,282.54,1.317140e-03
6117,35.1297,140.00,23.84,35.0000,24.3141,10.6859,600.0000,23.85,119.76,3.0300,0.00,282.52,1.317290e-03
6118,34.7871,140.00,24.24,35.0000,24.3141,10.6859,600.0000,24.26,119.76,3.0300,0.00,282.51,1.317441e-03
6119,35.2953,140.00,24.76,35.0000,24.3141,10.6859,600.0000,24.74,119.76,3.0300,2.78,282.50,1.317591e-03
6120,35.3400,140.00,25.24,35.0000,24.3141,10.6859,600.0000,25.26,119.76,3.0300,0.00,282.49,1.317741e-03
6121,34.6373,140.00,25.79,35.0000,24.3141,10.6859,600.0000,25.77,119.76,3.0300,2.83,282.48,1.317892e-03
6122,35.1343,140.00,26.25,35.0000,24.3141,10.6859,600.0000,26.26,119.76,3.0300,0.00,282.46,1.318042e-03
6123,35.3575,140.00,26.69,35.0000,24.3141,10.6859,600.0000,26.67,119.76,3.0300,2.86,282.45,1.318192e-03
6124,35.1830,140.00,26.97,35.0000,24.3141,10.6859,600.0000,26.99,119.76,3.0300,0.00,282.44,1.318343e-03
6125,35.1842,140.00,27.21,35.0000,24.3141,10.6859,600.0000,27.18,119.76,3.0300,3.02,282.43,1.318493e-03
6126,34.4576,140.00,27.23,35.0000,24.3141,10.6859,600.0000,27.25,119.76,3.0300,0.00,282.42,1.318643e-03
6127,35.2677,140.00,27.16,35.0000,24.3141,10.6859,600.0000,27.18,119.76,3.0300,0.00,282.40,1.318794e-03
6128,34.6214,140.00,27.02,35.0000,24.3141,10.6859,600.0000,26.98,119.76,3.0300,3.28,282.39,1.318944e-03
6129,34.3674,140.00,26.72,35.0000,24.3141,10.6859,600.0000,26.66,119.76,3.0300,3.42,282.38,1.319094e-03
6130,34.5762,140.00,26.20,35.0000,24.3141,10.6859,600.0000,26.25,119.76,3.0300,0.00,282.37,1.319245e-03
6131,35.2105,140.00,25.78,35.0000,24.3141,10.6859,600.0000,25.76,119.76,3.0300,2.76,282.36,1.319395e-03
6132,34.7054,140.00,25.27,35.0000,24.3141,10.6859,600.0000,25.24,119.76,3.0300,3.04,282.34,1.319545e-03
6133,34.4625,140.00,24.71,35.0000,24.3141,10.6859,600.0000,24.73,119.76,3.0300,0.00,282.33,1.319695e-03
6134,34.5046,140.00,24.20,35.0000,24.3141,10.6859,600.0000,24.24,119.76,3.0300,0.00,282.32,1.319846e-03
6135,35.2328,140.00,23.80,35.0000,24.3141,10.6859,600.0000,23.83,119.76,3.0300,0.00,282.31,1.319996e-03
6136,35.1034,140.00,23.49,35.0000,24.3141,10.6859,600.0000,23.51,119.76,3.0300,0.00,282.30,1.320146e-03
6137,34.3591,140.00,23.36,35.0000,24.3141,10.6859,600.0000,23.31,119.76,3.0300,3.34,282.29,1.320297e-03
6138,35.0375,140.00,23.25,35.0000,24.3141,10.6859,600.0000,23.24,119.76,3.0300,2.78,282.27,1.320447e-03
6139,34.2754,140.00,23.30,35.0000,24.3141,10.6859,600.0000,23.31,119.76,3.0300,0.00,282.26,1.320597e-03
6140,34.3733,140.00,23.48,35.0000,24.3141,10.6859,600.0000,23.50,119.76,3.0300,0.00,282.25,1.320748e-03
6141,34.3192,140.00,23.81,35.0000,24.3141,10.6859,600.0000,23.82,119.76,3.0300,0.00,282.24,1.320898e-03
6142,34.8344,140.00,24.22,35.0000,24.3141,10.6859,600.0000,24.23,119.76,3.0300,0.00,282.23,1.321048e-03
6143,35.0208,140.00,24.69,35.0000,24.3141,10.6859,600.0000,24.72,119.76,3.0300,0.00,282.21,1.321198e-03
6144,34.9912,140.00,25.26,35.0000,24.3141,10.6859,600.0000,25.23,119.76,3.0300,3.12,282.20,1.321349e-03
6145,35.0473,140.00,25.74,35.0000,24.3141,10.6859,600.0000,25.75,119.76,3.0300,0.00,282.19,1.321499e-03
6146,34.3488,140.00,26.26,35.0000,24.3141,10.6859,600.0000,26.23,119.76,3.0300,3.10,282.18,1.321649e-03
6147,34.6473,140.00,26.62,35.0000,24.3141,10.6859,600.0000,26.64,119.76,3.0300,0.00,282.17,1.321800e-03
6148,34.8680,140.00,26.99,35.0000,24.3141,10.6859,600.0000,26.96,119.76,3.0300,3.16,282.15,1.321950e-03
6149,34.3929,140.00,27.14,35.0000,24.3141,10.6859,600.0000,27.16,119.76,3.0300,0.00,282.14,1.322100e-03
6150,34.9534,140.00,27.23,35.0000,24.3141,10.6859,600.0000,27.23,119.76,3.0300,2.59,282.13,1.322251e-03
6151,34.3357,140.00,27.18,35.0000,24.3141,10.6859,600.0000,27.16,119.76,3.0300,3.04,282.12,1.322401e-03
6152,34.3490,140.00,26.93,35.0000,24.3141,10.6859,600.0000,26.96,119.76,3.0300,0.00,282.11,1.322551e-03
6153,34.4928,140.00,26.67,35.0000,24.3141,10.6859,600.0000,26.64,119.76,3.0300,3.21,282.09,1.322701e-03
6154,34.4625,140.00,26.19,35.0000,24.3141,10.6859,600.0000,26.22,119.76,3.0300,0.00,282.08,1.322852e-03
6155,34.9489,140.00,25.72,35.0000,24.3141,10.6859,600.0000,25.74,119.76,3.0300,0.00,282.07,1.323002e-03
6156,34.4244,140.00,25.25,35.0000,24.3141,10.6859,600.0000,25.22,119.76,3.0300,3.05,282.06,1.323152e-03
6157,34.3817,140.00,24.73,35.0000,24.3141,10.6859,600.0000,24.70,119.76,3.0300,3.10,282.05,1.323303e-03
6158,33.9722,140.00,24.21,35.0000,24.3141,10.6859,600.0000,24.22,119.76,3.0300,0.00,282.03,1.323453e-03
6159,34.8620,140.00,23.77,35.0000,24.3141,10.6859,600.0000,23.80,119.76,3.0300,0.00,282.02,1.323603e-03
6160,34.5287,140.00,23.48,35.0000,24.3141,10.6859,600.0000,23.48,119.76,3.0300,0.00,282.01,1.323754e-03
6161,34.7915,140.00,23.26,35.0000,24.3141,10.6859,600.0000,23.28,119.76,3.0300,0.00,282.00,1.323904e-03
6162,34.2150,140.00,23.25,35.0000,24.3141,10.6859,600.0000,23.21,119.76,3.0300,3.22,281.99,1.324054e-03
6163,34.4351,140.00,23.27,35.0000,24.3141,10.6859,600.0000,23.28,119.76,3.0300,0.00,281.97,1.324204e-03
6164,33.9229,140.00,23.51,35.0000,24.3141,10.6859,600.0000,23.48,119.76,3.0300,3.19,281.96,1.324355e-03
6165,34.0561,140.00,23.80,35.0000,24.3141,10.6859,600.0000,23.80,119.76,3.0300,2.26,281.95,1.324505e-03
6166,33.8385,140.00,24.26,35.0000,24.3141,10.6859,600.0000,24.21,119.76,3.0300,3.34,281.94,1.324655e-03
6167,34.6146,140.00,24.71,35.0000,24.3141,10.6859,600.0000,24.69,119.76,3.0300,2.95,281.93,1.324806e-03
6168,34.1431,140.00,25.26,35.0000,24.3141,10.6859,600.0000,25.21,119.76,3.0300,3.42,281.91,1.324956e-03
6169,34.5670,140.00,25.78,35.0000,24.3141,10.6859,600.0000,25.72,119.76,3.0300,3.47,281.90,1.325106e-03
6170,34.4393,140.00,26.21,35.0000,24.3141,10.6859,600.0000,26.20,119.76,3.0300,1.98,281.89,1.325256e-03
6171,34.4118,140.00,26.60,35.0000,24.3141,10.6859,600.0000,26.62,119.76,3.0300,0.00,281.88,1.325407e-03
6172,34.5292,140.00,26.97,35.0000,24.3141,10.6859,600.0000,26.93,119.76,3.0300,3.12,281.87,1.325557e-03
6173,34.1068,140.00,27.20,35.0000,24.3141,10.6859,600.0000,27.13,119.76,3.0300,3.52,281.85,1.325707e-03
6174,34.1770,140.00,27.21,35.0000,24.3141,10.6859,600.0000,27.20,119.76,3.0300,2.61,281.84,1.325858e-03
6175,33.8014,140.00,27.21,35.0000,24.3141,10.6859,600.0000,27.13,119.76,3.0300,3.62,281.83,1.326008e-03
6176,34.5112,140.00,26.90,35.0000,24.3141,10.6859,600.0000,26.93,119.76,3.0300,0.00,281.82,1.326158e-03
6177,34.1299,140.00,26.65,35.0000,24.3141,10.6859,600.0000,26.61,119.76,3.0300,3.27,281.81,1.326309e-03
6178,34.5259,140.00,26.18,35.0000,24.3141,10.6859,600.0000,26.20,119.76,3.0300,0.00,281.79,1.326459e-03
6179,34.6371,140.00,25.73,35.0000,24.3141,10.6859,600.0000,25.71,119.76,3.0300,2.92,281.78,1.326609e-03
6180,33.9126,140.00,25.08,35.0000,24.3141,10.6859,600.0000,25.19,119.76,3.0300,0.00,281.77,1.326759e-03
6181,34.5822,140.00,24.68,35.0000,24.3141,10.6859,600.0000,24.68,119.76,3.0300,2.40,281.76,1.326910e-03
6182,34.1062,140.00,24.20,35.0000,24.3141,10.6859,600.0000,24.19,119.76,3.0300,2.32,281.75,1.327060e-03
6183,33.7349,140.00,23.88,35.0000,24.3141,10.6859,600.0000,23.78,119.76,3.0300,3.85,281.74,1.327210e-03
6184,33.9911,140.00,23.41,35.0000,24.3141,10.6859,600.0000,23.46,119.76,3.0300,0.00,281.72,1.327361e-03
6185,34.4872,140.00,23.23,35.0000,24.3141,10.6859,600.0000,23.26,119.76,3.0300,0.00,281.71,1.327511e-03
6186,34.5214,140.00,23.18,35.0000,24.3141,10.6859,600.0000,23.19,119.76,3.0300,0.00,281.70,1.327661e-03
6187,34.2158,140.00,23.29,35.0000,24.3141,10.6859,600.0000,23.26,119.76,3.0300,3.21,281.69,1.327811e-03
6188,34.2672,140.00,23.41,35.0000,24.3141,10.6859,600.0000,23.45,119.76,3.0300,0.00,281.68,1.327962e-03
6189,34.3272,140.00,23.79,35.0000,24.3141,10.6859,600.0000,23.77,119.76,3.0300,2.97,281.66,1.328112e-03
6190,33.9249,140.00,24.18,35.0000,24.3141,10.6859,600.0000,24.18,119.76,3.0300,0.00,281.65,1.328262e-03
6191,34.2896,140.00,24.62,35.0000,24.3141,10.6859,600.0000,24.67,119.76,3.0300,0.00,281.64,1.328413e-03
6192,33.8892,140.00,25.16,35.0000,24.3141,10.6859,600.0000,25.18,119.76,3.0300,0.00,281.63,1.328563e-03
6193,33.5388,140.00,25.67,35.0000,24.3141,10.6859,600.0000,25.70,119.76,3.0300,0.00,281.62,1.328713e-03
6194,34.0709,140.00,26.21,35.0000,24.3141,10.6859,600.0000,26.18,119.76,3.0300,3.05,281.60,1.328863e-03
6195,34.3500,140.00,26.60,35.0000,24.3141,10.6859,600.0000,26.59,119.76,3.0300,2.40,281.59,1.329014e-03
6196,33.4802,140.00,27.10,35.0000,24.3141,10.6859,600.0000,26.91,119.76,3.0300,4.28,281.58,1.329164e-03
6197,33.5051,140.00,27.10,35.0000,24.3141,10.6859,600.0000,27.11,119.76,3.0300,0.00,281.57,1.329314e-03
6198,34.1358,140.00,27.19,35.0000,24.3141,10.6859,600.0000,27.18,119.76,3.0300,2.78,281.56,1.329465e-03
6199,33.6766,140.00,27.19,35.0000,24.3141,10.6859,600.0000,27.11,119.76,3.0300,3.68,281.54,1.329615e-03
6200,33.7582,140.00,26.86,35.0000,24.3141,10.6859,600.0000,26.91,119.76,3.0300,0.00,281.53,1.329765e-03
6201,33.5602,140.00,26.56,35.0000,24.3141,10.6859,600.0000,26.59,119.76,3.0300,0.00,281.52,1.329915e-03
6202,34.2856,140.00,26.24,35.0000,24.3141,10.6859,600.0000,26.17,119.76,3.0300,3.50,281.51,1.330066e-03
6203,34.3196,140.00,25.67,35.0000,24.3141,10.6859,600.0000,25.69,119.76,3.0300,0.00,281.50,1.330216e-03
6204,33.9794,140.00,25.12,35.0000,24.3141,10.6859,600.0000,25.17,119.76,3.0300,0.00,281.48,1.330366e-03
6205,33.7081,140.00,24.61,35.0000,24.3141,10.6859,600.0000,24.65,119.76,3.0300,0.00,281.47,1.330516e-03
6206,34.0349,140.00,24.08,35.0000,24.3141,10.6859,600.0000,24.17,119.76,3.0300,0.00,281.46,1.330667e-03
6207,34.1834,140.00,23.78,35.0000,24.3141,10.6859,600.0000,23.75,119.76,3.0300,3.00,281.45,1.330817e-03
6208,33.8432,140.00,23.37,35.0000,24.3141,10.6859,600.0000,23.44,119.76,3.0300,0.00,281.44,1.330967e-03
6209,33.5449,140.00,23.16,35.0000,24.3141,10.6859,600.0000,23.23,119.76,3.0300,0.00,281.43,1.331118e-03
6210,33.6565,140.00,23.25,35.0000,24.3141,10.6859,600.0000,23.17,119.76,3.0300,3.70,281.41,1.331268e-03
6211,33.8392,140.00,23.35,35.0000,24.3141,10.6859,600.0000,23.23,119.76,3.0300,3.89,281.40,1.331418e-03
6212,33.8897,140.00,23.53,35.0000,24.3141,10.6859,600.0000,23.43,119.76,3.0300,3.76,281.39,1.331568e-03
6213,33.4848,140.00,23.67,35.0000,24.3141,10.6859,600.0000,23.75,119.76,3.0300,0.00,281.38,1.331719e-03
6214,34.1163,140.00,24.20,35.0000,24.3141,10.6859,600.0000,24.16,119.76,3.0300,3.24,281.37,1.331869e-03
6215,33.3016,140.00,24.69,35.0000,24.3141,10.6859,600.0000,24.64,119.76,3.0300,3.38,281.35,1.332019e-03
6216,34.0884,140.00,25.18,35.0000,24.3141,10.6859,600.0000,25.16,119.76,3.0300,2.86,281.34,1.332170e-03
6217,34.1339,140.00,25.67,35.0000,24.3141,10.6859,600.0000,25.68,119.76,3.0300,0.00,281.33,1.332320e-03
6218,33.4097,140.00,26.17,35.0000,24.3141,10.6859,600.0000,26.16,119.76,3.0300,2.81,281.32,1.332470e-03
6219,33.4630,140.00,26.47,35.0000,24.3141,10.6859,600.0000,26.57,119.76,3.0300,0.00,281.31,1.332620e-03
6220,33.4261,140.00,26.90,35.0000,24.3141,10.6859,600.0000,26.89,119.76,3.0300,2.69,281.29,1.332771e-03
6221,34.0582,140.00,27.00,35.0000,24.3141,10.6859,600.0000,27.09,119.76,3.0300,0.00,281.28,1.332921e-03
6222,33.6331,140.00,27.09,35.0000,24.3141,10.6859,600.0000,27.15,119.76,3.0300,0.00,281.27,1.333071e-03
6223,33.8936,140.00,27.10,35.0000,24.3141,10.6859,600.0000,27.09,119.76,3.0300,2.76,281.26,1.333221e-03
6224,33.9567,140.00,26.95,35.0000,24.3141,10.6859,600.0000,26.89,119.76,3.0300,3.51,281.25,1.333372e-03
6225,33.7563,140.00,26.54,35.0000,24.3141,10.6859,600.0000,26.57,119.76,3.0300,0.00,281.24,1.333522e-03
6226,33.8242,140.00,26.19,35.0000,24.3141,10.6859,600.0000,26.15,119.76,3.0300,3.27,281.22,1.333672e-03
6227,33.3972,140.00,25.68,35.0000,24.3141,10.6859,600.0000,25.67,119.76,3.0300,2.66,281.21,1.333823e-03
6228,33.2385,140.00,25.27,35.0000,24.3141,10.6859,600.0000,25.15,119.76,3.0300,3.92,281.20,1.333973e-03
6229,33.2800,140.00,24.61,35.0000,24.3141,10.6859,600.0000,24.63,119.76,3.0300,0.00,281.19,1.334123e-03
6230,33.6194,140.00,24.27,35.0000,24.3141,10.6859,600.0000,24.15,119.76,3.0300,3.92,281.18,1.334273e-03
6231,33.1065,140.00,23.85,35.0000,24.3141,10.6859,600.0000,23.73,119.76,3.0300,3.91,281.16,1.334424e-03
6232,33.3528,140.00,23.43,35.0000,24.3141,10.6859,600.0000,23.41,119.76,3.0300,2.75,281.15,1.334574e-03
6233,33.6617,140.00,23.10,35.0000,24.3141,10.6859,600.0000,23.21,119.76,3.0300,0.00,281.14,1.334724e-03
6234,33.2635,140.00,23.16,35.0000,24.3141,10.6859,600.0000,23.14,119.76,3.0300,2.86,281.13,1.334874e-03
6235,33.4783,140.00,23.14,35.0000,24.3141,10.6859,600.0000,23.21,119.76,3.0300,0.00,281.12,1.335025e-03
6236,33.6067,140.00,23.31,35.0000,24.3141,10.6859,600.0000,23.41,119.76,3.0300,0.00,281.10,1.335175e-03
6237,33.8661,140.00,23.72,35.0000,24.3141,10.6859,600.0000,23.73,119.76,3.0300,0.00,281.09,1.335325e-03
6238,33.1494,140.00,24.02,35.0000,24.3141,10.6859,600.0000,24.14,119.76,3.0300,0.00,281.08,1.335476e-03
6239,33.8045,140.00,24.71,35.0000,24.3141,10.6859,600.0000,24.62,119.76,3.0300,3.72,281.07,1.335626e-03
6240,33.8070,140.00,25.20,35.0000,24.3141,10.6859,600.0000,25.14,119.76,3.0300,3.48,281.06,1.335776e-03
6241,33.1223,140.00,25.69,35.0000,24.3141,10.6859,600.0000,25.66,119.76,3.0300,3.20,281.05,1.335926e-03
6242,33.8712,140.00,26.15,35.0000,24.3141,10.6859,600.0000,26.14,119.76,3.0300,2.86,281.03,1.336077e-03
6243,33.5729,140.00,26.57,35.0000,24.3141,10.6859,600.0000,26.55,119.76,3.0300,2.85,281.02,1.336227e-03
6244,33.3543,140.00,26.93,35.0000,24.3141,10.6859,600.0000,26.87,119.76,3.0300,3.46,281.01,1.336377e-03
6245,33.2914,140.00,27.21,35.0000,24.3141,10.6859,600.0000,27.07,119.76,3.0300,4.07,281.00,1.336527e-03
6246,33.8388,140.00,27.14,35.0000,24.3141,10.6859,600.0000,27.13,119.76,3.0300,2.67,280.99,1.336678e-03
6247,33.3055,140.00,26.95,35.0000,24.3141,10.6859,600.0000,27.07,119.76,3.0300,0.00,280.97,1.336828e-03
6248,33.9179,140.00,26.81,35.0000,24.3141,10.6859,600.0000,26.86,119.76,3.0300,0.00,280.96,1.336978e-03
6249,33.4422,140.00,26.64,35.0000,24.3141,10.6859,600.0000,26.55,119.76,3.0300,3.74,280.95,1.337129e-03
6250,33.3000,140.00,26.07,35.0000,24.3141,10.6859,600.0000,26.13,119.76,3.0300,0.00,280.94,1.337279e-03
6251,33.3177,140.00,25.68,35.0000,24.3141,10.6859,600.0000,25.65,119.76,3.0300,3.16,280.93,1.337429e-03
6252,33.5820,140.00,25.29,35.0000,24.3141,10.6859,600.0000,25.13,119.76,3.0300,4.13,280.91,1.337579e-03
6253,33.6838,140.00,24.70,35.0000,24.3141,10.6859,600.0000,24.61,119.76,3.0300,3.68,280.90,1.337730e-03
6254,33.7513,140.00,24.07,35.0000,24.3141,10.6859,600.0000,24.13,119.76,3.0300,0.00,280.89,1.337880e-03
6255,33.1132,140.00,23.85,35.0000,24.3141,10.6859,600.0000,23.71,119.76,3.0300,4.05,280.88,1.338030e-03
6256,33.5149,140.00,23.44,35.0000,24.3141,10.6859,600.0000,23.39,119.76,3.0300,3.32,280.87,1.338180e-03
6257,33.3211,140.00,23.11,35.0000,24.3141,10.6859,600.0000,23.19,119.76,3.0300,0.00,280.86,1.338331e-03
6258,33.6749,140.00,23.07,35.0000,24.3141,10.6859,600.0000,23.12,119.76,3.0300,0.00,280.84,1.338481e-03
6259,33.6756,140.00,23.13,35.0000,24.3141,10.6859,600.0000,23.19,119.76,3.0300,0.00,280.83,1.338631e-03
6260,33.3967,140.00,23.28,35.0000,24.3141,10.6859,600.0000,23.39,119.76,3.0300,0.00,280.82,1.338781e-03
6261,33.6960,140.00,23.69,35.0000,24.3141,10.6859,600.0000,23.71,119.76,3.0300,0.00,280.81,1.338932e-03
6262,32.9936,140.00,24.22,35.0000,24.3141,10.6859,600.0000,24.12,119.76,3.0300,3.76,280.80,1.339082e-03
6263,33.3561,140.00,24.55,35.0000,24.3141,10.6859,600.0000,24.60,119.76,3.0300,0.00,280.78,1.339232e-03
6264,33.6277,140.00,24.98,35.0000,24.3141,10.6859,600.0000,25.12,119.76,3.0300,0.00,280.77,1.339382e-03
6265,33.2966,140.00,25.60,35.0000,24.3141,10.6859,600.0000,25.64,119.76,3.0300,0.00,280.76,1.339533e-03
6266,33.1782,140.00,25.96,35.0000,24.3141,10.6859,600.0000,26.12,119.76,3.0300,0.00,280.75,1.339683e-03
6267,33.4654,140.00,26.44,35.0000,24.3141,10.6859,600.0000,26.53,119.76,3.0300,0.00,280.74,1.339833e-03
6268,33.0322,140.00,26.87,35.0000,24.3141,10.6859,600.0000,26.85,119.76,3.0300,3.01,280.72,1.339983e-03
6269,33.0703,140.00,27.18,35.0000,24.3141,10.6859,600.0000,27.05,119.76,3.0300,4.01,280.71,1.340134e-03
6270,33.0193,140.00,27.08,35.0000,24.3141,10.6859,600.0000,27.12,119.76,3.0300,0.00,280.70,1.340284e-03
6271,33.1017,140.00,26.91,35.0000,24.3141,10.6859,600.0000,27.05,119.76,3.0300,0.00,280.69,1.340434e-03
6272,33.2236,140.00,26.78,35.0000,24.3141,10.6859,600.0000,26.85,119.76,3.0300,0.00,280.68,1.340585e-03
6273,33.1807,140.00,26.69,35.0000,24.3141,10.6859,600.0000,26.53,119.76,3.0300,4.17,280.67,1.340735e-03
6274,33.7918,140.00,26.24,35.0000,24.3141,10.6859,600.0000,26.11,119.76,3.0300,3.98,280.65,1.340885e-03
6275,33.6146,140.00,25.63,35.0000,24.3141,10.6859,600.0000,25.63,119.76,3.0300,0.00,280.64,1.341035e-03
6276,32.8941,140.00,25.24,35.0000,24.3141,10.6859,600.0000,25.11,119.76,3.0300,3.96,280.63,1.341186e-03
6277,33.2876,140.00,24.60,35.0000,24.3141,10.6859,600.0000,24.59,119.76,3.0300,2.53,280.62,1.341336e-03
6278,32.8342,140.00,24.10,35.0000,24.3141,10.6859,600.0000,24.11,119.76,3.0300,0.00,280.61,1.341486e-03
6279,33.2607,140.00,23.67,35.0000,24.3141,10.6859,600.0000,23.69,119.76,3.0300,0.00,280.59,1.341636e-03
6280,32.8493,140.00,23.46,35.0000,24.3141,10.6859,600.0000,23.38,119.76,3.0300,3.71,280.58,1.341787e-03
6281,33.2811,140.00,23.25,35.0000,24.3141,10.6859,600.0000,23.18,119.76,3.0300,3.62,280.57,1.341937e-03
6282,32.9685,140.00,23.18,35.0000,24.3141,10.6859,600.0000,23.11,119.76,3.0300,3.58,280.56,1.342087e-03
6283,32.9630,140.00,23.22,35.0000,24.3141,10.6859,600.0000,23.17,119.76,3.0300,3.35,280.55,1.342237e-03
6284,32.9801,140.00,23.47,35.0000,24.3141,10.6859,600.0000,23.37,119.76,3.0300,3.77,280.54,1.342388e-03
6285,32.8688,140.00,23.83,35.0000,24.3141,10.6859,600.0000,23.69,119.76,3.0300,4.02,280.52,1.342538e-03
6286,33.0472,140.00,23.99,35.0000,24.3141,10.6859,600.0000,24.10,119.76,3.0300,0.00,280.51,1.342688e-03
6287,33.2868,140.00,24.59,35.0000,24.3141,10.6859,600.0000,24.59,119.76,3.0300,2.41,280.50,1.342838e-03
6288,32.9743,140.00,25.06,35.0000,24.3141,10.6859,600.0000,25.10,119.76,3.0300,0.00,280.49,1.342989e-03
6289,32.9193,140.00,25.79,35.0000,24.3141,10.6859,600.0000,25.62,119.76,3.0300,4.22,280.48,1.343139e-03
6290,32.7944,140.00,25.81,35.0000,24.3141,10.6859,600.0000,26.10,119.76,3.0300,0.00,280.46,1.343289e-03
6291,32.9800,140.00,26.39,35.0000,24.3141,10.6859,600.0000,26.51,119.76,3.0300,0.00,280.45,1.343439e-03
6292,33.1951,140.00,27.02,35.0000,24.3141,10.6859,600.0000,26.83,119.76,3.0300,4.28,280.44,1.343590e-03
6293,32.7990,140.00,27.18,35.0000,24.3141,10.6859,600.0000,27.03,119.76,3.0300,4.12,280.43,1.343740e-03
6294,32.9013,140.00,27.09,35.0000,24.3141,10.6859,600.0000,27.10,119.76,3.0300,0.00,280.42,1.343890e-03
6295,33.7106,140.00,27.02,35.0000,24.3141,10.6859,600.0000,27.03,119.76,3.0300,0.00,280.41,1.344040e-03
6296,33.0282,140.00,26.84,35.0000,24.3141,10.6859,600.0000,26.83,119.76,3.0300,2.75,280.39,1.344191e-03
6297,33.1049,140.00,26.42,35.0000,24.3141,10.6859,600.0000,26.51,119.76,3.0300,0.00,280.38,1.344341e-03
6298,33.1054,140.00,26.04,35.0000,24.3141,10.6859,600.0000,26.09,119.76,3.0300,0.00,280.37,1.344491e-03
6299,33.4689,140.00,25.60,35.0000,24.3141,10.6859,600.0000,25.61,119.76,3.0300,0.00,280.36,1.344641e-03
6300,33.2974,140.00,25.10,35.0000,24.3141,10.6859,600.0000,25.09,119.76,3.0300,2.45,280.35,1.344792e-03
6301,33.4367,140.00,24.53,35.0000,24.3141,10.6859,600.0000,24.58,119.76,3.0300,0.00,280.33,1.344942e-03
6302,33.0468,140.00,23.98,35.0000,24.3141,10.6859,600.0000,24.09,119.76,3.0300,0.00,280.32,1.345092e-03
6303,32.7948,140.00,23.55,35.0000,24.3141,10.6859,600.0000,23.68,119.76,3.0300,0.00,280.31,1.345242e-03
6304,33.2271,140.00,23.56,35.0000,24.3141,10.6859,600.0000,23.36,119.76,3.0300,4.36,280.30,1.345393e-03
6305,33.3368,140.00,23.13,35.0000,24.3141,10.6859,600.0000,23.16,119.76,3.0300,0.00,280.29,1.345543e-03
6306,33.4964,140.00,23.09,35.0000,24.3141,10.6859,600.0000,23.09,119.76,3.0300,1.83,280.28,1.345693e-03
6307,32.9670,140.00,23.22,35.0000,24.3141,10.6859,600.0000,23.16,119.76,3.0300,3.51,280.26,1.345843e-03
6308,33.6294,140.00,23.34,35.0000,24.3141,10.6859,600.0000,23.36,119.76,3.0300,0.00,280.25,1.345994e-03
6309,33.3345,140.00,23.61,35.0000,24.3141,10.6859,600.0000,23.67,119.76,3.0300,0.00,280.24,1.346144e-03
6310,32.9053,140.00,24.32,35.0000,24.3141,10.6859,600.0000,24.09,119.76,3.0300,4.50,280.23,1.346294e-03
6311,33.1200,140.00,24.32,35.0000,24.3141,10.6859,600.0000,24.57,119.76,3.0300,0.00,280.22,1.346444e-03
6312,33.5862,140.00,25.03,35.0000,24.3141,10.6859,600.0000,25.09,119.76,3.0300,0.00,280.20,1.346595e-03
6313,33.5641,140.00,25.66,35.0000,24.3141,10.6859,600.0000,25.60,119.76,3.0300,3.47,280.19,1.346745e-03
6314,33.5248,140.00,26.22,35.0000,24.3141,10.6859,600.0000,26.08,119.76,3.0300,4.04,280.18,1.346895e-03
6315,33.2852,140.00,26.36,35.0000,24.3141,10.6859,600.0000,26.50,119.76,3.0300,0.00,280.17,1.347045e-03
6316,33.0874,140.00,27.03,35.0000,24.3141,10.6859,600.0000,26.81,119.76,3.0300,4.39,280.16,1.347196e-03
6317,33.3635,140.00,27.09,35.0000,24.3141,10.6859,600.0000,27.01,119.76,3.0300,3.63,280.15,1.347346e-03
6318,33.1194,140.00,27.00,35.0000,24.3141,10.6859,600.0000,27.08,119.76,3.0300,0.00,280.13,1.347496e-03
6319,33.5319,140.00,27.10,35.0000,24.3141,10.6859,600.0000,27.01,119.76,3.0300,3.70,280.12,1.347646e-03
6320,33.3369,140.00,26.82,35.0000,24.3141,10.6859,600.0000,26.81,119.76,3.0300,2.52,280.11,1.347797e-03
6321,33.7041,140.00,26.51,35.0000,24.3141,10.6859,600.0000,26.49,119.76,3.0300,2.71,280.10,1.347947e-03
6322,32.9978,140.00,26.05,35.0000,24.3141,10.6859,600.0000,26.08,119.76,3.0300,0.00,280.09,1.348097e-03
6323,33.6519,140.00,25.50,35.0000,24.3141,10.6859,600.0000,25.60,119.76,3.0300,0.00,280.08,1.348247e-03
6324,33.6198,140.00,25.13,35.0000,24.3141,10.6859,600.0000,25.08,119.76,3.0300,3.41,280.06,1.348398e-03
6325,33.5989,140.00,24.58,35.0000,24.3141,10.6859,600.0000,24.56,119.76,3.0300,2.93,280.05,1.348548e-03
6326,33.5924,140.00,24.11,35.0000,24.3141,10.6859,600.0000,24.08,119.76,3.0300,3.12,280.04,1.348698e-03
6327,33.6439,140.00,23.67,35.0000,24.3141,10.6859,600.0000,23.66,119.76,3.0300,2.74,280.03,1.348848e-03
6328,32.9533,140.00,23.35,35.0000,24.3141,10.6859,600.0000,23.34,119.76,3.0300,2.40,280.02,1.348999e-03
6329,32.8730,140.00,23.33,35.0000,24.3141,10.6859,600.0000,23.14,119.76,3.0300,4.28,280.00,1.349149e-03
6330,32.9016,140.00,22.91,35.0000,24.3141,10.6859,600.0000,23.07,119.76,3.0300,0.00,279.99,1.349299e-03
6331,32.9722,140.00,23.23,35.0000,24.3141,10.6859,600.0000,23.14,119.76,3.0300,3.67,279.98,1.349449e-03
6332,33.7517,140.00,23.34,35.0000,24.3141,10.6859,600.0000,23.34,119.76,3.0300,0.00,279.97,1.349599e-03
6333,33.5492,140.00,23.57,35.0000,24.3141,10.6859,600.0000,23.66,119.76,3.0300,0.00,279.96,1.349750e-03
6334,33.3505,140.00,24.03,35.0000,24.3141,10.6859,600.0000,24.07,119.76,3.0300,0.00,279.95,1.349900e-03
6335,33.0865,140.00,24.55,35.0000,24.3141,10.6859,600.0000,24.55,119.76,3.0300,0.00,279.93,1.350050e-03
6336,33.6817,140.00,25.12,35.0000,24.3141,10.6859,600.0000,25.07,119.76,3.0300,3.31,279.92,1.350200e-03
6337,33.4577,140.00,25.54,35.0000,24.3141,10.6859,600.0000,25.59,119.76,3.0300,0.00,279.91,1.350351e-03
6338,33.0644,140.00,25.88,35.0000,24.3141,10.6859,600.0000,26.07,119.76,3.0300,0.00,279.90,1.350501e-03
6339,33.1922,140.00,26.35,35.0000,24.3141,10.6859,600.0000,26.48,119.76,3.0300,0.00,279.89,1.350651e-03
6340,32.8579,140.00,26.68,35.0000,24.3141,10.6859,600.0000,26.80,119.76,3.0300,0.00,279.88,1.350801e-03
6341,33.6990,140.00,26.95,35.0000,24.3141,10.6859,600.0000,27.00,119.76,3.0300,0.00,279.86,1.350952e-03
6342,33.8257,140.00,27.04,35.0000,24.3141,10.6859,600.0000,27.07,119.76,3.0300,0.00,279.85,1.351102e-03
6343,33.0536,140.00,27.08,35.0000,24.3141,10.6859,600.0000,27.00,119.76,3.0300,3.67,279.84,1.351252e-03
6344,33.0384,140.00,26.85,35.0000,24.3141,10.6859,600.0000,26.80,119.76,3.0300,3.36,279.83,1.351402e-03
6345,32.9224,140.00,26.60,35.0000,24.3141,10.6859,600.0000,26.48,119.76,3.0300,3.91,279.82,1.351553e-03
6346,33.5158,140.00,26.18,35.0000,24.3141,10.6859,600.0000,26.06,119.76,3.0300,3.87,279.80,1.351703e-03
6347,33.2070,140.00,25.56,35.0000,24.3141,10.6859,600.0000,25.58,119.76,3.0300,0.00,279.79,1.351853e-03
6348,33.4397,140.00,25.26,35.0000,24.3141,10.6859,600.0000,25.06,119.76,3.0300,4.34,279.78,1.352003e-03
6349,33.3996,140.00,24.37,35.0000,24.3141,10.6859,600.0000,24.55,119.76,3.0300,0.00,279.77,1.352154e-03
6350,33.1857,140.00,24.08,35.0000,24.3141,10.6859,600.0000,24.06,119.76,3.0300,2.77,279.76,1.352304e-03
6351,32.9895,140.00,23.36,35.0000,24.3141,10.6859,600.0000,23.65,119.76,3.0300,0.00,279.75,1.352454e-03
6352,33.5985,140.00,23.21,35.0000,24.3141,10.6859,600.0000,23.33,119.76,3.0300,0.00,279.73,1.352604e-03
6353,33.2254,140.00,23.01,35.0000,24.3141,10.6859,600.0000,23.13,119.76,3.0300,0.00,279.72,1.352754e-03
6354,33.2888,140.00,23.17,35.0000,24.3141,10.6859,600.0000,23.06,119.76,3.0300,3.87,279.71,1.352905e-03
6355,33.4895,140.00,23.10,35.0000,24.3141,10.6859,600.0000,23.13,119.76,3.0300,0.00,279.70,1.353055e-03
6356,33.2391,140.00,23.25,35.0000,24.3141,10.6859,600.0000,23.33,119.76,3.0300,0.00,279.69,1.353205e-03
6357,33.8393,140.00,23.55,35.0000,24.3141,10.6859,600.0000,23.64,119.76,3.0300,0.00,279.68,1.353355e-03
6358,33.3371,140.00,24.27,35.0000,24.3141,10.6859,600.0000,24.06,119.76,3.0300,4.40,279.66,1.353506e-03
6359,33.8325,140.00,24.54,35.0000,24.3141,10.6859,600.0000,24.54,119.76,3.0300,2.45,279.65,1.353656e-03
6360,33.0414,140.00,25.25,35.0000,24.3141,10.6859,600.0000,25.06,119.76,3.0300,4.32,279.64,1.353806e-03
6361,33.6762,140.00,25.56,35.0000,24.3141,10.6859,600.0000,25.57,119.76,3.0300,0.00,279.63,1.353956e-03
6362,33.4976,140.00,26.11,35.0000,24.3141,10.6859,600.0000,26.06,119.76,3.0300,3.37,279.62,1.354107e-03
6363,33.3744,140.00,26.34,35.0000,24.3141,10.6859,600.0000,26.47,119.76,3.0300,0.00,279.60,1.354257e-03
6364,33.7441,140.00,26.71,35.0000,24.3141,10.6859,600.0000,26.79,119.76,3.0300,0.00,279.59,1.354407e-03
6365,33.0655,140.00,26.73,35.0000,24.3141,10.6859,600.0000,26.99,119.76,3.0300,0.00,279.58,1.354557e-03
6366,33.7842,140.00,27.08,35.0000,24.3141,10.6859,600.0000,27.05,119.76,3.0300,3.07,279.57,1.354708e-03
6367,33.3733,140.00,27.10,35.0000,24.3141,10.6859,600.0000,26.98,119.76,3.0300,3.88,279.56,1.354858e-03
6368,33.2100,140.00,26.68,35.0000,24.3141,10.6859,600.0000,26.78,119.76,3.0300,0.00,279.55,1.355008e-03
6369,33.3896,140.00,26.68,35.0000,24.3141,10.6859,600.0000,26.47,119.76,3.0300,4.38,279.53,1.355158e-03
6370,33.6079,140.00,25.99,35.0000,24.3141,10.6859,600.0000,26.05,119.76,3.0300,0.00,279.52,1.355308e-03
6371,33.3229,140.00,25.63,35.0000,24.3141,10.6859,600.0000,25.57,119.76,3.0300,3.44,279.51,1.355459e-03
6372,33.6442,140.00,24.97,35.0000,24.3141,10.6859,600.0000,25.05,119.76,3.0300,0.00,279.50,1.355609e-03
6373,33.1427,140.00,24.72,35.0000,24.3141,10.6859,600.0000,24.53,119.76,3.0300,4.29,279.49,1.355759e-03
6374,33.9546,140.00,23.99,35.0000,24.3141,10.6859,600.0000,24.05,119.76,3.0300,0.00,279.48,1.355909e-03
6375,33.4067,140.00,23.55,35.0000,24.3141,10.6859,600.0000,23.63,119.76,3.0300,0.00,279.46,1.356060e-03
6376,33.1343,140.00,23.20,35.0000,24.3141,10.6859,600.0000,23.32,119.76,3.0300,0.00,279.45,1.356210e-03
6377,33.6914,140.00,23.12,35.0000,24.3141,10.6859,600.0000,23.12,119.76,3.0300,1.65,279.44,1.356360e-03
6378,33.8024,140.00,23.05,35.0000,24.3141,10.6859,600.0000,23.05,119.76,3.0300,0.00,279.43,1.356510e-03
6379,33.9596,140.00,23.14,35.0000,24.3141,10.6859,600.0000,23.11,119.76,3.0300,2.95,279.42,1.356660e-03
6380,33.8386,140.00,23.24,35.0000,24.3141,10.6859,600.0000,23.31,119.76,3.0300,0.00,279.41,1.356811e-03
6381,33.7184,140.00,23.69,35.0000,24.3141,10.6859,600.0000,23.63,119.76,3.0300,3.47,279.39,1.356961e-03
6382,33.7638,140.00,24.04,35.0000,24.3141,10.6859,600.0000,24.05,119.76,3.0300,0.00,279.38,1.357111e-03
6383,33.9906,140.00,24.56,35.0000,24.3141,10.6859,600.0000,24.53,119.76,3.0300,3.16,279.37,1.357261e-03
6384,33.2863,140.00,25.02,35.0000,24.3141,10.6859,600.0000,25.04,119.76,3.0300,0.00,279.36,1.357412e-03
6385,33.8460,140.00,25.54,35.0000,24.3141,10.6859,600.0000,25.56,119.76,3.0300,0.00,279.35,1.357562e-03
6386,33.2433,140.00,26.11,35.0000,24.3141,10.6859,600.0000,26.04,119.76,3.0300,3.54,279.33,1.357712e-03
6387,34.0972,140.00,26.55,35.0000,24.3141,10.6859,600.0000,26.46,119.76,3.0300,3.73,279.32,1.357862e-03
6388,33.4298,140.00,26.81,35.0000,24.3141,10.6859,600.0000,26.77,119.76,3.0300,3.14,279.31,1.358013e-03
6389,34.0866,140.00,26.99,35.0000,24.3141,10.6859,600.0000,26.97,119.76,3.0300,2.78,279.30,1.358163e-03
6390,33.3306,140.00,27.01,35.0000,24.3141,10.6859,600.0000,27.04,119.76,3.0300,0.00,279.29,1.358313e-03
6391,33.7800,140.00,26.99,35.0000,24.3141,10.6859,600.0000,26.97,119.76,3.0300,2.94,279.28,1.358463e-03
6392,33.9003,140.00,26.83,35.0000,24.3141,10.6859,600.0000,26.77,119.76,3.0300,3.48,279.26,1.358613e-03
6393,33.8419,140.00,26.53,35.0000,24.3141,10.6859,600.0000,26.45,119.76,3.0300,3.61,279.25,1.358764e-03
6394,33.3572,140.00,26.18,35.0000,24.3141,10.6859,600.0000,26.04,119.76,3.0300,4.02,279.24,1.358914e-03
6395,33.7184,140.00,25.48,35.0000,24.3141,10.6859,600.0000,25.56,119.76,3.0300,0.00,279.23,1.359064e-03
6396,33.8542,140.00,25.08,35.0000,24.3141,10.6859,600.0000,25.04,119.76,3.0300,3.28,279.22,1.359214e-03
6397,33.5911,140.00,24.52,35.0000,24.3141,10.6859,600.0000,24.52,119.76,3.0300,0.00,279.21,1.359365e-03
6398,33.5979,140.00,24.09,35.0000,24.3141,10.6859,600.0000,24.04,119.76,3.0300,3.39,279.19,1.359515e-03
6399,34.0514,140.00,23.62,35.0000,24.3141,10.6859,600.0000,23.62,119.76,3.0300,0.00,279.18,1.359665e-03
6400,33.5145,140.00,23.36,35.0000,24.3141,10.6859,600.0000,23.31,119.76,3.0300,3.36,279.17,1.359815e-03
6401,33.9003,140.00,23.09,35.0000,24.3141,10.6859,600.0000,23.10,119.76,3.0300,0.00,279.16,1.359965e-03
6402,33.4249,140.00,23.05,35.0000,24.3141,10.6859,600.0000,23.04,119.76,3.0300,2.70,279.15,1.360116e-03
6403,34.2644,140.00,23.07,35.0000,24.3141,10.6859,600.0000,23.10,119.76,3.0300,0.00,279.14,1.360266e-03
6404,34.3054,140.00,23.28,35.0000,24.3141,10.6859,600.0000,23.30,119.76,3.0300,0.00,279.12,1.360416e-03
6405,33.6171,140.00,23.54,35.0000,24.3141,10.6859,600.0000,23.62,119.76,3.0300,0.00,279.11,1.360566e-03
6406,33.6384,140.00,24.00,35.0000,24.3141,10.6859,600.0000,24.03,119.76,3.0300,0.00,279.10,1.360717e-03
6407,34.0803,140.00,24.55,35.0000,24.3141,10.6859,600.0000,24.52,119.76,3.0300,3.19,279.09,1.360867e-03
6408,34.2717,140.00,25.02,35.0000,24.3141,10.6859,600.0000,25.03,119.76,3.0300,0.00,279.08,1.361017e-03
6409,34.3046,140.00,25.60,35.0000,24.3141,10.6859,600.0000,25.55,119.76,3.0300,3.40,279.07,1.361167e-03
6410,33.5867,140.00,26.14,35.0000,24.3141,10.6859,600.0000,26.03,119.76,3.0300,3.81,279.05,1.361317e-03
6411,34.3102,140.00,26.45,35.0000,24.3141,10.6859,600.0000,26.45,119.76,3.0300,2.23,279.04,1.361468e-03
6412,34.5148,140.00,26.76,35.0000,24.3141,10.6859,600.0000,26.76,119.76,3.0300,0.00,279.03,1.361618e-03
6413,33.8942,140.00,26.99,35.0000,24.3141,10.6859,600.0000,26.96,119.76,3.0300,3.03,279.02,1.361768e-03
6414,33.6263,140.00,26.96,35.0000,24.3141,10.6859,600.0000,27.03,119.76,3.0300,0.00,279.01,1.361918e-03
6415,34.3657,140.00,26.99,35.0000,24.3141,10.6859,600.0000,26.96,119.76,3.0300,3.01,279.00,1.362069e-03
6416,34.5560,140.00,26.80,35.0000,24.3141,10.6859,600.0000,26.76,119.76,3.0300,3.19,278.98,1.362219e-03
6417,33.7491,140.00,26.41,35.0000,24.3141,10.6859,600.0000,26.44,119.76,3.0300,0.00,278.97,1.362369e-03
6418,34.3385,140.00,26.04,35.0000,24.3141,10.6859,600.0000,26.03,119.76,3.0300,2.72,278.96,1.362519e-03
6419,34.3125,140.00,25.51,35.0000,24.3141,10.6859,600.0000,25.55,119.76,3.0300,0.00,278.95,1.362669e-03
6420,34.0573,140.00,24.95,35.0000,24.3141,10.6859,600.0000,25.03,119.76,3.0300,0.00,278.94,1.362820e-03
6421,33.7094,140.00,24.48,35.0000,24.3141,10.6859,600.0000,24.51,119.76,3.0300,0.00,278.93,1.362970e-03
6422,33.9112,140.00,23.99,35.0000,24.3141,10.6859,600.0000,24.03,119.76,3.0300,0.00,278.91,1.363120e-03
6423,34.0649,140.00,23.66,35.0000,24.3141,10.6859,600.0000,23.61,119.76,3.0300,3.30,278.90,1.363270e-03
6424,33.7377,140.00,23.44,35.0000,24.3141,10.6859,600.0000,23.30,119.76,3.0300,4.09,278.89,1.363420e-03
6425,33.7802,140.00,23.20,35.0000,24.3141,10.6859,600.0000,23.10,119.76,3.0300,3.85,278.88,1.363571e-03
6426,33.7151,140.00,23.11,35.0000,24.3141,10.6859,600.0000,23.03,119.76,3.0300,3.70,278.87,1.363721e-03
6427,34.3125,140.00,23.11,35.0000,24.3141,10.6859,600.0000,23.09,119.76,3.0300,2.82,278.85,1.363871e-03
6428,33.8586,140.00,23.29,35.0000,24.3141,10.6859,600.0000,23.29,119.76,3.0300,0.00,278.84,1.364021e-03
6429,33.8292,140.00,23.67,35.0000,24.3141,10.6859,600.0000,23.61,119.76,3.0300,3.42,278.83,1.364172e-03
6430,34.5054,140.00,24.00,35.0000,24.3141,10.6859,600.0000,24.03,119.76,3.0300,0.00,278.82,1.364322e-03
6431,33.7867,140.00,24.54,35.0000,24.3141,10.6859,600.0000,24.51,119.76,3.0300,3.21,278.81,1.364472e-03
6432,34.7726,140.00,25.05,35.0000,24.3141,10.6859,600.0000,25.02,119.76,3.0300,3.04,278.80,1.364622e-03
6433,34.2838,140.00,25.53,35.0000,24.3141,10.6859,600.0000,25.54,119.76,3.0300,0.00,278.78,1.364772e-03
6434,34.4988,140.00,26.03,35.0000,24.3141,10.6859,600.0000,26.02,119.76,3.0300,2.53,278.77,1.364923e-03
6435,34.7666,140.00,26.49,35.0000,24.3141,10.6859,600.0000,26.44,119.76,3.0300,3.39,278.76,1.365073e-03
6436,34.0622,140.00,26.71,35.0000,24.3141,10.6859,600.0000,26.76,119.76,3.0300,0.00,278.75,1.365223e-03
6437,34.4864,140.00,26.94,35.0000,24.3141,10.6859,600.0000,26.95,119.76,3.0300,0.00,278.74,1.365373e-03
6438,34.3819,140.00,26.98,35.0000,24.3141,10.6859,600.0000,27.02,119.76,3.0300,0.00,278.73,1.365523e-03
6439,34.4221,140.00,26.94,35.0000,24.3141,10.6859,600.0000,26.95,119.76,3.0300,0.00,278.71,1.365674e-03
6440,33.9768,140.00,26.73,35.0000,24.3141,10.6859,600.0000,26.75,119.76,3.0300,0.00,278.70,1.365824e-03
6441,34.5230,140.00,26.39,35.0000,24.3141,10.6859,600.0000,26.44,119.76,3.0300,0.00,278.69,1.365974e-03
6442,34.3953,140.00,26.11,35.0000,24.3141,10.6859,600.0000,26.02,119.76,3.0300,3.69,278.68,1.366124e-03
6443,34.7608,140.00,25.56,35.0000,24.3141,10.6859,600.0000,25.54,119.76,3.0300,3.04,278.67,1.366275e-03
6444,34.6469,140.00,25.04,35.0000,24.3141,10.6859,600.0000,25.02,119.76,3.0300,2.87,278.66,1.366425e-03
6445,34.1755,140.00,24.58,35.0000,24.3141,10.6859,600.0000,24.50,119.76,3.0300,3.63,278.64,1.366575e-03
6446,34.1488,140.00,24.04,35.0000,24.3141,10.6859,600.0000,24.02,119.76,3.0300,2.96,278.63,1.366725e-03
6447,34.4577,140.00,23.65,35.0000,24.3141,10.6859,600.0000,23.61,119.76,3.0300,3.29,278.62,1.366875e-03
6448,34.7209,140.00,23.34,35.0000,24.3141,10.6859,600.0000,23.29,119.76,3.0300,3.38,278.61,1.367026e-03
6449,34.1239,140.00,23.08,35.0000,24.3141,10.6859,600.0000,23.09,119.76,3.0300,0.00,278.60,1.367176e-03
6450,34.1362,140.00,23.06,35.0000,24.3141,10.6859,600.0000,23.02,119.76,3.0300,3.28,278.59,1.367326e-03
6451,34.3775,140.00,23.10,35.0000,24.3141,10.6859,600.0000,23.09,119.76,3.0300,2.79,278.57,1.367476e-03
6452,34.9543,140.00,23.33,35.0000,24.3141,10.6859,600.0000,23.29,119.76,3.0300,3.29,278.56,1.367626e-03
6453,34.7412,140.00,23.62,35.0000,24.3141,10.6859,600.0000,23.60,119.76,3.0300,2.92,278.55,1.367777e-03
6454,34.3885,140.00,24.01,35.0000,24.3141,10.6859,600.0000,24.02,119.76,3.0300,0.00,278.54,1.367927e-03
6455,34.3508,140.00,24.55,35.0000,24.3141,10.6859,600.0000,24.50,119.76,3.0300,3.39,278.53,1.368077e-03
6456,34.6268,140.00,25.05,35.0000,24.3141,10.6859,600.0000,25.02,119.76,3.0300,3.22,278.52,1.368227e-03
6457,34.7015,140.00,25.53,35.0000,24.3141,10.6859,600.0000,25.53,119.76,3.0300,0.00,278.51,1.368377e-03
6458,34.2456,140.00,25.96,35.0000,24.3141,10.6859,600.0000,26.02,119.76,3.0300,0.00,278.49,1.368528e-03
6459,34.7863,140.00,26.39,35.0000,24.3141,10.6859,600.0000,26.43,119.76,3.0300,0.00,278.48,1.368678e-03
6460,34.8281,140.00,26.74,35.0000,24.3141,10.6859,600.0000,26.75,119.76,3.0300,0.00,278.47,1.368828e-03
6461,34.5313,140.00,26.89,35.0000,24.3141,10.6859,600.0000,26.95,119.76,3.0300,0.00,278.46,1.368978e-03
6462,34.7580,140.00,26.99,35.0000,24.3141,10.6859,600.0000,27.01,119.76,3.0300,0.00,278.45,1.369128e-03
6463,34.5716,140.00,26.92,35.0000,24.3141,10.6859,600.0000,26.95,119.76,3.0300,0.00,278.44,1.369279e-03
6464,34.7774,140.00,26.73,35.0000,24.3141,10.6859,600.0000,26.75,119.76,3.0300,0.00,278.42,1.369429e-03
6465,35.1711,140.00,26.42,35.0000,24.3141,10.6859,600.0000,26.43,119.76,3.0300,0.00,278.41,1.369579e-03
6466,34.6217,140.00,25.96,35.0000,24.3141,10.6859,600.0000,26.01,119.76,3.0300,0.00,278.40,1.369729e-03
6467,35.2203,140.00,25.54,35.0000,24.3141,10.6859,600.0000,25.53,119.76,3.0300,2.69,278.39,1.369879e-03
6468,35.2866,140.00,25.03,35.0000,24.3141,10.6859,600.0000,25.01,119.76,3.0300,2.79,278.38,1.370030e-03
6469,34.5037,140.00,24.44,35.0000,24.3141,10.6859,600.0000,24.50,119.76,3.0300,0.00,278.37,1.370180e-03
6470,34.5632,140.00,24.00,35.0000,24.3141,10.6859,600.0000,24.01,119.76,3.0300,0.00,278.35,1.370330e-03
6471,35.0945,140.00,23.60,35.0000,24.3141,10.6859,600.0000,23.60,119.76,3.0300,2.50,278.34,1.370480e-03
6472,34.5912,140.00,23.32,35.0000,24.3141,10.6859,600.0000,23.28,119.76,3.0300,3.22,278.33,1.370631e-03
6473,35.1530,140.00,23.09,35.0000,24.3141,10.6859,600.0000,23.08,119.76,3.0300,2.75,278.32,1.370781e-03
6474,34.7895,140.00,23.00,35.0000,24.3141,10.6859,600.0000,23.01,119.76,3.0300,0.00,278.31,1.370931e-03
6475,35.0092,140.00,23.07,35.0000,24.3141,10.6859,600.0000,23.08,119.76,3.0300,0.00,278.30,1.371081e-03
6476,34.8822,140.00,23.28,35.0000,24.3141,10.6859,600.0000,23.28,119.76,3.0300,2.26,278.28,1.371231e-03
6477,35.3064,140.00,23.58,35.0000,24.3141,10.6859,600.0000,23.60,119.76,3.0300,0.00,278.27,1.371382e-03
6478,34.6261,140.00,24.03,35.0000,24.3141,10.6859,600.0000,24.01,119.76,3.0300,2.91,278.26,1.371532e-03
6479,34.5505,140.00,24.50,35.0000,24.3141,10.6859,600.0000,24.49,119.76,3.0300,2.34,278.25,1.371682e-03
6480,34.9059,140.00,25.04,35.0000,24.3141,10.6859,600.0000,25.01,119.76,3.0300,3.12,278.24,1.371832e-03
6481,34.7347,140.00,25.55,35.0000,24.3141,10.6859,600.0000,25.53,119.76,3.0300,2.93,278.23,1.371982e-03
6482,35.4382,140.00,26.03,35.0000,24.3141,10.6859,600.0000,26.01,119.76,3.0300,2.83,278.21,1.372133e-03
6483,34.9039,140.00,26.41,35.0000,24.3141,10.6859,600.0000,26.42,119.76,3.0300,0.00,278.20,1.372283e-03
6484,35.5048,140.00,26.74,35.0000,24.3141,10.6859,600.0000,26.74,119.76,3.0300,2.07,278.19,1.372433e-03
6485,34.7817,140.00,26.92,35.0000,24.3141,10.6859,600.0000,26.94,119.76,3.0300,0.00,278.18,1.372583e-03
6486,34.7648,140.00,27.01,35.0000,24.3141,10.6859,600.0000,27.01,119.76,3.0300,0.00,278.17,1.372733e-03
6487,35.2434,140.00,26.96,35.0000,24.3141,10.6859,600.0000,26.94,119.76,3.0300,2.97,278.16,1.372884e-03
6488,34.7790,140.00,26.73,35.0000,24.3141,10.6859,600.0000,26.74,119.76,3.0300,0.00,278.14,1.373034e-03
6489,35.5726,140.00,26.43,35.0000,24.3141,10.6859,600.0000,26.42,119.76,3.0300,2.47,278.13,1.373184e-03
6490,34.6742,140.00,25.96,35.0000,24.3141,10.6859,600.0000,26.01,119.76,3.0300,0.00,278.12,1.373334e-03
6491,35.3270,140.00,25.54,35.0000,24.3141,10.6859,600.0000,25.53,119.76,3.0300,2.70,278.11,1.373484e-03
6492,35.0630,140.00,24.99,35.0000,24.3141,10.6859,600.0000,25.01,119.76,3.0300,0.00,278.10,1.373635e-03
6493,35.6067,140.00,24.49,35.0000,24.3141,10.6859,600.0000,24.49,119.76,3.0300,2.03,278.09,1.373785e-03
6494,34.9948,140.00,24.01,35.0000,24.3141,10.6859,600.0000,24.01,119.76,3.0300,2.41,278.07,1.373935e-03
6495,35.6731,140.00,23.59,35.0000,24.3141,10.6859,600.0000,23.59,119.76,3.0300,0.00,278.06,1.374085e-03
6496,35.5801,140.00,23.27,35.0000,24.3141,10.6859,600.0000,23.27,119.76,3.0300,0.00,278.05,1.374235e-03
6497,35.1029,140.00,23.09,35.0000,24.3141,10.6859,600.0000,23.08,119.76,3.0300,2.69,278.04,1.374386e-03
6498,35.2222,140.00,22.99,35.0000,24.3141,10.6859,600.0000,23.01,119.76,3.0300,0.00,278.03,1.374536e-03
6499,35.4868,140.00,23.08,35.0000,24.3141,10.6859,600.0000,23.07,119.76,3.0300,2.63,278.02,1.374686e-03
6500,35.6265,140.00,23.28,35.0000,24.3141,10.6859,600.0000,23.27,119.76,3.0300,2.31,278.00,1.374836e-03
6501,35.6052,140.00,23.58,35.0000,24.3141,10.6859,600.0000,23.59,119.76,3.0300,0.00,277.99,1.374986e-03
6502,34.8443,140.00,24.04,35.0000,24.3141,10.6859,600.0000,24.01,119.76,3.0300,3.22,277.98,1.375136e-03
6503,35.3302,140.00,24.49,35.0000,24.3141,10.6859,600.0000,24.49,119.76,3.0300,2.40,277.97,1.375287e-03
6504,35.6405,140.00,25.01,35.0000,24.3141,10.6859,600.0000,25.01,119.76,3.0300,2.01,277.96,1.375437e-03
6505,35.7060,140.00,25.52,35.0000,24.3141,10.6859,600.0000,25.52,119.76,3.0300,0.00,277.95,1.375587e-03
6506,35.1406,140.00,25.99,35.0000,24.3141,10.6859,600.0000,26.01,119.76,3.0300,0.00,277.94,1.375737e-03
6507,35.1105,140.00,26.44,35.0000,24.3141,10.6859,600.0000,26.42,119.76,3.0300,2.97,277.92,1.375887e-03
6508,35.6800,140.00,26.73,35.0000,24.3141,10.6859,600.0000,26.74,119.76,3.0300,0.00,277.91,1.376038e-03
6509,34.9618,140.00,26.93,35.0000,24.3141,10.6859,600.0000,26.94,119.76,3.0300,0.00,277.90,1.376188e-03
6510,35.2978,140.00,26.99,35.0000,24.3141,10.6859,600.0000,27.00,119.76,3.0300,0.00,277.89,1.376338e-03
6511,35.3633,140.00,26.95,35.0000,24.3141,10.6859,600.0000,26.94,119.76,3.0300,2.76,277.88,1.376488e-03
6512,35.8568,140.00,26.73,35.0000,24.3141,10.6859,600.0000,26.74,119.76,3.0300,0.00,277.87,1.376638e-03
6513,35.6229,140.00,26.40,35.0000,24.3141,10.6859,600.0000,26.42,119.76,3.0300,0.00,277.85,1.376789e-03
6514,35.8161,140.00,25.99,35.0000,24.3141,10.6859,600.0000,26.00,119.76,3.0300,0.00,277.84,1.376939e-03
6515,35.5799,140.00,25.51,35.0000,24.3141,10.6859,600.0000,25.52,119.76,3.0300,0.00,277.83,1.377089e-03
6516,35.6634,140.00,25.01,35.0000,24.3141,10.6859,600.0000,25.00,119.76,3.0300,2.37,277.82,1.377239e-03
6517,35.3887,140.00,24.50,35.0000,24.3141,10.6859,600.0000,24.49,119.76,3.0300,2.78,277.81,1.377389e-03
6518,35.7107,140.00,23.99,35.0000,24.3141,10.6859,600.0000,24.00,119.76,3.0300,0.00,277.80,1.377540e-03
6519,35.2908,140.00,23.62,35.0000,24.3141,10.6859,600.0000,23.59,119.76,3.0300,3.11,277.78,1.377690e-03
6520,35.7835,140.00,23.26,35.0000,24.3141,10.6859,600.0000,23.27,119.76,3.0300,0.00,277.77,1.377840e-03
6521,35.6716,140.00,23.06,35.0000,24.3141,10.6859,600.0000,23.07,119.76,3.0300,0.00,277.76,1.377990e-03
6522,35.1660,140.00,23.01,35.0000,24.3141,10.6859,600.0000,23.00,119.76,3.0300,2.56,277.75,1.378140e-03
6523,35.1854,140.00,23.09,35.0000,24.3141,10.6859,600.0000,23.07,119.76,3.0300,2.81,277.74,1.378291e-03
6524,35.3528,140.00,23.25,35.0000,24.3141,10.6859,600.0000,23.27,119.76,3.0300,0.00,277.73,1.378441e-03
6525,35.2105,140.00,23.60,35.0000,24.3141,10.6859,600.0000,23.59,119.76,3.0300,2.77,277.72,1.378591e-03
6526,35.9919,140.00,24.02,35.0000,24.3141,10.6859,600.0000,24.00,119.76,3.0300,2.83,277.70,1.378741e-03
6527,36.0787,140.00,24.49,35.0000,24.3141,10.6859,600.0000,24.48,119.76,3.0300,2.55,277.69,1.378891e-03
6528,35.8814,140.00,25.01,35.0000,24.3141,10.6859,600.0000,25.00,119.76,3.0300,2.38,277.68,1.379042e-03
6529,36.0397,140.00,25.53,35.0000,24.3141,10.6859,600.0000,25.52,119.76,3.0300,2.51,277.67,1.379192e-03
6530,35.2729,140.00,25.99,35.0000,24.3141,10.6859,600.0000,26.00,119.76,3.0300,0.00,277.66,1.379342e-03
6531,35.8982,140.00,26.42,35.0000,24.3141,10.6859,600.0000,26.42,119.76,3.0300,2.43,277.65,1.379492e-03
6532,35.5816,140.00,26.74,35.0000,24.3141,10.6859,600.0000,26.73,119.76,3.0300,2.59,277.63,1.379642e-03
6533,35.8724,140.00,26.93,35.0000,24.3141,10.6859,600.0000,26.93,119.76,3.0300,0.00,277.62,1.379792e-03
6534,36.2713,140.00,27.01,35.0000,24.3141,10.6859,600.0000,27.00,119.76,3.0300,2.35,277.61,1.379943e-03
6535,35.6105,140.00,26.94,35.0000,24.3141,10.6859,600.0000,26.93,119.76,3.0300,2.54,277.60,1.380093e-03
6536,35.6549,140.00,26.75,35.0000,24.3141,10.6859,600.0000,26.73,119.76,3.0300,2.86,277.59,1.380243e-03
6537,35.9720,140.00,26.43,35.0000,24.3141,10.6859,600.0000,26.42,119.76,3.0300,2.72,277.58,1.380393e-03
6538,35.6283,140.00,25.99,35.0000,24.3141,10.6859,600.0000,26.00,119.76,3.0300,0.00,277.56,1.380543e-03
6539,36.0896,140.00,25.51,35.0000,24.3141,10.6859,600.0000,25.52,119.76,3.0300,0.00,277.55,1.380694e-03
6540,36.2161,140.00,25.01,35.0000,24.3141,10.6859,600.0000,25.00,119.76,3.0300,2.75,277.54,1.380844e-03
6541,35.5232,140.00,24.48,35.0000,24.3141,10.6859,600.0000,24.48,119.76,3.0300,0.00,277.53,1.380994e-03
6542,36.1782,140.00,24.01,35.0000,24.3141,10.6859,600.0000,24.00,119.76,3.0300,2.59,277.52,1.381144e-03
6543,36.3252,140.00,23.59,35.0000,24.3141,10.6859,600.0000,23.59,119.76,3.0300,2.19,277.51,1.381294e-03
6544,36.0531,140.00,23.25,35.0000,24.3141,10.6859,600.0000,23.27,119.76,3.0300,0.00,277.50,1.381445e-03
6545,36.2963,140.00,23.07,35.0000,24.3141,10.6859,600.0000,23.07,119.76,3.0300,2.28,277.48,1.381595e-03
6546,36.1631,140.00,23.00,35.0000,24.3141,10.6859,600.0000,23.00,119.76,3.0300,2.29,277.47,1.381745e-03
6547,35.9888,140.00,23.06,35.0000,24.3141,10.6859,600.0000,23.07,119.76,3.0300,0.00,277.46,1.381895e-03
6548,36.1048,140.00,23.27,35.0000,24.3141,10.6859,600.0000,23.27,119.76,3.0300,2.43,277.45,1.382045e-03
6549,35.7547,140.00,23.58,35.0000,24.3141,10.6859,600.0000,23.59,119.76,3.0300,0.00,277.44,1.382195e-03
6550,36.4649,140.00,24.01,35.0000,24.3141,10.6859,600.0000,24.00,119.76,3.0300,2.60,277.43,1.382346e-03
6551,35.6394,140.00,24.48,35.0000,24.3141,10.6859,600.0000,24.48,119.76,3.0300,0.00,277.41,1.382496e-03
6552,35.8645,140.00,25.01,35.0000,24.3141,10.6859,600.0000,25.00,119.76,3.0300,2.61,277.40,1.382646e-03
6553,35.9012,140.00,25.52,35.0000,24.3141,10.6859,600.0000,25.52,119.76,3.0300,0.00,277.39,1.382796e-03
6554,35.8598,140.00,26.01,35.0000,24.3141,10.6859,600.0000,26.00,119.76,3.0300,2.48,277.38,1.382946e-03
6555,36.3733,140.00,26.42,35.0000,24.3141,10.6859,600.0000,26.41,119.76,3.0300,2.23,277.37,1.383097e-03
6556,35.8603,140.00,26.74,35.0000,24.3141,10.6859,600.0000,26.73,119.76,3.0300,2.54,277.36,1.383247e-03
6557,36.4151,140.00,26.92,35.0000,24.3141,10.6859,600.0000,26.93,119.76,3.0300,0.00,277.34,1.383397e-03
6558,35.6476,140.00,27.01,35.0000,24.3141,10.6859,600.0000,27.00,119.76,3.0300,2.58,277.33,1.383547e-03
6559,35.7247,140.00,26.94,35.0000,24.3141,10.6859,600.0000,26.93,119.76,3.0300,2.69,277.32,1.383697e-03
6560,36.5379,140.00,26.74,35.0000,24.3141,10.6859,600.0000,26.73,119.76,3.0300,2.64,277.31,1.383847e-03
6561,36.0206,140.00,26.42,35.0000,24.3141,10.6859,600.0000,26.41,119.76,3.0300,2.38,277.30,1.383998e-03
6562,36.1813,140.00,26.01,35.0000,24.3141,10.6859,600.0000,26.00,119.76,3.0300,2.44,277.29,1.384148e-03
6563,36.2312,140.00,25.52,35.0000,24.3141,10.6859,600.0000,25.52,119.76,3.0300,0.71,277.28,1.384298e-03
6564,36.4844,140.00,25.00,35.0000,24.3141,10.6859,600.0000,25.00,119.76,3.0300,0.00,277.26,1.384448e-03
6565,36.4448,140.00,24.48,35.0000,24.3141,10.6859,600.0000,24.48,119.76,3.0300,1.85,277.25,1.384598e-03
6566,35.7298,140.00,24.02,35.0000,24.3141,10.6859,600.0000,24.00,119.76,3.0300,2.90,277.24,1.384749e-03
6567,36.5406,140.00,23.59,35.0000,24.3141,10.6859,600.0000,23.59,119.76,3.0300,2.34,277.23,1.384899e-03
6568,36.3848,140.00,23.27,35.0000,24.3141,10.6859,600.0000,23.27,119.76,3.0300,2.22,277.22,1.385049e-03
6569,35.9624,140.00,23.08,35.0000,24.3141,10.6859,600.0000,23.07,119.76,3.0300,2.60,277.21,1.385199e-03
6570,35.8222,140.00,23.01,35.0000,24.3141,10.6859,600.0000,23.00,119.76,3.0300,2.60,277.19,1.385349e-03
6571,36.1605,140.00,23.08,35.0000,24.3141,10.6859,600.0000,23.07,119.76,3.0300,2.75,277.18,1.385499e-03
6572,35.8951,140.00,23.26,35.0000,24.3141,10.6859,600.0000,23.27,119.76,3.0300,0.00,277.17,1.385650e-03
6573,35.9166,140.00,23.58,35.0000,24.3141,10.6859,600.0000,23.59,119.76,3.0300,0.00,277.16,1.385800e-03
6574,36.3519,140.00,24.00,35.0000,24.3141,10.6859,600.0000,24.00,119.76,3.0300,1.99,277.15,1.385950e-03
6575,36.3676,140.00,24.48,35.0000,24.3141,10.6859,600.0000,24.48,119.76,3.0300,0.00,277.14,1.386100e-03
6576,36.2930,140.00,25.00,35.0000,24.3141,10.6859,600.0000,25.00,119.76,3.0300,2.15,277.13,1.386250e-03
6577,36.0676,140.00,25.51,35.0000,24.3141,10.6859,600.0000,25.52,119.76,3.0300,0.00,277.11,1.386401e-03
6578,36.0901,140.00,26.00,35.0000,24.3141,10.6859,600.0000,26.00,119.76,3.0300,2.24,277.10,1.386551e-03
6579,36.1874,140.00,26.43,35.0000,24.3141,10.6859,600.0000,26.41,119.76,3.0300,2.76,277.09,1.386701e-03
6580,36.6730,140.00,26.74,35.0000,24.3141,10.6859,600.0000,26.73,119.76,3.0300,2.38,277.08,1.386851e-03
6581,36.2361,140.00,26.94,35.0000,24.3141,10.6859,600.0000,26.93,119.76,3.0300,2.62,277.07,1.387001e-03
6582,36.4793,140.00,27.00,35.0000,24.3141,10.6859,600.0000,27.00,119.76,3.0300,0.00,277.06,1.387151e-03
6583,35.9566,140.00,26.93,35.0000,24.3141,10.6859,600.0000,26.93,119.76,3.0300,2.26,277.04,1.387302e-03
6584,36.4873,140.00,26.73,35.0000,24.3141,10.6859,600.0000,26.73,119.76,3.0300,0.00,277.03,1.387452e-03
6585,36.5981,140.00,26.42,35.0000,24.3141,10.6859,600.0000,26.41,119.76,3.0300,2.46,277.02,1.387602e-03
6586,36.7982,140.00,26.00,35.0000,24.3141,10.6859,600.0000,26.00,119.76,3.0300,2.02,277.01,1.387752e-03
6587,35.9952,140.00,25.51,35.0000,24.3141,10.6859,600.0000,25.52,119.76,3.0300,0.00,277.00,1.387902e-03
6588,36.4582,140.00,25.01,35.0000,24.3141,10.6859,600.0000,25.00,119.76,3.0300,2.43,276.99,1.388053e-03
6589,36.2910,140.00,24.47,35.0000,24.3141,10.6859,600.0000,24.48,119.76,3.0300,0.00,276.98,1.388203e-03
6590,36.0304,140.00,24.01,35.0000,24.3141,10.6859,600.0000,24.00,119.76,3.0300,2.68,276.96,1.388353e-03
6591,36.4461,140.00,23.58,35.0000,24.3141,10.6859,600.0000,23.59,119.76,3.0300,0.00,276.95,1.388503e-03
6592,36.0655,140.00,23.27,35.0000,24.3141,10.6859,600.0000,23.27,119.76,3.0300,0.00,276.94,1.388653e-03
6593,36.2495,140.00,23.06,35.0000,24.3141,10.6859,600.0000,23.07,119.76,3.0300,0.00,276.93,1.388803e-03
6594,36.9430,140.00,22.99,35.0000,24.3141,10.6859,600.0000,23.00,119.76,3.0300,0.00,276.92,1.388954e-03
6595,36.2734,140.00,23.06,35.0000,24.3141,10.6859,600.0000,23.07,119.76,3.0300,0.00,276.91,1.389104e-03
6596,36.1007,140.00,23.28,35.0000,24.3141,10.6859,600.0000,23.27,119.76,3.0300,2.82,276.90,1.389254e-03
6597,36.1267,140.00,23.59,35.0000,24.3141,10.6859,600.0000,23.59,119.76,3.0300,2.58,276.88,1.389404e-03
6598,36.2310,140.00,24.00,35.0000,24.3141,10.6859,600.0000,24.00,119.76,3.0300,2.17,276.87,1.389554e-03
6599,36.6558,140.00,24.49,35.0000,24.3141,10.6859,600.0000,24.48,119.76,3.0300,2.42,276.86,1.389704e-03
6600,36.1542,140.00,25.00,35.0000,24.3141,10.6859,600.0000,25.00,119.76,3.0300,0.00,276.85,1.389855e-03
6601,36.9459,140.00,25.52,35.0000,24.3141,10.6859,600.0000,25.52,119.76,3.0300,2.39,276.84,1.390005e-03
6602,36.3133,140.00,26.01,35.0000,24.3141,10.6859,600.0000,26.00,119.76,3.0300,2.60,276.83,1.390155e-03
6603,36.1197,140.00,26.40,35.0000,24.3141,10.6859,600.0000,26.42,119.76,3.0300,0.00,276.81,1.390305e-03
6604,36.2483,140.00,26.73,35.0000,24.3141,10.6859,600.0000,26.73,119.76,3.0300,0.00,276.80,1.390455e-03
6605,36.4471,140.00,26.93,35.0000,24.3141,10.6859,600.0000,26.93,119.76,3.0300,0.00,276.79,1.390606e-03
6606,36.1195,140.00,27.01,35.0000,24.3141,10.6859,600.0000,27.00,119.76,3.0300,2.68,276.78,1.390756e-03
6607,36.4533,140.00,26.93,35.0000,24.3141,10.6859,600.0000,26.93,119.76,3.0300,0.00,276.77,1.390906e-03
6608,36.2745,140.00,26.73,35.0000,24.3141,10.6859,600.0000,26.73,119.76,3.0300,0.00,276.76,1.391056e-03
6609,36.6606,140.00,26.41,35.0000,24.3141,10.6859,600.0000,26.42,119.76,3.0300,0.00,276.75,1.391206e-03
6610,36.5622,140.00,26.01,35.0000,24.3141,10.6859,600.0000,26.00,119.76,3.0300,2.66,276.73,1.391356e-03
6611,36.9029,140.00,25.53,35.0000,24.3141,10.6859,600.0000,25.52,119.76,3.0300,2.56,276.72,1.391507e-03
6612,36.4635,140.00,25.01,35.0000,24.3141,10.6859,600.0000,25.00,119.76,3.0300,2.35,276.71,1.391657e-03
6613,36.3909,140.00,24.48,35.0000,24.3141,10.6859,600.0000,24.48,119.76,3.0300,0.00,276.70,1.391807e-03
6614,36.6637,140.00,24.01,35.0000,24.3141,10.6859,600.0000,24.00,119.76,3.0300,2.30,276.69,1.391957e-03
6615,37.0701,140.00,23.59,35.0000,24.3141,10.6859,600.0000,23.59,119.76,3.0300,2.36,276.68,1.392107e-03
6616,36.2214,140.00,23.27,35.0000,24.3141,10.6859,600.0000,23.27,119.76,3.0300,0.00,276.66,1.392257e-03
6617,37.0841,140.00,23.07,35.0000,24.3141,10.6859,600.0000,23.07,119.76,3.0300,0.00,276.65,1.392408e-03
6618,36.7051,140.00,23.01,35.0000,24.3141,10.6859,600.0000,23.00,119.76,3.0300,2.62,276.64,1.392558e-03
6619,36.5429,140.00,23.07,35.0000,24.3141,10.6859,600.0000,23.07,119.76,3.0300,0.00,276.63,1.392708e-03
6620,36.9426,140.00,23.27,35.0000,24.3141,10.6859,600.0000,23.27,119.76,3.0300,0.00,276.62,1.392858e-03
6621,37.1393,140.00,23.59,35.0000,24.3141,10.6859,600.0000,23.59,119.76,3.0300,0.00,276.61,1.393008e-03
6622,37.1282,140.00,24.00,35.0000,24.3141,10.6859,600.0000,24.00,119.76,3.0300,0.00,276.60,1.393158e-03
6623,37.0541,140.00,24.49,35.0000,24.3141,10.6859,600.0000,24.49,119.76,3.0300,1.97,276.58,1.393309e-03
6624,36.1840,140.00,25.00,35.0000,24.3141,10.6859,600.0000,25.00,119.76,3.0300,1.80,276.57,1.393459e-03
6625,36.8620,140.00,25.53,35.0000,24.3141,10.6859,600.0000,25.52,119.76,3.0300,2.61,276.56,1.393609e-03
6626,36.8587,140.00,26.00,35.0000,24.3141,10.6859,600.0000,26.00,119.76,3.0300,0.00,276.55,1.393759e-03
6627,36.3715,140.00,26.41,35.0000,24.3141,10.6859,600.0000,26.42,119.76,3.0300,0.00,276.54,1.393909e-03
6628,36.4685,140.00,26.74,35.0000,24.3141,10.6859,600.0000,26.74,119.76,3.0300,2.53,276.53,1.394059e-03
6629,36.4415,140.00,26.93,35.0000,24.3141,10.6859,600.0000,26.94,119.76,3.0300,0.00,276.52,1.394210e-03
6630,36.1974,140.00,27.00,35.0000,24.3141,10.6859,600.0000,27.00,119.76,3.0300,0.00,276.50,1.394360e-03
6631,36.8310,140.00,26.95,35.0000,24.3141,10.6859,600.0000,26.94,119.76,3.0300,2.63,276.49,1.394510e-03
6632,36.2122,140.00,26.73,35.0000,24.3141,10.6859,600.0000,26.74,119.76,3.0300,0.00,276.48,1.394660e-03
6633,36.8613,140.00,26.42,35.0000,24.3141,10.6859,600.0000,26.42,119.76,3.0300,0.00,276.47,1.394810e-03
6634,36.5699,140.00,26.01,35.0000,24.3141,10.6859,600.0000,26.01,119.76,3.0300,1.99,276.46,1.394960e-03
6635,36.7686,140.00,25.53,35.0000,24.3141,10.6859,600.0000,25.52,119.76,3.0300,2.25,276.45,1.395111e-03
6636,36.5249,140.00,25.01,35.0000,24.3141,10.6859,600.0000,25.01,119.76,3.0300,2.41,276.44,1.395261e-03
6637,36.7923,140.00,24.49,35.0000,24.3141,10.6859,600.0000,24.49,119.76,3.0300,2.20,276.42,1.395411e-03
6638,36.6453,140.00,24.01,35.0000,24.3141,10.6859,600.0000,24.01,119.76,3.0300,2.45,276.41,1.395561e-03
6639,36.8565,140.00,23.59,35.0000,24.3141,10.6859,600.0000,23.59,119.76,3.0300,2.18,276.40,1.395711e-03
6640,36.2688,140.00,23.28,35.0000,24.3141,10.6859,600.0000,23.27,119.76,3.0300,2.31,276.39,1.395861e-03
6641,36.3596,140.00,23.07,35.0000,24.3141,10.6859,600.0000,23.07,119.76,3.0300,0.00,276.38,1.396012e-03
6642,36.4768,140.00,23.00,35.0000,24.3141,10.6859,600.0000,23.01,119.76,3.0300,0.00,276.37,1.396162e-03
6643,36.7204,140.00,23.07,35.0000,24.3141,10.6859,600.0000,23.08,119.76,3.0300,0.00,276.35,1.396312e-03
6644,36.9772,140.00,23.28,35.0000,24.3141,10.6859,600.0000,23.27,119.76,3.0300,2.05,276.34,1.396462e-03
6645,36.8064,140.00,23.59,35.0000,24.3141,10.6859,600.0000,23.59,119.76,3.0300,1.89,276.33,1.396612e-03
6646,36.4333,140.00,24.00,35.0000,24.3141,10.6859,600.0000,24.01,119.76,3.0300,0.00,276.32,1.396762e-03
6647,36.4191,140.00,24.50,35.0000,24.3141,10.6859,600.0000,24.49,119.76,3.0300,2.64,276.31,1.396913e-03
6648,36.5521,140.00,25.01,35.0000,24.3141,10.6859,600.0000,25.01,119.76,3.0300,2.48,276.30,1.397063e-03
6649,36.3039,140.00,25.52,35.0000,24.3141,10.6859,600.0000,25.53,119.76,3.0300,0.00,276.29,1.397213e-03
6650,36.3677,140.00,26.01,35.0000,24.3141,10.6859,600.0000,26.01,119.76,3.0300,0.00,276.27,1.397363e-03
6651,36.6033,140.00,26.43,35.0000,24.3141,10.6859,600.0000,26.42,119.76,3.0300,2.41,276.26,1.397513e-03
6652,37.1820,140.00,26.74,35.0000,24.3141,10.6859,600.0000,26.74,119.76,3.0300,2.33,276.25,1.397663e-03
6653,37.1899,140.00,26.94,35.0000,24.3141,10.6859,600.0000,26.94,119.76,3.0300,0.00,276.24,1.397814e-03
6654,36.6574,140.00,27.00,35.0000,24.3141,10.6859,600.0000,27.01,119.76,3.0300,0.00,276.23,1.397964e-03
6655,36.3949,140.00,26.95,35.0000,24.3141,10.6859,600.0000,26.94,119.76,3.0300,2.44,276.22,1.398114e-03
6656,36.5349,140.00,26.74,35.0000,24.3141,10.6859,600.0000,26.74,119.76,3.0300,0.00,276.21,1.398264e-03
6657,36.9725,140.00,26.43,35.0000,24.3141,10.6859,600.0000,26.42,119.76,3.0300,2.06,276.19,1.398414e-03
6658,36.3724,140.00,26.00,35.0000,24.3141,10.6859,600.0000,26.01,119.76,3.0300,0.00,276.18,1.398564e-03
6659,37.2445,140.00,25.52,35.0000,24.3141,10.6859,600.0000,25.53,119.76,3.0300,0.00,276.17,1.398715e-03
6660,37.1641,140.00,25.02,35.0000,24.3141,10.6859,600.0000,25.01,119.76,3.0300,2.52,276.16,1.398865e-03
6661,36.8874,140.00,24.49,35.0000,24.3141,10.6859,600.0000,24.49,119.76,3.0300,0.00,276.15,1.399015e-03
6662,36.7774,140.00,24.01,35.0000,24.3141,10.6859,600.0000,24.01,119.76,3.0300,2.22,276.14,1.399165e-03
6663,36.3965,140.00,23.60,35.0000,24.3141,10.6859,600.0000,23.60,119.76,3.0300,0.00,276.13,1.399315e-03
6664,37.1202,140.00,23.28,35.0000,24.3141,10.6859,600.0000,23.28,119.76,3.0300,2.10,276.11,1.399465e-03
6665,37.1619,140.00,23.08,35.0000,24.3141,10.6859,600.0000,23.08,119.76,3.0300,2.25,276.10,1.399616e-03
6666,36.5044,140.00,23.02,35.0000,24.3141,10.6859,600.0000,23.01,119.76,3.0300,2.62,276.09,1.399766e-03
6667,36.9511,140.00,23.08,35.0000,24.3141,10.6859,600.0000,23.08,119.76,3.0300,2.12,276.08,1.399916e-03
6668,36.4937,140.00,23.29,35.0000,24.3141,10.6859,600.0000,23.28,119.76,3.0300,2.62,276.07,1.400066e-03
6669,36.4067,140.00,23.59,35.0000,24.3141,10.6859,600.0000,23.60,119.76,3.0300,0.00,276.06,1.400216e-03
6670,36.4183,140.00,24.02,35.0000,24.3141,10.6859,600.0000,24.01,119.76,3.0300,2.35,276.05,1.400366e-03
6671,36.8002,140.00,24.49,35.0000,24.3141,10.6859,600.0000,24.50,119.76,3.0300,0.00,276.03,1.400517e-03
6672,36.4142,140.00,25.01,35.0000,24.3141,10.6859,600.0000,25.01,119.76,3.0300,0.00,276.02,1.400667e-03
6673,37.2052,140.00,25.53,35.0000,24.3141,10.6859,600.0000,25.53,119.76,3.0300,2.27,276.01,1.400817e-03
6674,36.5259,140.00,26.01,35.0000,24.3141,10.6859,600.0000,26.01,119.76,3.0300,0.00,276.00,1.400967e-03
6675,36.3822,140.00,26.44,35.0000,24.3141,10.6859,600.0000,26.43,119.76,3.0300,2.63,275.99,1.401117e-03
6676,36.3640,140.00,26.75,35.0000,24.3141,10.6859,600.0000,26.75,119.76,3.0300,2.39,275.98,1.401267e-03
6677,37.0034,140.00,26.95,35.0000,24.3141,10.6859,600.0000,26.95,119.76,3.0300,2.30,275.97,1.401417e-03
6678,36.4479,140.00,27.03,35.0000,24.3141,10.6859,600.0000,27.01,119.76,3.0300,2.69,275.95,1.401568e-03
6679,36.7851,140.00,26.95,35.0000,24.3141,10.6859,600.0000,26.95,119.76,3.0300,2.50,275.94,1.401718e-03
6680,36.2447,140.00,26.76,35.0000,24.3141,10.6859,600.0000,26.75,119.76,3.0300,2.57,275.93,1.401868e-03
6681,36.8288,140.00,26.44,35.0000,24.3141,10.6859,600.0000,26.43,119.76,3.0300,2.44,275.92,1.402018e-03
6682,37.1075,140.00,26.02,35.0000,24.3141,10.6859,600.0000,26.02,119.76,3.0300,2.43,275.91,1.402168e-03
6683,36.9718,140.00,25.53,35.0000,24.3141,10.6859,600.0000,25.53,119.76,3.0300,0.00,275.90,1.402318e-03
6684,36.4894,140.00,25.01,35.0000,24.3141,10.6859,600.0000,25.02,119.76,3.0300,0.00,275.89,1.402469e-03
6685,37.0232,140.00,24.50,35.0000,24.3141,10.6859,600.0000,24.50,119.76,3.0300,2.37,275.87,1.402619e-03
6686,36.9160,140.00,24.01,35.0000,24.3141,10.6859,600.0000,24.02,119.76,3.0300,0.00,275.86,1.402769e-03
6687,36.5276,140.00,23.61,35.0000,24.3141,10.6859,600.0000,23.60,119.76,3.0300,2.69,275.85,1.402919e-03
6688,36.3775,140.00,23.28,35.0000,24.3141,10.6859,600.0000,23.29,119.76,3.0300,0.00,275.84,1.403069e-03
6689,36.6945,140.00,23.09,35.0000,24.3141,10.6859,600.0000,23.09,119.76,3.0300,0.00,275.83,1.403219e-03
6690,36.9056,140.00,23.02,35.0000,24.3141,10.6859,600.0000,23.02,119.76,3.0300,2.50,275.82,1.403370e-03
6691,36.5688,140.00,23.08,35.0000,24.3141,10.6859,600.0000,23.09,119.76,3.0300,0.00,275.81,1.403520e-03
6692,36.4028,140.00,23.29,35.0000,24.3141,10.6859,600.0000,23.29,119.76,3.0300,2.27,275.79,1.403670e-03
6693,37.0244,140.00,23.61,35.0000,24.3141,10.6859,600.0000,23.61,119.76,3.0300,2.21,275.78,1.403820e-03
6694,36.9240,140.00,24.02,35.0000,24.3141,10.6859,600.0000,24.02,119.76,3.0300,0.00,275.77,1.403970e-03
6695,36.5901,140.00,24.50,35.0000,24.3141,10.6859,600.0000,24.50,119.76,3.0300,0.00,275.76,1.404120e-03
6696,37.0517,140.00,25.02,35.0000,24.3141,10.6859,600.0000,25.02,119.76,3.0300,0.00,275.75,1.404270e-03
6697,36.9677,140.00,25.54,35.0000,24.3141,10.6859,600.0000,25.54,119.76,3.0300,0.00,275.74,1.404421e-03
6698,36.2825,140.00,26.01,35.0000,24.3141,10.6859,600.0000,26.02,119.76,3.0300,0.00,275.73,1.404571e-03
6699,36.1515,140.00,26.45,35.0000,24.3141,10.6859,600.0000,26.44,119.76,3.0300,2.81,275.71,1.404721e-03
6700,37.0762,140.00,26.75,35.0000,24.3141,10.6859,600.0000,26.75,119.76,3.0300,1.96,275.70,1.404871e-03
6701,37.1179,140.00,26.95,35.0000,24.3141,10.6859,600.0000,26.95,119.76,3.0300,1.93,275.69,1.405021e-03
6702,36.7344,140.00,27.03,35.0000,24.3141,10.6859,600.0000,27.02,119.76,3.0300,2.26,275.68,1.405171e-03
6703,36.7537,140.00,26.96,35.0000,24.3141,10.6859,600.0000,26.95,119.76,3.0300,2.63,275.67,1.405322e-03
6704,36.7296,140.00,26.77,35.0000,24.3141,10.6859,600.0000,26.76,119.76,3.0300,2.69,275.66,1.405472e-03
6705,37.0622,140.00,26.43,35.0000,24.3141,10.6859,600.0000,26.44,119.76,3.0300,0.00,275.65,1.405622e-03
6706,36.3076,140.00,26.03,35.0000,24.3141,10.6859,600.0000,26.02,119.76,3.0300,2.63,275.63,1.405772e-03
6707,36.4104,140.00,25.54,35.0000,24.3141,10.6859,600.0000,25.54,119.76,3.0300,0.00,275.62,1.405922e-03
6708,36.9513,140.00,25.02,35.0000,24.3141,10.6859,600.0000,25.02,119.76,3.0300,0.00,275.61,1.406072e-03
6709,36.8470,140.00,24.51,35.0000,24.3141,10.6859,600.0000,24.51,119.76,3.0300,0.00,275.60,1.406222e-03
6710,36.3885,140.00,24.03,35.0000,24.3141,10.6859,600.0000,24.03,119.76,3.0300,2.04,275.59,1.406373e-03
6711,36.5124,140.00,23.61,35.0000,24.3141,10.6859,600.0000,23.61,119.76,3.0300,0.00,275.58,1.406523e-03
6712,36.6538,140.00,23.30,35.0000,24.3141,10.6859,600.0000,23.29,119.76,3.0300,2.37,275.57,1.406673e-03
6713,37.0396,140.00,23.10,35.0000,24.3141,10.6859,600.0000,23.09,119.76,3.0300,2.48,275.55,1.406823e-03
6714,36.4399,140.00,23.02,35.0000,24.3141,10.6859,600.0000,23.03,119.76,3.0300,0.00,275.54,1.406973e-03
6715,36.2690,140.00,23.09,35.0000,24.3141,10.6859,600.0000,23.10,119.76,3.0300,0.00,275.53,1.407123e-03
6716,36.6533,140.00,23.30,35.0000,24.3141,10.6859,600.0000,23.30,119.76,3.0300,2.22,275.52,1.407274e-03
6717,36.2814,140.00,23.61,35.0000,24.3141,10.6859,600.0000,23.61,119.76,3.0300,1.99,275.51,1.407424e-03
6718,36.7028,140.00,24.02,35.0000,24.3141,10.6859,600.0000,24.03,119.76,3.0300,0.00,275.50,1.407574e-03
6719,36.1348,140.00,24.50,35.0000,24.3141,10.6859,600.0000,24.51,119.76,3.0300,0.00,275.49,1.407724e-03
6720,36.7873,140.00,25.03,35.0000,24.3141,10.6859,600.0000,25.03,119.76,3.0300,2.11,275.47,1.407874e-03
6721,36.7216,140.00,25.54,35.0000,24.3141,10.6859,600.0000,25.55,119.76,3.0300,0.00,275.46,1.408024e-03
6722,36.4572,140.00,26.02,35.0000,24.3141,10.6859,600.0000,26.03,119.76,3.0300,0.00,275.45,1.408174e-03
6723,36.1958,140.00,26.46,35.0000,24.3141,10.6859,600.0000,26.44,119.76,3.0300,2.78,275.44,1.408325e-03
6724,36.3249,140.00,26.76,35.0000,24.3141,10.6859,600.0000,26.76,119.76,3.0300,2.23,275.43,1.408475e-03
6725,36.2616,140.00,26.96,35.0000,24.3141,10.6859,600.0000,26.96,119.76,3.0300,0.00,275.42,1.408625e-03
6726,36.3240,140.00,27.03,35.0000,24.3141,10.6859,600.0000,27.03,119.76,3.0300,0.00,275.41,1.408775e-03
6727,36.4817,140.00,26.96,35.0000,24.3141,10.6859,600.0000,26.96,119.76,3.0300,0.00,275.40,1.408925e-03
6728,36.1675,140.00,26.78,35.0000,24.3141,10.6859,600.0000,26.76,119.76,3.0300,2.77,275.38,1.409075e-03
6729,36.3323,140.00,26.46,35.0000,24.3141,10.6859,600.0000,26.45,119.76,3.0300,2.69,275.37,1.409225e-03
6730,36.1146,140.00,26.04,35.0000,24.3141,10.6859,600.0000,26.03,119.76,3.0300,2.37,275.36,1.409376e-03
6731,36.0813,140.00,25.56,35.0000,24.3141,10.6859,600.0000,25.55,119.76,3.0300,2.66,275.35,1.409526e-03
6732,36.8357,140.00,25.04,35.0000,24.3141,10.6859,600.0000,25.03,119.76,3.0300,2.36,275.34,1.409676e-03
6733,36.9052,140.00,24.52,35.0000,24.3141,10.6859,600.0000,24.52,119.76,3.0300,2.22,275.33,1.409826e-03
6734,36.6205,140.00,24.04,35.0000,24.3141,10.6859,600.0000,24.03,119.76,3.0300,2.17,275.32,1.409976e-03
6735,36.8508,140.00,23.63,35.0000,24.3141,10.6859,600.0000,23.62,119.76,3.0300,2.57,275.30,1.410126e-03
6736,36.7334,140.00,23.30,35.0000,24.3141,10.6859,600.0000,23.30,119.76,3.0300,0.00,275.29,1.410277e-03
6737,36.2149,140.00,23.11,35.0000,24.3141,10.6859,600.0000,23.10,119.76,3.0300,2.63,275.28,1.410427e-03
6738,36.0516,140.00,23.03,35.0000,24.3141,10.6859,600.0000,23.04,119.76,3.0300,0.00,275.27,1.410577e-03
6739,36.0247,140.00,23.11,35.0000,24.3141,10.6859,600.0000,23.10,119.76,3.0300,1.95,275.26,1.410727e-03
6740,36.3297,140.00,23.30,35.0000,24.3141,10.6859,600.0000,23.31,119.76,3.0300,0.00,275.25,1.410877e-03
6741,36.3118,140.00,23.62,35.0000,24.3141,10.6859,600.0000,23.62,119.76,3.0300,0.00,275.24,1.411027e-03
6742,36.2997,140.00,24.03,35.0000,24.3141,10.6859,600.0000,24.04,119.76,3.0300,0.00,275.22,1.411177e-03
6743,36.1329,140.00,24.53,35.0000,24.3141,10.6859,600.0000,24.52,119.76,3.0300,2.67,275.21,1.411328e-03
6744,35.9089,140.00,25.04,35.0000,24.3141,10.6859,600.0000,25.04,119.76,3.0300,2.32,275.20,1.411478e-03
6745,35.8719,140.00,25.55,35.0000,24.3141,10.6859,600.0000,25.56,119.76,3.0300,0.00,275.19,1.411628e-03
6746,36.5161,140.00,26.04,35.0000,24.3141,10.6859,600.0000,26.04,119.76,3.0300,0.00,275.18,1.411778e-03
6747,36.4194,140.00,26.46,35.0000,24.3141,10.6859,600.0000,26.45,119.76,3.0300,2.58,275.17,1.411928e-03
6748,36.3416,140.00,26.77,35.0000,24.3141,10.6859,600.0000,26.77,119.76,3.0300,0.00,275.16,1.412078e-03
6749,36.1306,140.00,26.97,35.0000,24.3141,10.6859,600.0000,26.97,119.76,3.0300,0.00,275.14,1.412228e-03
6750,35.8551,140.00,27.04,35.0000,24.3141,10.6859,600.0000,27.04,119.76,3.0300,0.00,275.13,1.412379e-03
6751,36.3628,140.00,26.97,35.0000,24.3141,10.6859,600.0000,26.97,119.76,3.0300,2.04,275.12,1.412529e-03
6752,36.7013,140.00,26.77,35.0000,24.3141,10.6859,600.0000,26.77,119.76,3.0300,0.00,275.11,1.412679e-03
6753,36.3951,140.00,26.47,35.0000,24.3141,10.6859,600.0000,26.46,119.76,3.0300,2.60,275.10,1.412829e-03
6754,35.8109,140.00,26.04,35.0000,24.3141,10.6859,600.0000,26.04,119.76,3.0300,0.00,275.09,1.412979e-03
6755,36.0067,140.00,25.56,35.0000,24.3141,10.6859,600.0000,25.56,119.76,3.0300,2.23,275.08,1.413129e-03
6756,36.0211,140.00,25.05,35.0000,24.3141,10.6859,600.0000,25.04,119.76,3.0300,2.62,275.07,1.413279e-03
6757,36.4215,140.00,24.52,35.0000,24.3141,10.6859,600.0000,24.53,119.76,3.0300,0.00,275.05,1.413430e-03
6758,35.8387,140.00,24.04,35.0000,24.3141,10.6859,600.0000,24.05,119.76,3.0300,0.00,275.04,1.413580e-03
6759,35.8690,140.00,23.63,35.0000,24.3141,10.6859,600.0000,23.63,119.76,3.0300,2.20,275.03,1.413730e-03
6760,36.6245,140.00,23.32,35.0000,24.3141,10.6859,600.0000,23.31,119.76,3.0300,2.00,275.02,1.413880e-03
6761,35.6168,140.00,23.10,35.0000,24.3141,10.6859,600.0000,23.11,119.76,3.0300,0.00,275.01,1.414030e-03
6762,36.5513,140.00,23.05,35.0000,24.3141,10.6859,600.0000,23.05,119.76,3.0300,2.53,275.00,1.414180e-03
6763,35.8968,140.00,23.13,35.0000,24.3141,10.6859,600.0000,23.12,119.76,3.0300,2.71,274.99,1.414330e-03
6764,35.8173,140.00,23.32,35.0000,24.3141,10.6859,600.0000,23.32,119.76,3.0300,2.25,274.97,1.414481e-03
6765,36.5507,140.00,23.63,35.0000,24.3141,10.6859,600.0000,23.63,119.76,3.0300,0.00,274.96,1.414631e-03
6766,35.7430,140.00,24.04,35.0000,24.3141,10.6859,600.0000,24.05,119.76,3.0300,0.00,274.95,1.414781e-03
6767,36.0960,140.00,24.54,35.0000,24.3141,10.6859,600.0000,24.53,119.76,3.0300,2.67,274.94,1.414931e-03
6768,36.0833,140.00,25.06,35.0000,24.3141,10.6859,600.0000,25.05,119.76,3.0300,2.46,274.93,1.415081e-03
6769,36.0752,140.00,25.56,35.0000,24.3141,10.6859,600.0000,25.57,119.76,3.0300,0.00,274.92,1.415231e-03
6770,35.9452,140.00,26.06,35.0000,24.3141,10.6859,600.0000,26.05,119.76,3.0300,2.73,274.91,1.415381e-03
6771,36.0992,140.00,26.46,35.0000,24.3141,10.6859,600.0000,26.47,119.76,3.0300,0.00,274.89,1.415532e-03
6772,36.2399,140.00,26.77,35.0000,24.3141,10.6859,600.0000,26.78,119.76,3.0300,0.00,274.88,1.415682e-03
6773,36.3599,140.00,27.00,35.0000,24.3141,10.6859,600.0000,26.98,119.76,3.0300,2.69,274.87,1.415832e-03
6774,36.0731,140.00,27.06,35.0000,24.3141,10.6859,600.0000,27.05,119.76,3.0300,2.68,274.86,1.415982e-03
6775,35.9846,140.00,26.99,35.0000,24.3141,10.6859,600.0000,26.99,119.76,3.0300,2.30,274.85,1.416132e-03
6776,35.8795,140.00,26.79,35.0000,24.3141,10.6859,600.0000,26.79,119.76,3.0300,2.31,274.84,1.416282e-03
6777,36.1038,140.00,26.48,35.0000,24.3141,10.6859,600.0000,26.47,119.76,3.0300,2.54,274.83,1.416432e-03
6778,36.2090,140.00,26.05,35.0000,24.3141,10.6859,600.0000,26.06,119.76,3.0300,0.00,274.82,1.416583e-03
6779,35.8582,140.00,25.58,35.0000,24.3141,10.6859,600.0000,25.57,119.76,3.0300,2.41,274.80,1.416733e-03
6780,36.0122,140.00,25.06,35.0000,24.3141,10.6859,600.0000,25.06,119.76,3.0300,2.48,274.79,1.416883e-03
6781,36.2337,140.00,24.53,35.0000,24.3141,10.6859,600.0000,24.54,119.76,3.0300,0.00,274.78,1.417033e-03
6782,36.3042,140.00,24.06,35.0000,24.3141,10.6859,600.0000,24.06,119.76,3.0300,2.30,274.77,1.417183e-03
6783,36.1956,140.00,23.64,35.0000,24.3141,10.6859,600.0000,23.64,119.76,3.0300,0.00,274.76,1.417333e-03
6784,36.1762,140.00,23.33,35.0000,24.3141,10.6859,600.0000,23.33,119.76,3.0300,2.18,274.75,1.417483e-03
6785,36.0036,140.00,23.13,35.0000,24.3141,10.6859,600.0000,23.13,119.76,3.0300,2.55,274.74,1.417634e-03
6786,35.6245,140.00,23.07,35.0000,24.3141,10.6859,600.0000,23.06,119.76,3.0300,2.67,274.72,1.417784e-03
6787,35.3945,140.00,23.12,35.0000,24.3141,10.6859,600.0000,23.13,119.76,3.0300,0.00,274.71,1.417934e-03
6788,35.4380,140.00,23.32,35.0000,24.3141,10.6859,600.0000,23.33,119.76,3.0300,0.00,274.70,1.418084e-03
6789,36.1125,140.00,23.65,35.0000,24.3141,10.6859,600.0000,23.65,119.76,3.0300,2.45,274.69,1.418234e-03
6790,35.5529,140.00,24.07,35.0000,24.3141,10.6859,600.0000,24.06,119.76,3.0300,2.44,274.68,1.418384e-03
6791,35.6803,140.00,24.53,35.0000,24.3141,10.6859,600.0000,24.55,119.76,3.0300,0.00,274.67,1.418534e-03
6792,36.1644,140.00,25.06,35.0000,24.3141,10.6859,600.0000,25.06,119.76,3.0300,2.15,274.66,1.418685e-03
6793,36.0160,140.00,25.59,35.0000,24.3141,10.6859,600.0000,25.58,119.76,3.0300,2.36,274.65,1.418835e-03
6794,36.0048,140.00,26.07,35.0000,24.3141,10.6859,600.0000,26.06,119.76,3.0300,2.63,274.63,1.418985e-03
6795,35.9731,140.00,26.49,35.0000,24.3141,10.6859,600.0000,26.48,119.76,3.0300,2.65,274.62,1.419135e-03
6796,35.1598,140.00,26.78,35.0000,24.3141,10.6859,600.0000,26.80,119.76,3.0300,0.00,274.61,1.419285e-03
6797,35.2257,140.00,27.01,35.0000,24.3141,10.6859,600.0000,27.00,119.76,3.0300,2.76,274.60,1.419435e-03
6798,35.9924,140.00,27.06,35.0000,24.3141,10.6859,600.0000,27.07,119.76,3.0300,0.00,274.59,1.419585e-03
6799,35.5994,140.00,27.00,35.0000,24.3141,10.6859,600.0000,27.00,119.76,3.0300,2.36,274.58,1.419736e-03
6800,35.3270,140.00,26.80,35.0000,24.3141,10.6859,600.0000,26.80,119.76,3.0300,2.33,274.57,1.419886e-03
6801,35.7318,140.00,26.49,35.0000,24.3141,10.6859,600.0000,26.48,119.76,3.0300,2.37,274.55,1.420036e-03
6802,36.0404,140.00,26.09,35.0000,24.3141,10.6859,600.0000,26.07,119.76,3.0300,2.84,274.54,1.420186e-03
6803,36.0538,140.00,25.58,35.0000,24.3141,10.6859,600.0000,25.59,119.76,3.0300,0.00,274.53,1.420336e-03
6804,35.4138,140.00,25.08,35.0000,24.3141,10.6859,600.0000,25.07,119.76,3.0300,2.65,274.52,1.420486e-03
6805,35.6744,140.00,24.56,35.0000,24.3141,10.6859,600.0000,24.55,119.76,3.0300,2.29,274.51,1.420636e-03
6806,35.0693,140.00,24.08,35.0000,24.3141,10.6859,600.0000,24.07,119.76,3.0300,2.49,274.50,1.420786e-03
6807,35.5345,140.00,23.67,35.0000,24.3141,10.6859,600.0000,23.66,119.76,3.0300,2.67,274.49,1.420937e-03
6808,35.2027,140.00,23.34,35.0000,24.3141,10.6859,600.0000,23.34,119.76,3.0300,2.36,274.48,1.421087e-03
6809,35.1176,140.00,23.14,35.0000,24.3141,10.6859,600.0000,23.14,119.76,3.0300,1.74,274.46,1.421237e-03
6810,35.0816,140.00,23.07,35.0000,24.3141,10.6859,600.0000,23.07,119.76,3.0300,0.00,274.45,1.421387e-03
6811,35.5505,140.00,23.16,35.0000,24.3141,10.6859,600.0000,23.14,119.76,3.0300,2.91,274.44,1.421537e-03
6812,34.9825,140.00,23.35,35.0000,24.3141,10.6859,600.0000,23.34,119.76,3.0300,2.54,274.43,1.421687e-03
6813,35.4604,140.00,23.67,35.0000,24.3141,10.6859,600.0000,23.66,119.76,3.0300,2.52,274.42,1.421837e-03
6814,35.1440,140.00,24.10,35.0000,24.3141,10.6859,600.0000,24.08,119.76,3.0300,3.04,274.41,1.421988e-03
6815,35.3087,140.00,24.58,35.0000,24.3141,10.6859,600.0000,24.56,119.76,3.0300,2.98,274.40,1.422138e-03
6816,35.3333,140.00,25.10,35.0000,24.3141,10.6859,600.0000,25.08,119.76,3.0300,2.89,274.39,1.422288e-03
6817,35.4013,140.00,25.61,35.0000,24.3141,10.6859,600.0000,25.60,119.76,3.0300,2.86,274.37,1.422438e-03
6818,35.3960,140.00,26.09,35.0000,24.3141,10.6859,600.0000,26.08,119.76,3.0300,2.53,274.36,1.422588e-03
6819,34.9478,140.00,26.48,35.0000,24.3141,10.6859,600.0000,26.49,119.76,3.0300,0.00,274.35,1.422738e-03
6820,34.8906,140.00,26.79,35.0000,24.3141,10.6859,600.0000,26.81,119.76,3.0300,0.00,274.34,1.422888e-03
6821,35.6174,140.00,27.03,35.0000,24.3141,10.6859,600.0000,27.01,119.76,3.0300,2.96,274.33,1.423039e-03
6822,35.6126,140.00,27.08,35.0000,24.3141,10.6859,600.0000,27.08,119.76,3.0300,2.05,274.32,1.423189e-03
6823,35.6809,140.00,27.02,35.0000,24.3141,10.6859,600.0000,27.01,119.76,3.0300,2.39,274.31,1.423339e-03
6824,35.7387,140.00,26.81,35.0000,24.3141,10.6859,600.0000,26.81,119.76,3.0300,0.00,274.29,1.423489e-03
6825,35.0871,140.00,26.50,35.0000,24.3141,10.6859,600.0000,26.50,119.76,3.0300,0.00,274.28,1.423639e-03
6826,35.5135,140.00,26.09,35.0000,24.3141,10.6859,600.0000,26.08,119.76,3.0300,2.16,274.27,1.423789e-03
6827,35.6311,140.00,25.60,35.0000,24.3141,10.6859,600.0000,25.60,119.76,3.0300,0.00,274.26,1.423939e-03
6828,35.0137,140.00,25.08,35.0000,24.3141,10.6859,600.0000,25.09,119.76,3.0300,0.00,274.25,1.424089e-03
6829,35.3220,140.00,24.59,35.0000,24.3141,10.6859,600.0000,24.57,119.76,3.0300,2.89,274.24,1.424240e-03
6830,35.5242,140.00,24.07,35.0000,24.3141,10.6859,600.0000,24.09,119.76,3.0300,0.00,274.23,1.424390e-03
6831,35.3978,140.00,23.69,35.0000,24.3141,10.6859,600.0000,23.67,119.76,3.0300,2.72,274.22,1.424540e-03
6832,35.5588,140.00,23.35,35.0000,24.3141,10.6859,600.0000,23.36,119.76,3.0300,0.00,274.20,1.424690e-03
6833,35.5173,140.00,23.14,35.0000,24.3141,10.6859,600.0000,23.16,119.76,3.0300,0.00,274.19,1.424840e-03
6834,34.9114,140.00,23.07,35.0000,24.3141,10.6859,600.0000,23.09,119.76,3.0300,0.00,274.18,1.424990e-03
6835,35.5619,140.00,23.18,35.0000,24.3141,10.6859,600.0000,23.16,119.76,3.0300,2.88,274.17,1.425140e-03
6836,35.3009,140.00,23.34,35.0000,24.3141,10.6859,600.0000,23.36,119.76,3.0300,0.00,274.16,1.425290e-03
6837,35.1195,140.00,23.70,35.0000,24.3141,10.6859,600.0000,23.68,119.76,3.0300,3.06,274.15,1.425441e-03
6838,35.3724,140.00,24.12,35.0000,24.3141,10.6859,600.0000,24.09,119.76,3.0300,3.15,274.14,1.425591e-03
6839,34.7734,140.00,24.56,35.0000,24.3141,10.6859,600.0000,24.58,119.76,3.0300,0.00,274.13,1.425741e-03
6840,34.6173,140.00,25.10,35.0000,24.3141,10.6859,600.0000,25.09,119.76,3.0300,2.15,274.11,1.425891e-03
6841,34.6390,140.00,25.56,35.0000,24.3141,10.6859,600.0000,25.61,119.76,3.0300,0.00,274.10,1.426041e-03
6842,35.1435,140.00,26.08,35.0000,24.3141,10.6859,600.0000,26.09,119.76,3.0300,0.00,274.09,1.426191e-03
6843,35.0016,140.00,26.48,35.0000,24.3141,10.6859,600.0000,26.51,119.76,3.0300,0.00,274.08,1.426341e-03
6844,34.8023,140.00,26.81,35.0000,24.3141,10.6859,600.0000,26.83,119.76,3.0300,0.00,274.07,1.426492e-03
6845,34.5056,140.00,27.07,35.0000,24.3141,10.6859,600.0000,27.03,119.76,3.0300,3.31,274.06,1.426642e-03
6846,35.0750,140.00,27.07,35.0000,24.3141,10.6859,600.0000,27.10,119.76,3.0300,0.00,274.05,1.426792e-03
6847,34.4946,140.00,27.04,35.0000,24.3141,10.6859,600.0000,27.03,119.76,3.0300,2.67,274.04,1.426942e-03
6848,35.3614,140.00,26.85,35.0000,24.3141,10.6859,600.0000,26.83,119.76,3.0300,2.83,274.02,1.427092e-03
6849,34.9259,140.00,26.49,35.0000,24.3141,10.6859,600.0000,26.51,119.76,3.0300,0.00,274.01,1.427242e-03
6850,34.5530,140.00,26.09,35.0000,24.3141,10.6859,600.0000,26.10,119.76,3.0300,0.00,274.00,1.427392e-03
6851,35.1905,140.00,25.63,35.0000,24.3141,10.6859,600.0000,25.62,119.76,3.0300,2.73,273.99,1.427542e-03
6852,35.1998,140.00,25.08,35.0000,24.3141,10.6859,600.0000,25.10,119.76,3.0300,0.00,273.98,1.427693e-03
6853,34.4889,140.00,24.57,35.0000,24.3141,10.6859,600.0000,24.59,119.76,3.0300,0.00,273.97,1.427843e-03
6854,35.1621,140.00,24.08,35.0000,24.3141,10.6859,600.0000,24.10,119.76,3.0300,0.00,273.96,1.427993e-03
6855,34.5168,140.00,23.73,35.0000,24.3141,10.6859,600.0000,23.69,119.76,3.0300,3.24,273.95,1.428143e-03
6856,35.1696,140.00,23.37,35.0000,24.3141,10.6859,600.0000,23.37,119.76,3.0300,0.00,273.93,1.428293e-03
6857,34.7745,140.00,23.18,35.0000,24.3141,10.6859,600.0000,23.17,119.76,3.0300,2.50,273.92,1.428443e-03
6858,35.1359,140.00,23.11,35.0000,24.3141,10.6859,600.0000,23.11,119.76,3.0300,2.60,273.91,1.428593e-03
6859,34.2994,140.00,23.26,35.0000,24.3141,10.6859,600.0000,23.18,119.76,3.0300,3.66,273.90,1.428743e-03
6860,34.9781,140.00,23.37,35.0000,24.3141,10.6859,600.0000,23.38,119.76,3.0300,0.00,273.89,1.428894e-03
6861,34.9667,140.00,23.69,35.0000,24.3141,10.6859,600.0000,23.69,119.76,3.0300,0.00,273.88,1.429044e-03
6862,34.5710,140.00,24.12,35.0000,24.3141,10.6859,600.0000,24.11,119.76,3.0300,2.50,273.87,1.429194e-03
6863,34.6029,140.00,24.58,35.0000,24.3141,10.6859,600.0000,24.59,119.76,3.0300,0.00,273.86,1.429344e-03
6864,35.0932,140.00,25.12,35.0000,24.3141,10.6859,600.0000,25.11,119.76,3.0300,2.69,273.84,1.429494e-03
6865,34.8283,140.00,25.64,35.0000,24.3141,10.6859,600.0000,25.63,119.76,3.0300,2.76,273.83,1.429644e-03
6866,34.5318,140.00,26.12,35.0000,24.3141,10.6859,600.0000,26.11,119.76,3.0300,2.67,273.82,1.429794e-03
6867,34.5557,140.00,26.58,35.0000,24.3141,10.6859,600.0000,26.53,119.76,3.0300,3.41,273.81,1.429944e-03
6868,34.8603,140.00,26.86,35.0000,24.3141,10.6859,600.0000,26.85,119.76,3.0300,2.90,273.80,1.430095e-03
6869,34.7465,140.00,27.06,35.0000,24.3141,10.6859,600.0000,27.05,119.76,3.0300,2.84,273.79,1.430245e-03
6870,34.3743,140.00,27.15,35.0000,24.3141,10.6859,600.0000,27.12,119.76,3.0300,3.24,273.78,1.430395e-03
6871,34.4492,140.00,27.01,35.0000,24.3141,10.6859,600.0000,27.05,119.76,3.0300,0.00,273.77,1.430545e-03
6872,34.7479,140.00,26.89,35.0000,24.3141,10.6859,600.0000,26.85,119.76,3.0300,3.21,273.75,1.430695e-03
6873,34.5681,140.00,26.53,35.0000,24.3141,10.6859,600.0000,26.53,119.76,3.0300,1.89,273.74,1.430845e-03
6874,34.6142,140.00,26.12,35.0000,24.3141,10.6859,600.0000,26.12,119.76,3.0300,2.13,273.73,1.430995e-03
6875,34.3886,140.00,25.62,35.0000,24.3141,10.6859,600.0000,25.64,119.76,3.0300,0.00,273.72,1.431145e-03
6876,34.3315,140.00,25.18,35.0000,24.3141,10.6859,600.0000,25.12,119.76,3.0300,3.44,273.71,1.431296e-03
6877,34.8509,140.00,24.62,35.0000,24.3141,10.6859,600.0000,24.60,119.76,3.0300,2.90,273.70,1.431446e-03
6878,34.3216,140.00,24.10,35.0000,24.3141,10.6859,600.0000,24.12,119.76,3.0300,0.00,273.69,1.431596e-03
6879,34.7998,140.00,23.69,35.0000,24.3141,10.6859,600.0000,23.71,119.76,3.0300,0.00,273.68,1.431746e-03
6880,34.2263,140.00,23.33,35.0000,24.3141,10.6859,600.0000,23.39,119.76,3.0300,0.00,273.66,1.431896e-03
6881,34.5939,140.00,23.16,35.0000,24.3141,10.6859,600.0000,23.19,119.76,3.0300,0.00,273.65,1.432046e-03
6882,34.7463,140.00,23.12,35.0000,24.3141,10.6859,600.0000,23.12,119.76,3.0300,0.00,273.64,1.432196e-03
6883,34.7870,140.00,23.17,35.0000,24.3141,10.6859,600.0000,23.19,119.76,3.0300,0.00,273.63,1.432346e-03
6884,34.5338,140.00,23.42,35.0000,24.3141,10.6859,600.0000,23.39,119.76,3.0300,2.94,273.62,1.432497e-03
6885,34.3100,140.00,23.68,35.0000,24.3141,10.6859,600.0000,23.71,119.76,3.0300,0.00,273.61,1.432647e-03
6886,34.5017,140.00,24.09,35.0000,24.3141,10.6859,600.0000,24.13,119.76,3.0300,0.00,273.60,1.432797e-03
6887,34.3996,140.00,24.60,35.0000,24.3141,10.6859,600.0000,24.61,119.76,3.0300,0.00,273.59,1.432947e-03
6888,34.0013,140.00,25.16,35.0000,24.3141,10.6859,600.0000,25.13,119.76,3.0300,3.06,273.57,1.433097e-03
6889,34.7244,140.00,25.63,35.0000,24.3141,10.6859,600.0000,25.65,119.76,3.0300,0.00,273.56,1.433247e-03
6890,34.6588,140.00,26.10,35.0000,24.3141,10.6859,600.0000,26.13,119.76,3.0300,0.00,273.55,1.433397e-03
6891,34.4554,140.00,26.57,35.0000,24.3141,10.6859,600.0000,26.55,119.76,3.0300,3.03,273.54,1.433547e-03
6892,34.0010,140.00,26.91,35.0000,24.3141,10.6859,600.0000,26.86,119.76,3.0300,3.35,273.53,1.433698e-03
6893,34.2233,140.00,27.10,35.0000,24.3141,10.6859,600.0000,27.07,119.76,3.0300,3.22,273.52,1.433848e-03
6894,34.3833,140.00,27.20,35.0000,24.3141,10.6859,600.0000,27.13,119.76,3.0300,3.53,273.51,1.433998e-03
6895,34.2545,140.00,27.08,35.0000,24.3141,10.6859,600.0000,27.07,119.76,3.0300,2.73,273.50,1.434148e-03
6896,34.3334,140.00,26.80,35.0000,24.3141,10.6859,600.0000,26.87,119.76,3.0300,0.00,273.48,1.434298e-03
6897,33.7547,140.00,26.52,35.0000,24.3141,10.6859,600.0000,26.55,119.76,3.0300,0.00,273.47,1.434448e-03
6898,34.5679,140.00,26.17,35.0000,24.3141,10.6859,600.0000,26.14,119.76,3.0300,3.12,273.46,1.434598e-03
6899,34.2903,140.00,25.65,35.0000,24.3141,10.6859,600.0000,25.66,119.76,3.0300,0.00,273.45,1.434748e-03
6900,34.0174,140.00,25.07,35.0000,24.3141,10.6859,600.0000,25.14,119.76,3.0300,0.00,273.44,1.434899e-03
6901,33.9245,140.00,24.59,35.0000,24.3141,10.6859,600.0000,24.62,119.76,3.0300,0.00,273.43,1.435049e-03
6902,34.5486,140.00,24.16,35.0000,24.3141,10.6859,600.0000,24.14,119.76,3.0300,2.95,273.42,1.435199e-03
6903,33.5974,140.00,23.58,35.0000,24.3141,10.6859,600.0000,23.73,119.76,3.0300,0.00,273.41,1.435349e-03
6904,33.6226,140.00,23.37,35.0000,24.3141,10.6859,600.0000,23.41,119.76,3.0300,0.00,273.39,1.435499e-03
6905,34.1690,140.00,23.22,35.0000,24.3141,10.6859,600.0000,23.21,119.76,3.0300,2.65,273.38,1.435649e-03
6906,33.6448,140.00,23.19,35.0000,24.3141,10.6859,600.0000,23.14,119.76,3.0300,3.34,273.37,1.435799e-03
6907,34.2468,140.00,23.24,35.0000,24.3141,10.6859,600.0000,23.21,119.76,3.0300,2.95,273.36,1.435949e-03
6908,34.0868,140.00,23.40,35.0000,24.3141,10.6859,600.0000,23.41,119.76,3.0300,0.00,273.35,1.436100e-03
6909,34.0543,140.00,23.73,35.0000,24.3141,10.6859,600.0000,23.73,119.76,3.0300,1.89,273.34,1.436250e-03
6910,34.4006,140.00,24.17,35.0000,24.3141,10.6859,600.0000,24.15,119.76,3.0300,2.99,273.33,1.436400e-03
6911,33.8343,140.00,24.64,35.0000,24.3141,10.6859,600.0000,24.63,119.76,3.0300,2.43,273.32,1.436550e-03
6912,33.5804,140.00,25.30,35.0000,24.3141,10.6859,600.0000,25.15,119.76,3.0300,4.09,273.30,1.436700e-03
6913,34.2817,140.00,25.64,35.0000,24.3141,10.6859,600.0000,25.67,119.76,3.0300,0.00,273.29,1.436850e-03
6914,34.3389,140.00,26.16,35.0000,24.3141,10.6859,600.0000,26.15,119.76,3.0300,2.36,273.28,1.437000e-03
6915,34.3941,140.00,26.60,35.0000,24.3141,10.6859,600.0000,26.57,119.76,3.0300,3.22,273.27,1.437150e-03
6916,33.7367,140.00,26.77,35.0000,24.3141,10.6859,600.0000,26.89,119.76,3.0300,0.00,273.26,1.437301e-03
6917,34.0339,140.00,27.07,35.0000,24.3141,10.6859,600.0000,27.09,119.76,3.0300,0.00,273.25,1.437451e-03
6918,33.7508,140.00,27.26,35.0000,24.3141,10.6859,600.0000,27.15,119.76,3.0300,3.86,273.24,1.437601e-03
6919,33.5796,140.00,27.08,35.0000,24.3141,10.6859,600.0000,27.09,119.76,3.0300,0.00,273.23,1.437751e-03
6920,33.6904,140.00,26.82,35.0000,24.3141,10.6859,600.0000,26.89,119.76,3.0300,0.00,273.21,1.437901e-03
6921,33.9497,140.00,26.48,35.0000,24.3141,10.6859,600.0000,26.57,119.76,3.0300,0.00,273.20,1.438051e-03
6922,33.4361,140.00,26.26,35.0000,24.3141,10.6859,600.0000,26.16,119.76,3.0300,3.81,273.19,1.438201e-03
6923,33.6376,140.00,25.53,35.0000,24.3141,10.6859,600.0000,25.68,119.76,3.0300,0.00,273.18,1.438351e-03
6924,33.5728,140.00,25.28,35.0000,24.3141,10.6859,600.0000,25.16,119.76,3.0300,3.94,273.17,1.438501e-03
6925,33.7889,140.00,24.68,35.0000,24.3141,10.6859,600.0000,24.64,119.76,3.0300,3.19,273.16,1.438652e-03
6926,33.5825,140.00,24.15,35.0000,24.3141,10.6859,600.0000,24.16,119.76,3.0300,0.00,273.15,1.438802e-03
6927,33.2958,140.00,23.84,35.0000,24.3141,10.6859,600.0000,23.75,119.76,3.0300,3.73,273.14,1.438952e-03
6928,33.3526,140.00,23.44,35.0000,24.3141,10.6859,600.0000,23.43,119.76,3.0300,2.70,273.13,1.439102e-03
6929,34.2590,140.00,23.17,35.0000,24.3141,10.6859,600.0000,23.23,119.76,3.0300,0.00,273.11,1.439252e-03
6930,34.1692,140.00,23.18,35.0000,24.3141,10.6859,600.0000,23.17,119.76,3.0300,2.76,273.10,1.439402e-03
6931,33.7815,140.00,23.34,35.0000,24.3141,10.6859,600.0000,23.23,119.76,3.0300,3.82,273.09,1.439552e-03
6932,33.4430,140.00,23.49,35.0000,24.3141,10.6859,600.0000,23.44,119.76,3.0300,3.36,273.08,1.439702e-03
6933,33.5194,140.00,23.79,35.0000,24.3141,10.6859,600.0000,23.75,119.76,3.0300,3.22,273.07,1.439853e-03
6934,33.2533,140.00,24.09,35.0000,24.3141,10.6859,600.0000,24.17,119.76,3.0300,0.00,273.06,1.440003e-03
6935,34.0224,140.00,24.63,35.0000,24.3141,10.6859,600.0000,24.65,119.76,3.0300,0.00,273.05,1.440153e-03
6936,33.2951,140.00,25.16,35.0000,24.3141,10.6859,600.0000,25.17,119.76,3.0300,0.00,273.04,1.440303e-03
6937,33.7484,140.00,25.71,35.0000,24.3141,10.6859,600.0000,25.69,119.76,3.0300,2.88,273.02,1.440453e-03
6938,33.2182,140.00,26.15,35.0000,24.3141,10.6859,600.0000,26.17,119.76,3.0300,0.00,273.01,1.440603e-03
6939,33.1957,140.00,26.45,35.0000,24.3141,10.6859,600.0000,26.59,119.76,3.0300,0.00,273.00,1.440753e-03
6940,34.0463,140.00,26.94,35.0000,24.3141,10.6859,600.0000,26.91,119.76,3.0300,3.21,272.99,1.440903e-03
6941,34.1462,140.00,27.16,35.0000,24.3141,10.6859,600.0000,27.11,119.76,3.0300,3.40,272.98,1.441053e-03
6942,33.2923,140.00,27.32,35.0000,24.3141,10.6859,600.0000,27.18,119.76,3.0300,4.03,272.97,1.441204e-03
6943,33.5092,140.00,27.11,35.0000,24.3141,10.6859,600.0000,27.11,119.76,3.0300,2.40,272.96,1.441354e-03
6944,33.8026,140.00,26.82,35.0000,24.3141,10.6859,600.0000,26.91,119.76,3.0300,0.00,272.95,1.441504e-03
6945,33.9688,140.00,26.56,35.0000,24.3141,10.6859,600.0000,26.59,119.76,3.0300,0.00,272.93,1.441654e-03
6946,33.4708,140.00,26.13,35.0000,24.3141,10.6859,600.0000,26.18,119.76,3.0300,0.00,272.92,1.441804e-03
6947,33.4394,140.00,25.58,35.0000,24.3141,10.6859,600.0000,25.70,119.76,3.0300,0.00,272.91,1.441954e-03
6948,33.6674,140.00,25.17,35.0000,24.3141,10.6859,600.0000,25.18,119.76,3.0300,0.00,272.90,1.442104e-03
6949,33.9662,140.00,24.61,35.0000,24.3141,10.6859,600.0000,24.67,119.76,3.0300,0.00,272.89,1.442254e-03
6950,33.8658,140.00,24.15,35.0000,24.3141,10.6859,600.0000,24.18,119.76,3.0300,0.00,272.88,1.442404e-03
6951,33.8504,140.00,23.89,35.0000,24.3141,10.6859,600.0000,23.77,119.76,3.0300,3.91,272.87,1.442555e-03
6952,33.4217,140.00,23.43,35.0000,24.3141,10.6859,600.0000,23.45,119.76,3.0300,0.00,272.86,1.442705e-03
6953,33.1344,140.00,23.14,35.0000,24.3141,10.6859,600.0000,23.26,119.76,3.0300,0.00,272.85,1.442855e-03
6954,33.9402,140.00,23.14,35.0000,24.3141,10.6859,600.0000,23.19,119.76,3.0300,0.00,272.83,1.443005e-03
6955,33.5886,140.00,23.33,35.0000,24.3141,10.6859,600.0000,23.26,119.76,3.0300,3.57,272.82,1.443155e-03
6956,33.5555,140.00,23.40,35.0000,24.3141,10.6859,600.0000,23.46,119.76,3.0300,0.00,272.81,1.443305e-03
6957,33.5152,140.00,23.80,35.0000,24.3141,10.6859,600.0000,23.78,119.76,3.0300,2.97,272.80,1.443455e-03
6958,33.2544,140.00,24.11,35.0000,24.3141,10.6859,600.0000,24.19,119.76,3.0300,0.00,272.79,1.443605e-03
6959,33.3241,140.00,24.80,35.0000,24.3141,10.6859,600.0000,24.68,119.76,3.0300,3.96,272.78,1.443756e-03
6960,33.1618,140.00,25.05,35.0000,24.3141,10.6859,600.0000,25.19,119.76,3.0300,0.00,272.77,1.443906e-03
6961,33.5335,140.00,25.66,35.0000,24.3141,10.6859,600.0000,25.71,119.76,3.0300,0.00,272.76,1.444056e-03
6962,33.5590,140.00,26.19,35.0000,24.3141,10.6859,600.0000,26.20,119.76,3.0300,0.00,272.75,1.444206e-03
6963,33.8541,140.00,26.72,35.0000,24.3141,10.6859,600.0000,26.61,119.76,3.0300,3.82,272.73,1.444356e-03
6964,33.6198,140.00,27.07,35.0000,24.3141,10.6859,600.0000,26.93,119.76,3.0300,4.04,272.72,1.444506e-03
6965,33.6278,140.00,27.05,35.0000,24.3141,10.6859,600.0000,27.13,119.76,3.0300,0.00,272.71,1.444656e-03
6966,33.0883,140.00,27.38,35.0000,24.3141,10.6859,600.0000,27.20,119.76,3.0300,4.26,272.70,1.444806e-03
6967,33.2420,140.00,27.11,35.0000,24.3141,10.6859,600.0000,27.13,119.76,3.0300,0.00,272.69,1.444956e-03
6968,33.1790,140.00,27.06,35.0000,24.3141,10.6859,600.0000,26.93,119.76,3.0300,3.96,272.68,1.445107e-03
6969,33.7394,140.00,26.74,35.0000,24.3141,10.6859,600.0000,26.62,119.76,3.0300,3.91,272.67,1.445257e-03
6970,33.0626,140.00,26.38,35.0000,24.3141,10.6859,600.0000,26.20,119.76,3.0300,4.24,272.66,1.445407e-03
6971,33.2091,140.00,25.70,35.0000,24.3141,10.6859,600.0000,25.72,119.76,3.0300,0.00,272.64,1.445557e-03
6972,33.7361,140.00,25.22,35.0000,24.3141,10.6859,600.0000,25.21,119.76,3.0300,2.75,272.63,1.445707e-03
6973,33.7556,140.00,24.61,35.0000,24.3141,10.6859,600.0000,24.69,119.76,3.0300,0.00,272.62,1.445857e-03
6974,33.2304,140.00,24.04,35.0000,24.3141,10.6859,600.0000,24.21,119.76,3.0300,0.00,272.61,1.446007e-03
6975,33.2638,140.00,23.77,35.0000,24.3141,10.6859,600.0000,23.80,119.76,3.0300,0.00,272.60,1.446157e-03
6976,33.2853,140.00,23.55,35.0000,24.3141,10.6859,600.0000,23.48,119.76,3.0300,3.58,272.59,1.446307e-03
6977,33.1102,140.00,23.44,35.0000,24.3141,10.6859,600.0000,23.28,119.76,3.0300,4.14,272.58,1.446458e-03
6978,33.3652,140.00,23.28,35.0000,24.3141,10.6859,600.0000,23.21,119.76,3.0300,3.55,272.57,1.446608e-03
6979,32.9754,140.00,23.37,35.0000,24.3141,10.6859,600.0000,23.28,119.76,3.0300,3.69,272.56,1.446758e-03
6980,33.0121,140.00,23.28,35.0000,24.3141,10.6859,600.0000,23.48,119.76,3.0300,0.00,272.54,1.446908e-03
6981,33.7167,140.00,23.85,35.0000,24.3141,10.6859,600.0000,23.80,119.76,3.0300,3.29,272.53,1.447058e-03
6982,33.0862,140.00,24.23,35.0000,24.3141,10.6859,600.0000,24.22,119.76,3.0300,2.79,272.52,1.447208e-03
6983,33.0416,140.00,24.92,35.0000,24.3141,10.6859,600.0000,24.70,119.76,3.0300,4.43,272.51,1.447358e-03
6984,33.3481,140.00,25.10,35.0000,24.3141,10.6859,600.0000,25.22,119.76,3.0300,0.00,272.50,1.447508e-03
6985,32.9102,140.00,25.87,35.0000,24.3141,10.6859,600.0000,25.74,119.76,3.0300,4.01,272.49,1.447658e-03
6986,33.7170,140.00,26.30,35.0000,24.3141,10.6859,600.0000,26.22,119.76,3.0300,3.61,272.48,1.447809e-03
6987,33.2226,140.00,26.59,35.0000,24.3141,10.6859,600.0000,26.64,119.76,3.0300,0.00,272.47,1.447959e-03
6988,33.3418,140.00,26.97,35.0000,24.3141,10.6859,600.0000,26.96,119.76,3.0300,2.69,272.45,1.448109e-03
6989,33.1638,140.00,27.21,35.0000,24.3141,10.6859,600.0000,27.16,119.76,3.0300,3.43,272.44,1.448259e-03
6990,33.7302,140.00,27.26,35.0000,24.3141,10.6859,600.0000,27.23,119.76,3.0300,3.20,272.43,1.448409e-03
6991,33.0788,140.00,27.31,35.0000,24.3141,10.6859,600.0000,27.16,119.76,3.0300,4.12,272.42,1.448559e-03
6992,33.5999,140.00,27.03,35.0000,24.3141,10.6859,600.0000,26.96,119.76,3.0300,3.58,272.41,1.448709e-03
6993,33.1639,140.00,26.74,35.0000,24.3141,10.6859,600.0000,26.64,119.76,3.0300,3.79,272.40,1.448859e-03
6994,33.1208,140.00,26.22,35.0000,24.3141,10.6859,600.0000,26.23,119.76,3.0300,0.00,272.39,1.449009e-03
6995,32.8054,140.00,26.03,35.0000,24.3141,10.6859,600.0000,25.75,119.76,3.0300,4.66,272.38,1.449160e-03
6996,32.8625,140.00,25.24,35.0000,24.3141,10.6859,600.0000,25.23,119.76,3.0300,2.64,272.37,1.449310e-03
6997,33.0461,140.00,24.95,35.0000,24.3141,10.6859,600.0000,24.72,119.76,3.0300,4.49,272.35,1.449460e-03
6998,33.7609,140.00,24.20,35.0000,24.3141,10.6859,600.0000,24.23,119.76,3.0300,0.00,272.34,1.449610e-03
6999,33.3194,140.00,23.69,35.0000,24.3141,10.6859,600.0000,23.82,119.76,3.0300,0.00,272.33,1.449760e-03
7000,33.5424,140.00,23.40,35.0000,24.3141,10.6859,600.0000,23.50,119.76,3.0300,0.00,272.32,1.449910e-03
7001,32.9090,140.00,23.16,35.0000,24.3141,10.6859,600.0000,23.31,119.76,3.0300,0.00,272.31,1.450060e-03
7002,33.7440,140.00,23.21,35.0000,24.3141,10.6859,600.0000,23.24,119.76,3.0300,0.00,272.30,1.450210e-03
7003,32.9768,140.00,23.40,35.0000,24.3141,10.6859,600.0000,23.31,119.76,3.0300,3.72,272.29,1.450360e-03
7004,33.6431,140.00,23.53,35.0000,24.3141,10.6859,600.0000,23.51,119.76,3.0300,2.91,272.28,1.450510e-03
7005,33.0864,140.00,23.87,35.0000,24.3141,10.6859,600.0000,23.83,119.76,3.0300,3.25,272.27,1.450661e-03
7006,32.9905,140.00,24.32,35.0000,24.3141,10.6859,600.0000,24.24,119.76,3.0300,3.62,272.25,1.450811e-03
7007,33.0507,140.00,24.58,35.0000,24.3141,10.6859,600.0000,24.73,119.76,3.0300,0.00,272.24,1.450961e-03
7008,32.7804,140.00,25.48,35.0000,24.3141,10.6859,600.0000,25.24,119.76,3.0300,4.48,272.23,1.451111e-03
7009,33.6250,140.00,25.78,35.0000,24.3141,10.6859,600.0000,25.76,119.76,3.0300,2.95,272.22,1.451261e-03
7010,33.0663,140.00,26.43,35.0000,24.3141,10.6859,600.0000,26.25,119.76,3.0300,4.28,272.21,1.451411e-03
7011,32.9415,140.00,26.83,35.0000,24.3141,10.6859,600.0000,26.66,119.76,3.0300,4.19,272.20,1.451561e-03
7012,33.3495,140.00,27.02,35.0000,24.3141,10.6859,600.0000,26.98,119.76,3.0300,3.17,272.19,1.451711e-03
7013,33.0924,140.00,27.00,35.0000,24.3141,10.6859,600.0000,27.18,119.76,3.0300,0.00,272.18,1.451861e-03
7014,32.9475,140.00,27.39,35.0000,24.3141,10.6859,600.0000,27.25,119.76,3.0300,4.03,272.17,1.452012e-03
7015,33.2587,140.00,27.21,35.0000,24.3141,10.6859,600.0000,27.18,119.76,3.0300,3.06,272.15,1.452162e-03
7016,33.4919,140.00,26.94,35.0000,24.3141,10.6859,600.0000,26.99,119.76,3.0300,0.00,272.14,1.452312e-03
7017,33.0346,140.00,26.72,35.0000,24.3141,10.6859,600.0000,26.67,119.76,3.0300,3.33,272.13,1.452462e-03
7018,33.7455,140.00,26.22,35.0000,24.3141,10.6859,600.0000,26.26,119.76,3.0300,0.00,272.12,1.452612e-03
7019,33.6829,140.00,25.77,35.0000,24.3141,10.6859,600.0000,25.77,119.76,3.0300,0.00,272.11,1.452762e-03
7020,33.4040,140.00,25.32,35.0000,24.3141,10.6859,600.0000,25.26,119.76,3.0300,3.50,272.10,1.452912e-03
7021,33.5218,140.00,24.72,35.0000,24.3141,10.6859,600.0000,24.74,119.76,3.0300,0.00,272.09,1.453062e-03
7022,33.3090,140.00,24.36,35.0000,24.3141,10.6859,600.0000,24.26,119.76,3.0300,3.81,272.08,1.453212e-03
7023,33.5533,140.00,24.00,35.0000,24.3141,10.6859,600.0000,23.85,119.76,3.0300,4.09,272.07,1.453363e-03
7024,33.3155,140.00,23.71,35.0000,24.3141,10.6859,600.0000,23.53,119.76,3.0300,4.22,272.05,1.453513e-03
7025,32.7904,140.00,23.21,35.0000,24.3141,10.6859,600.0000,23.33,119.76,3.0300,0.00,272.04,1.453663e-03
7026,33.5919,140.00,23.35,35.0000,24.3141,10.6859,600.0000,23.27,119.76,3.0300,3.66,272.03,1.453813e-03
7027,33.2818,140.00,23.40,35.0000,24.3141,10.6859,600.0000,23.33,119.76,3.0300,3.55,272.02,1.453963e-03
7028,33.6578,140.00,23.60,35.0000,24.3141,10.6859,600.0000,23.54,119.76,3.0300,3.55,272.01,1.454113e-03
7029,32.7940,140.00,23.72,35.0000,24.3141,10.6859,600.0000,23.85,119.76,3.0300,0.00,272.00,1.454263e-03
7030,32.9722,140.00,24.28,35.0000,24.3141,10.6859,600.0000,24.27,119.76,3.0300,2.69,271.99,1.454413e-03
7031,32.8478,140.00,24.75,35.0000,24.3141,10.6859,600.0000,24.75,119.76,3.0300,0.00,271.98,1.454563e-03
7032,33.4972,140.00,25.13,35.0000,24.3141,10.6859,600.0000,25.27,119.76,3.0300,0.00,271.97,1.454713e-03
7033,33.1911,140.00,25.70,35.0000,24.3141,10.6859,600.0000,25.79,119.76,3.0300,0.00,271.95,1.454864e-03
7034,33.7034,140.00,26.30,35.0000,24.3141,10.6859,600.0000,26.27,119.76,3.0300,3.05,271.94,1.455014e-03
7035,32.8977,140.00,26.71,35.0000,24.3141,10.6859,600.0000,26.69,119.76,3.0300,2.88,271.93,1.455164e-03
7036,33.3028,140.00,27.20,35.0000,24.3141,10.6859,600.0000,27.01,119.76,3.0300,4.28,271.92,1.455314e-03
7037,33.3151,140.00,27.42,35.0000,24.3141,10.6859,600.0000,27.21,119.76,3.0300,4.39,271.91,1.455464e-03
7038,33.1094,140.00,27.14,35.0000,24.3141,10.6859,600.0000,27.28,119.76,3.0300,0.00,271.90,1.455614e-03
7039,33.4132,140.00,27.15,35.0000,24.3141,10.6859,600.0000,27.21,119.76,3.0300,0.00,271.89,1.455764e-03
7040,33.6521,140.00,27.03,35.0000,24.3141,10.6859,600.0000,27.01,119.76,3.0300,2.72,271.88,1.455914e-03
7041,33.4032,140.00,26.65,35.0000,24.3141,10.6859,600.0000,26.70,119.76,3.0300,0.00,271.87,1.456064e-03
7042,33.6470,140.00,26.34,35.0000,24.3141,10.6859,600.0000,26.28,119.76,3.0300,3.41,271.85,1.456214e-03
7043,33.1672,140.00,25.63,35.0000,24.3141,10.6859,600.0000,25.80,119.76,3.0300,0.00,271.84,1.456365e-03
7044,33.0270,140.00,25.41,35.0000,24.3141,10.6859,600.0000,25.29,119.76,3.0300,3.98,271.83,1.456515e-03
7045,33.2680,140.00,25.02,35.0000,24.3141,10.6859,600.0000,24.77,119.76,3.0300,4.54,271.82,1.456665e-03
7046,33.0663,140.00,24.23,35.0000,24.3141,10.6859,600.0000,24.29,119.76,3.0300,0.00,271.81,1.456815e-03
7047,33.4070,140.00,23.77,35.0000,24.3141,10.6859,600.0000,23.88,119.76,3.0300,0.00,271.80,1.456965e-03
7048,33.5676,140.00,23.54,35.0000,24.3141,10.6859,600.0000,23.56,119.76,3.0300,0.00,271.79,1.457115e-03
7049,33.7743,140.00,23.43,35.0000,24.3141,10.6859,600.0000,23.36,119.76,3.0300,3.57,271.78,1.457265e-03
7050,33.6635,140.00,23.19,35.0000,24.3141,10.6859,600.0000,23.29,119.76,3.0300,0.00,271.77,1.457415e-03
7051,32.9998,140.00,23.53,35.0000,24.3141,10.6859,600.0000,23.36,119.76,3.0300,4.18,271.75,1.457565e-03
7052,33.6845,140.00,23.51,35.0000,24.3141,10.6859,600.0000,23.56,119.76,3.0300,0.00,271.74,1.457715e-03
7053,33.5593,140.00,23.81,35.0000,24.3141,10.6859,600.0000,23.88,119.76,3.0300,0.00,271.73,1.457866e-03
7054,33.1330,140.00,24.11,35.0000,24.3141,10.6859,600.0000,24.30,119.76,3.0300,0.00,271.72,1.458016e-03
7055,33.7582,140.00,24.90,35.0000,24.3141,10.6859,600.0000,24.78,119.76,3.0300,3.91,271.71,1.458166e-03
7056,32.9733,140.00,25.24,35.0000,24.3141,10.6859,600.0000,25.30,119.76,3.0300,0.00,271.70,1.458316e-03
7057,32.9362,140.00,25.60,35.0000,24.3141,10.6859,600.0000,25.82,119.76,3.0300,0.00,271.69,1.458466e-03
7058,33.5669,140.00,26.32,35.0000,24.3141,10.6859,600.0000,26.30,119.76,3.0300,2.84,271.68,1.458616e-03
7059,33.2706,140.00,26.82,35.0000,24.3141,10.6859,600.0000,26.72,119.76,3.0300,3.83,271.67,1.458766e-03
7060,33.0922,140.00,27.25,35.0000,24.3141,10.6859,600.0000,27.04,119.76,3.0300,4.38,271.66,1.458916e-03
7061,33.8396,140.00,27.24,35.0000,24.3141,10.6859,600.0000,27.24,119.76,3.0300,2.38,271.64,1.459066e-03
7062,33.0239,140.00,27.27,35.0000,24.3141,10.6859,600.0000,27.31,119.76,3.0300,0.00,271.63,1.459217e-03
7063,33.0217,140.00,27.20,35.0000,24.3141,10.6859,600.0000,27.24,119.76,3.0300,0.00,271.62,1.459367e-03
7064,33.4031,140.00,26.96,35.0000,24.3141,10.6859,600.0000,27.04,119.76,3.0300,0.00,271.61,1.459517e-03
7065,33.6401,140.00,26.72,35.0000,24.3141,10.6859,600.0000,26.73,119.76,3.0300,0.00,271.60,1.459667e-03
7066,33.8647,140.00,26.29,35.0000,24.3141,10.6859,600.0000,26.31,119.76,3.0300,0.00,271.59,1.459817e-03
7067,33.1040,140.00,25.79,35.0000,24.3141,10.6859,600.0000,25.83,119.76,3.0300,0.00,271.58,1.459967e-03
7068,33.5476,140.00,25.34,35.0000,24.3141,10.6859,600.0000,25.32,119.76,3.0300,3.05,271.57,1.460117e-03
7069,33.5290,140.00,24.80,35.0000,24.3141,10.6859,600.0000,24.80,119.76,3.0300,1.95,271.56,1.460267e-03
7070,33.1313,140.00,24.13,35.0000,24.3141,10.6859,600.0000,24.32,119.76,3.0300,0.00,271.54,1.460417e-03
7071,32.9755,140.00,23.95,35.0000,24.3141,10.6859,600.0000,23.91,119.76,3.0300,3.32,271.53,1.460567e-03
7072,33.4713,140.00,23.73,35.0000,24.3141,10.6859,600.0000,23.59,119.76,3.0300,4.03,271.52,1.460717e-03
7073,33.8944,140.00,23.33,35.0000,24.3141,10.6859,600.0000,23.39,119.76,3.0300,0.00,271.51,1.460868e-03
7074,33.9251,140.00,23.21,35.0000,24.3141,10.6859,600.0000,23.32,119.76,3.0300,0.00,271.50,1.461018e-03
7075,32.9889,140.00,23.52,35.0000,24.3141,10.6859,600.0000,23.39,119.76,3.0300,3.96,271.49,1.461168e-03
7076,33.4323,140.00,23.60,35.0000,24.3141,10.6859,600.0000,23.59,119.76,3.0300,2.25,271.48,1.461318e-03
7077,33.8681,140.00,23.90,35.0000,24.3141,10.6859,600.0000,23.91,119.76,3.0300,0.00,271.47,1.461468e-03
7078,33.1832,140.00,24.32,35.0000,24.3141,10.6859,600.0000,24.33,119.76,3.0300,0.00,271.46,1.461618e-03
7079,33.0787,140.00,24.76,35.0000,24.3141,10.6859,600.0000,24.81,119.76,3.0300,0.00,271.44,1.461768e-03
7080,33.1125,140.00,25.36,35.0000,24.3141,10.6859,600.0000,25.33,119.76,3.0300,3.06,271.43,1.461918e-03
7081,33.1849,140.00,25.74,35.0000,24.3141,10.6859,600.0000,25.85,119.76,3.0300,0.00,271.42,1.462068e-03
7082,33.9643,140.00,26.31,35.0000,24.3141,10.6859,600.0000,26.33,119.76,3.0300,0.00,271.41,1.462218e-03
7083,33.4494,140.00,26.59,35.0000,24.3141,10.6859,600.0000,26.75,119.76,3.0300,0.00,271.40,1.462369e-03
7084,33.8665,140.00,27.17,35.0000,24.3141,10.6859,600.0000,27.07,119.76,3.0300,3.83,271.39,1.462519e-03
7085,33.2219,140.00,27.17,35.0000,24.3141,10.6859,600.0000,27.27,119.76,3.0300,0.00,271.38,1.462669e-03
7086,33.5800,140.00,27.31,35.0000,24.3141,10.6859,600.0000,27.34,119.76,3.0300,0.00,271.37,1.462819e-03
7087,33.3566,140.00,27.31,35.0000,24.3141,10.6859,600.0000,27.27,119.76,3.0300,3.16,271.36,1.462969e-03
7088,33.2541,140.00,27.09,35.0000,24.3141,10.6859,600.0000,27.07,119.76,3.0300,2.95,271.35,1.463119e-03
7089,33.4049,140.00,26.71,35.0000,24.3141,10.6859,600.0000,26.76,119.76,3.0300,0.00,271.33,1.463269e-03
7090,33.5218,140.00,26.45,35.0000,24.3141,10.6859,600.0000,26.34,119.76,3.0300,3.85,271.32,1.463419e-03
7091,33.5769,140.00,25.95,35.0000,24.3141,10.6859,600.0000,25.86,119.76,3.0300,3.67,271.31,1.463569e-03
7092,33.7222,140.00,25.30,35.0000,24.3141,10.6859,600.0000,25.35,119.76,3.0300,0.00,271.30,1.463719e-03
7093,33.7345,140.00,24.86,35.0000,24.3141,10.6859,600.0000,24.83,119.76,3.0300,3.17,271.29,1.463870e-03
7094,33.4682,140.00,24.43,35.0000,24.3141,10.6859,600.0000,24.35,119.76,3.0300,3.61,271.28,1.464020e-03
7095,33.2477,140.00,23.85,35.0000,24.3141,10.6859,600.0000,23.94,119.76,3.0300,0.00,271.27,1.464170e-03
7096,33.4219,140.00,23.58,35.0000,24.3141,10.6859,600.0000,23.62,119.76,3.0300,0.00,271.26,1.464320e-03
7097,33.2365,140.00,23.33,35.0000,24.3141,10.6859,600.0000,23.42,119.76,3.0300,0.00,271.25,1.464470e-03
7098,33.2538,140.00,23.32,35.0000,24.3141,10.6859,600.0000,23.35,119.76,3.0300,0.00,271.23,1.464620e-03
7099,34.0295,140.00,23.36,35.0000,24.3141,10.6859,600.0000,23.42,119.76,3.0300,0.00,271.22,1.464770e-03
7100,33.5171,140.00,23.66,35.0000,24.3141,10.6859,600.0000,23.62,119.76,3.0300,3.23,271.21,1.464920e-03
7101,33.5064,140.00,23.93,35.0000,24.3141,10.6859,600.0000,23.94,119.76,3.0300,0.00,271.20,1.465070e-03
7102,33.3358,140.00,24.25,35.0000,24.3141,10.6859,600.0000,24.36,119.76,3.0300,0.00,271.19,1.465220e-03
7103,34.1690,140.00,24.88,35.0000,24.3141,10.6859,600.0000,24.84,119.76,3.0300,3.14,271.18,1.465371e-03
7104,33.4153,140.00,25.46,35.0000,24.3141,10.6859,600.0000,25.36,119.76,3.0300,3.75,271.17,1.465521e-03
7105,33.6771,140.00,25.85,35.0000,24.3141,10.6859,600.0000,25.88,119.76,3.0300,0.00,271.16,1.465671e-03
7106,33.8152,140.00,26.36,35.0000,24.3141,10.6859,600.0000,26.36,119.76,3.0300,0.00,271.15,1.465821e-03
7107,34.2219,140.00,26.71,35.0000,24.3141,10.6859,600.0000,26.78,119.76,3.0300,0.00,271.14,1.465971e-03
7108,34.1677,140.00,27.09,35.0000,24.3141,10.6859,600.0000,27.10,119.76,3.0300,0.00,271.12,1.466121e-03
7109,33.4267,140.00,27.28,35.0000,24.3141,10.6859,600.0000,27.30,119.76,3.0300,0.00,271.11,1.466271e-03
7110,33.8002,140.00,27.42,35.0000,24.3141,10.6859,600.0000,27.37,119.76,3.0300,3.40,271.10,1.466421e-03
7111,33.8087,140.00,27.39,35.0000,24.3141,10.6859,600.0000,27.30,119.76,3.0300,3.69,271.09,1.466571e-03
7112,33.5495,140.00,27.24,35.0000,24.3141,10.6859,600.0000,27.11,119.76,3.0300,4.02,271.08,1.466721e-03
7113,33.8581,140.00,26.89,35.0000,24.3141,10.6859,600.0000,26.79,119.76,3.0300,3.81,271.07,1.466871e-03
7114,34.0194,140.00,26.37,35.0000,24.3141,10.6859,600.0000,26.38,119.76,3.0300,0.00,271.06,1.467022e-03
7115,33.4667,140.00,25.85,35.0000,24.3141,10.6859,600.0000,25.89,119.76,3.0300,0.00,271.05,1.467172e-03
7116,34.1529,140.00,25.32,35.0000,24.3141,10.6859,600.0000,25.38,119.76,3.0300,0.00,271.04,1.467322e-03
7117,33.7367,140.00,24.90,35.0000,24.3141,10.6859,600.0000,24.86,119.76,3.0300,3.24,271.03,1.467472e-03
7118,33.3599,140.00,24.36,35.0000,24.3141,10.6859,600.0000,24.38,119.76,3.0300,0.00,271.01,1.467622e-03
7119,34.1732,140.00,23.94,35.0000,24.3141,10.6859,600.0000,23.97,119.76,3.0300,0.00,271.00,1.467772e-03
7120,33.5021,140.00,23.64,35.0000,24.3141,10.6859,600.0000,23.65,119.76,3.0300,0.00,270.99,1.467922e-03
7121,33.9009,140.00,23.42,35.0000,24.3141,10.6859,600.0000,23.45,119.76,3.0300,0.00,270.98,1.468072e-03
7122,33.4612,140.00,23.25,35.0000,24.3141,10.6859,600.0000,23.39,119.76,3.0300,0.00,270.97,1.468222e-03
7123,33.7117,140.00,23.51,35.0000,24.3141,10.6859,600.0000,23.46,119.76,3.0300,3.35,270.96,1.468372e-03
7124,33.5479,140.00,23.56,35.0000,24.3141,10.6859,600.0000,23.66,119.76,3.0300,0.00,270.95,1.468522e-03
7125,34.2730,140.00,23.92,35.0000,24.3141,10.6859,600.0000,23.98,119.76,3.0300,0.00,270.94,1.468673e-03
7126,34.3055,140.00,24.42,35.0000,24.3141,10.6859,600.0000,24.39,119.76,3.0300,2.98,270.93,1.468823e-03
7127,33.9191,140.00,24.81,35.0000,24.3141,10.6859,600.0000,24.88,119.76,3.0300,0.00,270.91,1.468973e-03
7128,34.0454,140.00,25.40,35.0000,24.3141,10.6859,600.0000,25.40,119.76,3.0300,2.28,270.90,1.469123e-03
7129,33.9231,140.00,25.95,35.0000,24.3141,10.6859,600.0000,25.91,119.76,3.0300,3.15,270.89,1.469273e-03
7130,33.7939,140.00,26.32,35.0000,24.3141,10.6859,600.0000,26.40,119.76,3.0300,0.00,270.88,1.469423e-03
7131,33.7328,140.00,26.89,35.0000,24.3141,10.6859,600.0000,26.81,119.76,3.0300,3.64,270.87,1.469573e-03
7132,34.4170,140.00,27.20,35.0000,24.3141,10.6859,600.0000,27.13,119.76,3.0300,3.51,270.86,1.469723e-03
7133,34.0892,140.00,27.33,35.0000,24.3141,10.6859,600.0000,27.33,119.76,3.0300,0.00,270.85,1.469873e-03
7134,34.0996,140.00,27.42,35.0000,24.3141,10.6859,600.0000,27.40,119.76,3.0300,2.91,270.84,1.470023e-03
7135,33.7999,140.00,27.39,35.0000,24.3141,10.6859,600.0000,27.34,119.76,3.0300,3.42,270.83,1.470174e-03
7136,34.1546,140.00,27.22,35.0000,24.3141,10.6859,600.0000,27.14,119.76,3.0300,3.62,270.82,1.470324e-03
7137,34.0367,140.00,26.83,35.0000,24.3141,10.6859,600.0000,26.82,119.76,3.0300,2.75,270.80,1.470474e-03
7138,34.1295,140.00,26.33,35.0000,24.3141,10.6859,600.0000,26.41,119.76,3.0300,0.00,270.79,1.470624e-03
7139,34.5254,140.00,25.93,35.0000,24.3141,10.6859,600.0000,25.93,119.76,3.0300,2.36,270.78,1.470774e-03
7140,33.9707,140.00,25.32,35.0000,24.3141,10.6859,600.0000,25.41,119.76,3.0300,0.00,270.77,1.470924e-03
7141,33.6676,140.00,24.91,35.0000,24.3141,10.6859,600.0000,24.90,119.76,3.0300,2.67,270.76,1.471074e-03
7142,34.6328,140.00,24.43,35.0000,24.3141,10.6859,600.0000,24.41,119.76,3.0300,2.78,270.75,1.471224e-03
7143,34.3979,140.00,24.03,35.0000,24.3141,10.6859,600.0000,24.00,119.76,3.0300,3.01,270.74,1.471374e-03
7144,34.0407,140.00,23.64,35.0000,24.3141,10.6859,600.0000,23.69,119.76,3.0300,0.00,270.73,1.471524e-03
7145,33.7111,140.00,23.53,35.0000,24.3141,10.6859,600.0000,23.49,119.76,3.0300,3.31,270.72,1.471674e-03
7146,34.4666,140.00,23.41,35.0000,24.3141,10.6859,600.0000,23.42,119.76,3.0300,0.00,270.71,1.471825e-03
7147,34.3115,140.00,23.48,35.0000,24.3141,10.6859,600.0000,23.49,119.76,3.0300,0.00,270.69,1.471975e-03
7148,34.0717,140.00,23.75,35.0000,24.3141,10.6859,600.0000,23.69,119.76,3.0300,3.49,270.68,1.472125e-03
7149,34.4789,140.00,24.00,35.0000,24.3141,10.6859,600.0000,24.01,119.76,3.0300,0.00,270.67,1.472275e-03
7150,34.2556,140.00,24.40,35.0000,24.3141,10.6859,600.0000,24.43,119.76,3.0300,0.00,270.66,1.472425e-03
7151,33.9295,140.00,24.87,35.0000,24.3141,10.6859,600.0000,24.91,119.76,3.0300,0.00,270.65,1.472575e-03
7152,33.9193,140.00,25.49,35.0000,24.3141,10.6859,600.0000,25.43,119.76,3.0300,3.44,270.64,1.472725e-03
7153,34.5132,140.00,25.91,35.0000,24.3141,10.6859,600.0000,25.95,119.76,3.0300,0.00,270.63,1.472875e-03
7154,34.2338,140.00,26.43,35.0000,24.3141,10.6859,600.0000,26.43,119.76,3.0300,0.00,270.62,1.473025e-03
7155,34.3915,140.00,26.85,35.0000,24.3141,10.6859,600.0000,26.85,119.76,3.0300,2.52,270.61,1.473175e-03
7156,34.0523,140.00,27.20,35.0000,24.3141,10.6859,600.0000,27.17,119.76,3.0300,3.17,270.60,1.473325e-03
7157,34.4201,140.00,27.32,35.0000,24.3141,10.6859,600.0000,27.37,119.76,3.0300,0.00,270.58,1.473475e-03
7158,34.8579,140.00,27.40,35.0000,24.3141,10.6859,600.0000,27.44,119.76,3.0300,0.00,270.57,1.473626e-03
7159,34.3447,140.00,27.41,35.0000,24.3141,10.6859,600.0000,27.37,119.76,3.0300,3.19,270.56,1.473776e-03
7160,34.8648,140.00,27.18,35.0000,24.3141,10.6859,600.0000,27.17,119.76,3.0300,2.49,270.55,1.473926e-03
7161,33.9783,140.00,26.83,35.0000,24.3141,10.6859,600.0000,26.86,119.76,3.0300,0.00,270.54,1.474076e-03
7162,34.5191,140.00,26.39,35.0000,24.3141,10.6859,600.0000,26.44,119.76,3.0300,0.00,270.53,1.474226e-03
7163,34.7151,140.00,25.97,35.0000,24.3141,10.6859,600.0000,25.96,119.76,3.0300,2.32,270.52,1.474376e-03
7164,34.5407,140.00,25.44,35.0000,24.3141,10.6859,600.0000,25.45,119.76,3.0300,0.00,270.51,1.474526e-03
7165,34.5694,140.00,24.87,35.0000,24.3141,10.6859,600.0000,24.93,119.76,3.0300,0.00,270.50,1.474676e-03
7166,34.0300,140.00,24.47,35.0000,24.3141,10.6859,600.0000,24.45,119.76,3.0300,2.89,270.49,1.474826e-03
7167,34.9340,140.00,24.03,35.0000,24.3141,10.6859,600.0000,24.04,119.76,3.0300,0.00,270.48,1.474976e-03
7168,34.1619,140.00,23.67,35.0000,24.3141,10.6859,600.0000,23.72,119.76,3.0300,0.00,270.46,1.475126e-03
7169,34.4268,140.00,23.47,35.0000,24.3141,10.6859,600.0000,23.52,119.76,3.0300,0.00,270.45,1.475277e-03
7170,34.4682,140.00,23.44,35.0000,24.3141,10.6859,600.0000,23.46,119.76,3.0300,0.00,270.44,1.475427e-03
7171,34.0629,140.00,23.57,35.0000,24.3141,10.6859,600.0000,23.53,119.76,3.0300,3.28,270.43,1.475577e-03
7172,34.1790,140.00,23.74,35.0000,24.3141,10.6859,600.0000,23.73,119.76,3.0300,2.68,270.42,1.475727e-03
7173,34.4723,140.00,24.01,35.0000,24.3141,10.6859,600.0000,24.05,119.76,3.0300,0.00,270.41,1.475877e-03
7174,34.3509,140.00,24.52,35.0000,24.3141,10.6859,600.0000,24.46,119.76,3.0300,3.42,270.40,1.476027e-03
7175,34.9759,140.00,24.95,35.0000,24.3141,10.6859,600.0000,24.95,119.76,3.0300,2.22,270.39,1.476177e-03
7176,34.3168,140.00,25.45,35.0000,24.3141,10.6859,600.0000,25.46,119.76,3.0300,0.00,270.38,1.476327e-03
7177,34.5256,140.00,25.98,35.0000,24.3141,10.6859,600.0000,25.98,119.76,3.0300,1.74,270.37,1.476477e-03
7178,34.8770,140.00,26.43,35.0000,24.3141,10.6859,600.0000,26.47,119.76,3.0300,0.00,270.35,1.476627e-03
7179,34.2989,140.00,26.93,35.0000,24.3141,10.6859,600.0000,26.88,119.76,3.0300,3.34,270.34,1.476777e-03
7180,34.6261,140.00,27.24,35.0000,24.3141,10.6859,600.0000,27.20,119.76,3.0300,3.24,270.33,1.476928e-03
7181,35.1896,140.00,27.43,35.0000,24.3141,10.6859,600.0000,27.40,119.76,3.0300,2.98,270.32,1.477078e-03
7182,35.0624,140.00,27.49,35.0000,24.3141,10.6859,600.0000,27.47,119.76,3.0300,2.82,270.31,1.477228e-03
7183,34.5947,140.00,27.42,35.0000,24.3141,10.6859,600.0000,27.41,119.76,3.0300,2.73,270.30,1.477378e-03
7184,34.8091,140.00,27.26,35.0000,24.3141,10.6859,600.0000,27.21,119.76,3.0300,3.32,270.29,1.477528e-03
7185,34.4737,140.00,26.85,35.0000,24.3141,10.6859,600.0000,26.89,119.76,3.0300,0.00,270.28,1.477678e-03
7186,34.8811,140.00,26.52,35.0000,24.3141,10.6859,600.0000,26.48,119.76,3.0300,3.30,270.27,1.477828e-03
7187,35.2845,140.00,25.98,35.0000,24.3141,10.6859,600.0000,26.00,119.76,3.0300,0.00,270.26,1.477978e-03
7188,34.8223,140.00,25.49,35.0000,24.3141,10.6859,600.0000,25.48,119.76,3.0300,2.44,270.24,1.478128e-03
7189,34.6274,140.00,25.01,35.0000,24.3141,10.6859,600.0000,24.97,119.76,3.0300,3.29,270.23,1.478278e-03
7190,34.8460,140.00,24.50,35.0000,24.3141,10.6859,600.0000,24.49,119.76,3.0300,2.69,270.22,1.478428e-03
7191,34.4363,140.00,24.01,35.0000,24.3141,10.6859,600.0000,24.07,119.76,3.0300,0.00,270.21,1.478578e-03
7192,34.6139,140.00,23.75,35.0000,24.3141,10.6859,600.0000,23.76,119.76,3.0300,0.00,270.20,1.478729e-03
7193,35.3725,140.00,23.58,35.0000,24.3141,10.6859,600.0000,23.56,119.76,3.0300,3.00,270.19,1.478879e-03
7194,35.1152,140.00,23.52,35.0000,24.3141,10.6859,600.0000,23.49,119.76,3.0300,3.02,270.18,1.479029e-03
7195,34.9312,140.00,23.58,35.0000,24.3141,10.6859,600.0000,23.56,119.76,3.0300,2.78,270.17,1.479179e-03
7196,35.3670,140.00,23.76,35.0000,24.3141,10.6859,600.0000,23.76,119.76,3.0300,0.00,270.16,1.479329e-03
7197,35.1341,140.00,24.08,35.0000,24.3141,10.6859,600.0000,24.08,119.76,3.0300,0.00,270.15,1.479479e-03
7198,34.9053,140.00,24.50,35.0000,24.3141,10.6859,600.0000,24.50,119.76,3.0300,0.00,270.14,1.479629e-03
7199,35.2352,140.00,24.98,35.0000,24.3141,10.6859,600.0000,24.98,119.76,3.0300,0.00,270.12,1.479779e-03
7200,34.7564,140.00,25.52,35.0000,24.3141,10.6859,600.0000,25.50,119.76,3.0300,2.80,270.11,1.479929e-03
7201,35.1269,140.00,26.01,35.0000,24.3141,10.6859,600.0000,26.02,119.76,3.0300,0.00,270.10,1.480079e-03
7202,34.9666,140.00,26.48,35.0000,24.3141,10.6859,600.0000,26.50,119.76,3.0300,0.00,270.09,1.480229e-03
7203,34.7475,140.00,26.95,35.0000,24.3141,10.6859,600.0000,26.92,119.76,3.0300,3.10,270.08,1.480379e-03
7204,35.2348,140.00,27.21,35.0000,24.3141,10.6859,600.0000,27.24,119.76,3.0300,0.00,270.07,1.480530e-03
7205,35.1446,140.00,27.43,35.0000,24.3141,10.6859,600.0000,27.44,119.76,3.0300,0.00,270.06,1.480680e-03
7206,35.1233,140.00,27.48,35.0000,24.3141,10.6859,600.0000,27.51,119.76,3.0300,0.00,270.05,1.480830e-03
7207,35.1500,140.00,27.45,35.0000,24.3141,10.6859,600.0000,27.44,119.76,3.0300,2.42,270.04,1.480980e-03
7208,34.9655,140.00,27.23,35.0000,24.3141,10.6859,600.0000,27.25,119.76,3.0300,0.00,270.03,1.481130e-03
7209,35.5606,140.00,26.93,35.0000,24.3141,10.6859,600.0000,26.93,119.76,3.0300,2.23,270.01,1.481280e-03
7210,35.3507,140.00,26.53,35.0000,24.3141,10.6859,600.0000,26.52,119.76,3.0300,2.60,270.00,1.481430e-03
7211,35.3900,140.00,26.03,35.0000,24.3141,10.6859,600.0000,26.04,119.76,3.0300,0.00,269.99,1.481580e-03
7212,34.7221,140.00,25.58,35.0000,24.3141,10.6859,600.0000,25.52,119.76,3.0300,3.47,269.98,1.481730e-03
7213,35.2026,140.00,25.00,35.0000,24.3141,10.6859,600.0000,25.00,119.76,3.0300,0.00,269.97,1.481880e-03
7214,35.1711,140.00,24.50,35.0000,24.3141,10.6859,600.0000,24.52,119.76,3.0300,0.00,269.96,1.482030e-03
7215,35.2615,140.00,24.11,35.0000,24.3141,10.6859,600.0000,24.11,119.76,3.0300,0.00,269.95,1.482181e-03
7216,35.0126,140.00,23.81,35.0000,24.3141,10.6859,600.0000,23.80,119.76,3.0300,2.83,269.94,1.482331e-03
7217,35.0686,140.00,23.57,35.0000,24.3141,10.6859,600.0000,23.60,119.76,3.0300,0.00,269.93,1.482481e-03
7218,35.2983,140.00,23.54,35.0000,24.3141,10.6859,600.0000,23.53,119.76,3.0300,2.71,269.92,1.482631e-03
7219,35.4899,140.00,23.63,35.0000,24.3141,10.6859,600.0000,23.60,119.76,3.0300,3.04,269.91,1.482781e-03
7220,35.4719,140.00,23.80,35.0000,24.3141,10.6859,600.0000,23.80,119.76,3.0300,0.00,269.89,1.482931e-03
7221,35.4318,140.00,24.13,35.0000,24.3141,10.6859,600.0000,24.12,119.76,3.0300,2.55,269.88,1.483081e-03
7222,34.9892,140.00,24.55,35.0000,24.3141,10.6859,600.0000,24.54,119.76,3.0300,2.71,269.87,1.483231e-03
7223,35.3700,140.00,25.03,35.0000,24.3141,10.6859,600.0000,25.02,119.76,3.0300,2.40,269.86,1.483381e-03
7224,35.1212,140.00,25.55,35.0000,24.3141,10.6859,600.0000,25.54,119.76,3.0300,2.75,269.85,1.483531e-03
7225,35.0097,140.00,26.09,35.0000,24.3141,10.6859,600.0000,26.06,119.76,3.0300,3.05,269.84,1.483681e-03
7226,35.1977,140.00,26.56,35.0000,24.3141,10.6859,600.0000,26.54,119.76,3.0300,2.80,269.83,1.483831e-03
7227,35.2777,140.00,26.94,35.0000,24.3141,10.6859,600.0000,26.96,119.76,3.0300,0.00,269.82,1.483982e-03
7228,35.8136,140.00,27.28,35.0000,24.3141,10.6859,600.0000,27.28,119.76,3.0300,0.00,269.81,1.484132e-03
7229,35.6085,140.00,27.47,35.0000,24.3141,10.6859,600.0000,27.48,119.76,3.0300,0.00,269.80,1.484282e-03
7230,35.0570,140.00,27.54,35.0000,24.3141,10.6859,600.0000,27.55,119.76,3.0300,0.00,269.79,1.484432e-03
7231,35.8879,140.00,27.48,35.0000,24.3141,10.6859,600.0000,27.48,119.76,3.0300,0.00,269.77,1.484582e-03
7232,35.7568,140.00,27.30,35.0000,24.3141,10.6859,600.0000,27.29,119.76,3.0300,2.78,269.76,1.484732e-03
7233,35.5976,140.00,26.97,35.0000,24.3141,10.6859,600.0000,26.97,119.76,3.0300,2.02,269.75,1.484882e-03
7234,35.1616,140.00,26.56,35.0000,24.3141,10.6859,600.0000,26.56,119.76,3.0300,2.51,269.74,1.485032e-03
7235,35.3880,140.00,26.06,35.0000,24.3141,10.6859,600.0000,26.08,119.76,3.0300,0.00,269.73,1.485182e-03
7236,35.8736,140.00,25.58,35.0000,24.3141,10.6859,600.0000,25.56,119.76,3.0300,3.01,269.72,1.485332e-03
7237,35.6168,140.00,25.04,35.0000,24.3141,10.6859,600.0000,25.04,119.76,3.0300,0.00,269.71,1.485482e-03
7238,35.7656,140.00,24.56,35.0000,24.3141,10.6859,600.0000,24.56,119.76,3.0300,0.00,269.70,1.485632e-03
7239,35.6900,140.00,24.13,35.0000,24.3141,10.6859,600.0000,24.15,119.76,3.0300,0.00,269.69,1.485782e-03
7240,35.9541,140.00,23.82,35.0000,24.3141,10.6859,600.0000,23.83,119.76,3.0300,0.00,269.68,1.485933e-03
7241,35.4209,140.00,23.64,35.0000,24.3141,10.6859,600.0000,23.64,119.76,3.0300,2.39,269.66,1.486083e-03
7242,35.2581,140.00,23.54,35.0000,24.3141,10.6859,600.0000,23.57,119.76,3.0300,0.00,269.65,1.486233e-03
7243,36.0181,140.00,23.63,35.0000,24.3141,10.6859,600.0000,23.64,119.76,3.0300,0.00,269.64,1.486383e-03
7244,35.5862,140.00,23.86,35.0000,24.3141,10.6859,600.0000,23.84,119.76,3.0300,2.83,269.63,1.486533e-03
7245,36.1511,140.00,24.16,35.0000,24.3141,10.6859,600.0000,24.16,119.76,3.0300,2.09,269.62,1.486683e-03
7246,35.3387,140.00,24.56,35.0000,24.3141,10.6859,600.0000,24.58,119.76,3.0300,0.00,269.61,1.486833e-03
7247,35.8250,140.00,25.06,35.0000,24.3141,10.6859,600.0000,25.06,119.76,3.0300,0.00,269.60,1.486983e-03
7248,35.2188,140.00,25.58,35.0000,24.3141,10.6859,600.0000,25.58,119.76,3.0300,2.22,269.59,1.487133e-03
7249,35.8733,140.00,26.11,35.0000,24.3141,10.6859,600.0000,26.10,119.76,3.0300,2.68,269.58,1.487283e-03
7250,35.6819,140.00,26.59,35.0000,24.3141,10.6859,600.0000,26.58,119.76,3.0300,2.62,269.57,1.487433e-03
7251,35.8293,140.00,27.01,35.0000,24.3141,10.6859,600.0000,27.00,119.76,3.0300,2.64,269.56,1.487583e-03
7252,35.2858,140.00,27.34,35.0000,24.3141,10.6859,600.0000,27.32,119.76,3.0300,2.98,269.54,1.487734e-03
7253,35.8873,140.00,27.51,35.0000,24.3141,10.6859,600.0000,27.52,119.76,3.0300,0.00,269.53,1.487884e-03
7254,35.9224,140.00,27.60,35.0000,24.3141,10.6859,600.0000,27.59,119.76,3.0300,2.59,269.52,1.488034e-03
7255,36.0744,140.00,27.52,35.0000,24.3141,10.6859,600.0000,27.52,119.76,3.0300,0.00,269.51,1.488184e-03
7256,35.4725,140.00,27.30,35.0000,24.3141,10.6859,600.0000,27.33,119.76,3.0300,0.00,269.50,1.488334e-03
7257,35.5421,140.00,26.99,35.0000,24.3141,10.6859,600.0000,27.01,119.76,3.0300,0.00,269.49,1.488484e-03
7258,35.9969,140.00,26.59,35.0000,24.3141,10.6859,600.0000,26.60,119.76,3.0300,0.00,269.48,1.488634e-03
7259,35.3855,140.00,26.13,35.0000,24.3141,10.6859,600.0000,26.12,119.76,3.0300,2.80,269.47,1.488784e-03
7260,36.2440,140.00,25.61,35.0000,24.3141,10.6859,600.0000,25.60,119.76,3.0300,2.72,269.46,1.488934e-03
7261,35.3993,140.00,25.09,35.0000,24.3141,10.6859,600.0000,25.08,119.76,3.0300,2.47,269.45,1.489084e-03
7262,35.9789,140.00,24.61,35.0000,24.3141,10.6859,600.0000,24.60,119.76,3.0300,2.70,269.44,1.489234e-03
7263,36.0296,140.00,24.19,35.0000,24.3141,10.6859,600.0000,24.19,119.76,3.0300,0.00,269.43,1.489384e-03
7264,36.2311,140.00,23.86,35.0000,24.3141,10.6859,600.0000,23.87,119.76,3.0300,0.00,269.41,1.489534e-03
7265,36.3295,140.00,23.67,35.0000,24.3141,10.6859,600.0000,23.68,119.76,3.0300,0.00,269.40,1.489685e-03
7266,36.0331,140.00,23.61,35.0000,24.3141,10.6859,600.0000,23.61,119.76,3.0300,0.00,269.39,1.489835e-03
7267,36.3943,140.00,23.69,35.0000,24.3141,10.6859,600.0000,23.68,119.76,3.0300,2.45,269.38,1.489985e-03
7268,36.3132,140.00,23.89,35.0000,24.3141,10.6859,600.0000,23.88,119.76,3.0300,2.35,269.37,1.490135e-03
7269,35.6181,140.00,24.22,35.0000,24.3141,10.6859,600.0000,24.20,119.76,3.0300,2.96,269.36,1.490285e-03
7270,35.6012,140.00,24.59,35.0000,24.3141,10.6859,600.0000,24.62,119.76,3.0300,0.00,269.35,1.490435e-03
7271,35.6362,140.00,25.12,35.0000,24.3141,10.6859,600.0000,25.10,119.76,3.0300,2.82,269.34,1.490585e-03
7272,36.1816,140.00,25.63,35.0000,24.3141,10.6859,600.0000,25.62,119.76,3.0300,2.76,269.33,1.490735e-03
7273,36.3107,140.00,26.15,35.0000,24.3141,10.6859,600.0000,26.14,119.76,3.0300,2.65,269.32,1.490885e-03
7274,36.3702,140.00,26.64,35.0000,24.3141,10.6859,600.0000,26.62,119.76,3.0300,2.79,269.31,1.491035e-03
7275,36.4121,140.00,27.05,35.0000,24.3141,10.6859,600.0000,27.04,119.76,3.0300,2.70,269.29,1.491185e-03
7276,36.1522,140.00,27.37,35.0000,24.3141,10.6859,600.0000,27.36,119.76,3.0300,2.62,269.28,1.491335e-03
7277,35.6758,140.00,27.57,35.0000,24.3141,10.6859,600.0000,27.56,119.76,3.0300,2.69,269.27,1.491485e-03
7278,36.1883,140.00,27.63,35.0000,24.3141,10.6859,600.0000,27.63,119.76,3.0300,2.24,269.26,1.491636e-03
7279,35.9779,140.00,27.58,35.0000,24.3141,10.6859,600.0000,27.56,119.76,3.0300,2.76,269.25,1.491786e-03
7280,36.1838,140.00,27.38,35.0000,24.3141,10.6859,600.0000,27.37,119.76,3.0300,2.73,269.24,1.491936e-03
7281,35.9868,140.00,27.05,35.0000,24.3141,10.6859,600.0000,27.05,119.76,3.0300,2.39,269.23,1.492086e-03
7282,36.4824,140.00,26.64,35.0000,24.3141,10.6859,600.0000,26.64,119.76,3.0300,2.38,269.22,1.492236e-03
7283,36.3740,140.00,26.16,35.0000,24.3141,10.6859,600.0000,26.16,119.76,3.0300,2.50,269.21,1.492386e-03
7284,35.8518,140.00,25.65,35.0000,24.3141,10.6859,600.0000,25.64,119.76,3.0300,2.61,269.20,1.492536e-03
7285,36.1237,140.00,25.13,35.0000,24.3141,10.6859,600.0000,25.13,119.76,3.0300,2.56,269.19,1.492686e-03
7286,36.2090,140.00,24.64,35.0000,24.3141,10.6859,600.0000,24.64,119.76,3.0300,0.00,269.17,1.492836e-03
7287,36.0038,140.00,24.24,35.0000,24.3141,10.6859,600.0000,24.23,119.76,3.0300,2.73,269.16,1.492986e-03
7288,36.1007,140.00,23.91,35.0000,24.3141,10.6859,600.0000,23.92,119.76,3.0300,0.00,269.15,1.493136e-03
7289,36.1877,140.00,23.71,35.0000,24.3141,10.6859,600.0000,23.72,119.76,3.0300,0.00,269.14,1.493286e-03
7290,36.5793,140.00,23.64,35.0000,24.3141,10.6859,600.0000,23.65,119.76,3.0300,0.00,269.13,1.493436e-03
7291,36.4008,140.00,23.73,35.0000,24.3141,10.6859,600.0000,23.72,119.76,3.0300,2.42,269.12,1.493587e-03
7292,36.3384,140.00,23.93,35.0000,24.3141,10.6859,600.0000,23.92,119.76,3.0300,2.19,269.11,1.493737e-03
7293,36.1360,140.00,24.24,35.0000,24.3141,10.6859,600.0000,24.24,119.76,3.0300,0.00,269.10,1.493887e-03
7294,36.0960,140.00,24.66,35.0000,24.3141,10.6859,600.0000,24.66,119.76,3.0300,2.15,269.09,1.494037e-03
7295,35.8571,140.00,25.15,35.0000,24.3141,10.6859,600.0000,25.14,119.76,3.0300,2.38,269.08,1.494187e-03
7296,36.0674,140.00,25.67,35.0000,24.3141,10.6859,600.0000,25.66,119.76,3.0300,2.55,269.07,1.494337e-03
7297,36.7996,140.00,26.19,35.0000,24.3141,10.6859,600.0000,26.18,119.76,3.0300,2.38,269.06,1.494487e-03
7298,36.3134,140.00,26.66,35.0000,24.3141,10.6859,600.0000,26.67,119.76,3.0300,0.00,269.04,1.494637e-03
7299,36.4385,140.00,27.10,35.0000,24.3141,10.6859,600.0000,27.08,119.76,3.0300,2.76,269.03,1.494787e-03
7300,36.2342,140.00,27.41,35.0000,24.3141,10.6859,600.0000,27.40,119.76,3.0300,2.50,269.02,1.494937e-03
7301,36.3969,140.00,27.60,35.0000,24.3141,10.6859,600.0000,27.60,119.76,3.0300,0.00,269.01,1.495087e-03
7302,36.6871,140.00,27.68,35.0000,24.3141,10.6859,600.0000,27.67,119.76,3.0300,2.67,269.00,1.495237e-03
7303,36.3963,140.00,27.62,35.0000,24.3141,10.6859,600.0000,27.61,119.76,3.0300,2.60,268.99,1.495387e-03
7304,35.8885,140.00,27.42,35.0000,24.3141,10.6859,600.0000,27.41,119.76,3.0300,2.53,268.98,1.495538e-03
7305,36.3398,140.00,27.09,35.0000,24.3141,10.6859,600.0000,27.09,119.76,3.0300,0.00,268.97,1.495688e-03
7306,36.5841,140.00,26.69,35.0000,24.3141,10.6859,600.0000,26.68,119.76,3.0300,2.46,268.96,1.495838e-03
7307,36.4641,140.00,26.20,35.0000,24.3141,10.6859,600.0000,26.20,119.76,3.0300,2.15,268.95,1.495988e-03
7308,36.2276,140.00,25.68,35.0000,24.3141,10.6859,600.0000,25.68,119.76,3.0300,0.00,268.94,1.496138e-03
7309,36.8395,140.00,25.17,35.0000,24.3141,10.6859,600.0000,25.17,119.76,3.0300,2.45,268.92,1.496288e-03
7310,36.6543,140.00,24.69,35.0000,24.3141,10.6859,600.0000,24.69,119.76,3.0300,1.91,268.91,1.496438e-03
7311,35.9654,140.00,24.27,35.0000,24.3141,10.6859,600.0000,24.28,119.76,3.0300,0.00,268.90,1.496588e-03
7312,36.5828,140.00,23.96,35.0000,24.3141,10.6859,600.0000,23.96,119.76,3.0300,0.00,268.89,1.496738e-03
7313,36.4860,140.00,23.77,35.0000,24.3141,10.6859,600.0000,23.76,119.76,3.0300,2.40,268.88,1.496888e-03
7314,36.3050,140.00,23.69,35.0000,24.3141,10.6859,600.0000,23.70,119.76,3.0300,0.00,268.87,1.497038e-03
7315,36.6763,140.00,23.76,35.0000,24.3141,10.6859,600.0000,23.77,119.76,3.0300,0.00,268.86,1.497188e-03
7316,36.9023,140.00,23.96,35.0000,24.3141,10.6859,600.0000,23.97,119.76,3.0300,0.00,268.85,1.497338e-03
7317,36.8876,140.00,24.29,35.0000,24.3141,10.6859,600.0000,24.29,119.76,3.0300,2.07,268.84,1.497489e-03
7318,36.6511,140.00,24.71,35.0000,24.3141,10.6859,600.0000,24.70,119.76,3.0300,2.41,268.83,1.497639e-03
7319,36.6400,140.00,25.18,35.0000,24.3141,10.6859,600.0000,25.19,119.76,3.0300,0.00,268.82,1.497789e-03
7320,36.1130,140.00,25.71,35.0000,24.3141,10.6859,600.0000,25.71,119.76,3.0300,1.99,268.81,1.497939e-03
7321,36.6803,140.00,26.23,35.0000,24.3141,10.6859,600.0000,26.23,119.76,3.0300,2.58,268.79,1.498089e-03
7322,36.8487,140.00,26.71,35.0000,24.3141,10.6859,600.0000,26.71,119.76,3.0300,2.22,268.78,1.498239e-03
7323,36.5411,140.00,27.13,35.0000,24.3141,10.6859,600.0000,27.13,119.76,3.0300,2.29,268.77,1.498389e-03
7324,36.6428,140.00,27.45,35.0000,24.3141,10.6859,600.0000,27.45,119.76,3.0300,2.46,268.76,1.498539e-03
7325,36.3551,140.00,27.64,35.0000,24.3141,10.6859,600.0000,27.65,119.76,3.0300,0.00,268.75,1.498689e-03
7326,36.6156,140.00,27.71,35.0000,24.3141,10.6859,600.0000,27.72,119.76,3.0300,0.00,268.74,1.498839e-03
7327,37.0005,140.00,27.65,35.0000,24.3141,10.6859,600.0000,27.65,119.76,3.0300,2.26,268.73,1.498989e-03
7328,36.8996,140.00,27.45,35.0000,24.3141,10.6859,600.0000,27.45,119.76,3.0300,1.94,268.72,1.499139e-03
7329,36.9907,140.00,27.13,35.0000,24.3141,10.6859,600.0000,27.14,119.76,3.0300,0.00,268.71,1.499289e-03
7330,36.3267,140.00,26.74,35.0000,24.3141,10.6859,600.0000,26.72,119.76,3.0300,2.69,268.70,1.499439e-03
7331,36.1661,140.00,26.25,35.0000,24.3141,10.6859,600.0000,26.24,119.76,3.0300,2.53,268.69,1.499590e-03
7332,36.2597,140.00,25.72,35.0000,24.3141,10.6859,600.0000,25.73,119.76,3.0300,0.00,268.68,1.499740e-03
7333,36.4616,140.00,25.21,35.0000,24.3141,10.6859,600.0000,25.21,119.76,3.0300,0.00,268.66,1.499890e-03
7334,36.7296,140.00,24.73,35.0000,24.3141,10.6859,600.0000,24.73,119.76,3.0300,0.00,268.65,1.500040e-03
7335,36.8249,140.00,24.32,35.0000,24.3141,10.6859,600.0000,24.32,119.76,3.0300,0.00,268.64,1.500190e-03
7336,36.6089,140.00,24.00,35.0000,24.3141,10.6859,600.0000,24.00,119.76,3.0300,0.00,268.63,1.500340e-03
7337,36.4523,140.00,23.81,35.0000,24.3141,10.6859,600.0000,23.81,119.76,3.0300,0.00,268.62,1.500490e-03
7338,36.2926,140.00,23.73,35.0000,24.3141,10.6859,600.0000,23.74,119.76,3.0300,0.00,268.61,1.500640e-03
7339,36.8940,140.00,23.81,35.0000,24.3141,10.6859,600.0000,23.81,119.76,3.0300,2.39,268.60,1.500790e-03
7340,36.6552,140.00,24.02,35.0000,24.3141,10.6859,600.0000,24.01,119.76,3.0300,2.48,268.59,1.500940e-03
7341,36.4306,140.00,24.33,35.0000,24.3141,10.6859,600.0000,24.33,119.76,3.0300,2.24,268.58,1.501090e-03
7342,36.2736,140.00,24.75,35.0000,24.3141,10.6859,600.0000,24.75,119.76,3.0300,1.78,268.57,1.501240e-03
7343,37.1373,140.00,25.23,35.0000,24.3141,10.6859,600.0000,25.23,119.76,3.0300,0.00,268.56,1.501390e-03
7344,36.2857,140.00,25.76,35.0000,24.3141,10.6859,600.0000,25.75,119.76,3.0300,2.39,268.55,1.501540e-03
7345,36.3991,140.00,26.27,35.0000,24.3141,10.6859,600.0000,26.27,119.76,3.0300,0.00,268.53,1.501691e-03
7346,36.5757,140.00,26.76,35.0000,24.3141,10.6859,600.0000,26.75,119.76,3.0300,2.51,268.52,1.501841e-03
7347,37.1192,140.00,27.17,35.0000,24.3141,10.6859,600.0000,27.17,119.76,3.0300,0.00,268.51,1.501991e-03
7348,36.6359,140.00,27.49,35.0000,24.3141,10.6859,600.0000,27.49,119.76,3.0300,0.00,268.50,1.502141e-03
7349,36.5422,140.00,27.68,35.0000,24.3141,10.6859,600.0000,27.69,119.76,3.0300,0.00,268.49,1.502291e-03
7350,37.0823,140.00,27.76,35.0000,24.3141,10.6859,600.0000,27.76,119.76,3.0300,0.00,268.48,1.502441e-03
7351,37.1447,140.00,27.70,35.0000,24.3141,10.6859,600.0000,27.70,119.76,3.0300,2.38,268.47,1.502591e-03
7352,36.7732,140.00,27.50,35.0000,24.3141,10.6859,600.0000,27.50,119.76,3.0300,2.51,268.46,1.502741e-03
7353,36.3928,140.00,27.18,35.0000,24.3141,10.6859,600.0000,27.18,119.76,3.0300,0.00,268.45,1.502891e-03
7354,36.6308,140.00,26.77,35.0000,24.3141,10.6859,600.0000,26.77,119.76,3.0300,0.00,268.44,1.503041e-03
7355,36.3520,140.00,26.29,35.0000,24.3141,10.6859,600.0000,26.29,119.76,3.0300,2.45,268.43,1.503191e-03
7356,36.7842,140.00,25.78,35.0000,24.3141,10.6859,600.0000,25.77,119.76,3.0300,2.31,268.42,1.503341e-03
7357,37.0836,140.00,25.26,35.0000,24.3141,10.6859,600.0000,25.26,119.76,3.0300,2.17,268.40,1.503491e-03
7358,36.7883,140.00,24.77,35.0000,24.3141,10.6859,600.0000,24.78,119.76,3.0300,0.00,268.39,1.503641e-03
7359,37.0972,140.00,24.37,35.0000,24.3141,10.6859,600.0000,24.37,119.76,3.0300,2.25,268.38,1.503792e-03
7360,36.4771,140.00,24.04,35.0000,24.3141,10.6859,600.0000,24.05,119.76,3.0300,0.00,268.37,1.503942e-03
7361,36.3256,140.00,23.86,35.0000,24.3141,10.6859,600.0000,23.85,119.76,3.0300,2.45,268.36,1.504092e-03
7362,36.2737,140.00,23.79,35.0000,24.3141,10.6859,600.0000,23.79,119.76,3.0300,2.49,268.35,1.504242e-03
7363,36.7414,140.00,23.85,35.0000,24.3141,10.6859,600.0000,23.86,119.76,3.0300,0.00,268.34,1.504392e-03
7364,36.3621,140.00,24.07,35.0000,24.3141,10.6859,600.0000,24.06,119.76,3.0300,2.66,268.33,1.504542e-03
7365,36.4117,140.00,24.37,35.0000,24.3141,10.6859,600.0000,24.38,119.76,3.0300,0.00,268.32,1.504692e-03
7366,36.6961,140.00,24.80,35.0000,24.3141,10.6859,600.0000,24.79,119.76,3.0300,2.37,268.31,1.504842e-03
7367,36.2711,140.00,25.27,35.0000,24.3141,10.6859,600.0000,25.28,119.76,3.0300,0.00,268.30,1.504992e-03
7368,37.0937,140.00,25.80,35.0000,24.3141,10.6859,600.0000,25.80,119.76,3.0300,2.14,268.29,1.505142e-03
7369,37.1918,140.00,26.32,35.0000,24.3141,10.6859,600.0000,26.32,119.76,3.0300,2.59,268.28,1.505292e-03
7370,37.1683,140.00,26.80,35.0000,24.3141,10.6859,600.0000,26.80,119.76,3.0300,0.00,268.26,1.505442e-03
7371,36.7969,140.00,27.22,35.0000,24.3141,10.6859,600.0000,27.22,119.76,3.0300,2.41,268.25,1.505592e-03
7372,36.4864,140.00,27.55,35.0000,24.3141,10.6859,600.0000,27.54,119.76,3.0300,2.65,268.24,1.505742e-03
7373,37.0241,140.00,27.73,35.0000,24.3141,10.6859,600.0000,27.74,119.76,3.0300,0.00,268.23,1.505893e-03
7374,36.6174,140.00,27.82,35.0000,24.3141,10.6859,600.0000,27.81,119.76,3.0300,2.56,268.22,1.506043e-03
7375,37.1157,140.00,27.74,35.0000,24.3141,10.6859,600.0000,27.74,119.76,3.0300,0.00,268.21,1.506193e-03
7376,36.6315,140.00,27.55,35.0000,24.3141,10.6859,600.0000,27.54,119.76,3.0300,2.64,268.20,1.506343e-03
7377,36.2852,140.00,27.23,35.0000,24.3141,10.6859,600.0000,27.23,119.76,3.0300,2.45,268.19,1.506493e-03
7378,36.5523,140.00,26.81,35.0000,24.3141,10.6859,600.0000,26.82,119.76,3.0300,0.00,268.18,1.506643e-03
7379,37.2185,140.00,26.33,35.0000,24.3141,10.6859,600.0000,26.34,119.76,3.0300,0.00,268.17,1.506793e-03
7380,36.5039,140.00,25.82,35.0000,24.3141,10.6859,600.0000,25.82,119.76,3.0300,0.00,268.16,1.506943e-03
7381,37.0828,140.00,25.31,35.0000,24.3141,10.6859,600.0000,25.30,119.76,3.0300,2.53,268.15,1.507093e-03
7382,36.6871,140.00,24.83,35.0000,24.3141,10.6859,600.0000,24.82,119.76,3.0300,2.30,268.13,1.507243e-03
7383,36.2891,140.00,24.42,35.0000,24.3141,10.6859,600.0000,24.41,119.76,3.0300,2.71,268.12,1.507393e-03
7384,36.3333,140.00,24.09,35.0000,24.3141,10.6859,600.0000,24.10,119.76,3.0300,0.00,268.11,1.507543e-03
7385,36.5420,140.00,23.90,35.0000,24.3141,10.6859,600.0000,23.90,119.76,3.0300,2.32,268.10,1.507693e-03
7386,36.4829,140.00,23.84,35.0000,24.3141,10.6859,600.0000,23.83,119.76,3.0300,2.54,268.09,1.507843e-03
7387,36.4573,140.00,23.91,35.0000,24.3141,10.6859,600.0000,23.90,119.76,3.0300,2.62,268.08,1.507993e-03
7388,36.4927,140.00,24.11,35.0000,24.3141,10.6859,600.0000,24.10,119.76,3.0300,2.22,268.07,1.508144e-03
7389,37.1034,140.00,24.43,35.0000,24.3141,10.6859,600.0000,24.42,119.76,3.0300,2.53,268.06,1.508294e-03
7390,36.7916,140.00,24.84,35.0000,24.3141,10.6859,600.0000,24.84,119.76,3.0300,2.11,268.05,1.508444e-03
7391,37.0873,140.00,25.33,35.0000,24.3141,10.6859,600.0000,25.32,119.76,3.0300,2.58,268.04,1.508594e-03
7392,36.9396,140.00,25.84,35.0000,24.3141,10.6859,600.0000,25.84,119.76,3.0300,0.00,268.03,1.508744e-03
7393,36.2931,140.00,26.36,35.0000,24.3141,10.6859,600.0000,26.36,119.76,3.0300,0.00,268.02,1.508894e-03
7394,36.9080,140.00,26.85,35.0000,24.3141,10.6859,600.0000,26.85,119.76,3.0300,2.25,268.01,1.509044e-03
7395,36.4489,140.00,27.28,35.0000,24.3141,10.6859,600.0000,27.26,119.76,3.0300,2.68,267.99,1.509194e-03
7396,37.1755,140.00,27.59,35.0000,24.3141,10.6859,600.0000,27.58,119.76,3.0300,2.19,267.98,1.509344e-03
7397,37.0606,140.00,27.78,35.0000,24.3141,10.6859,600.0000,27.79,119.76,3.0300,0.00,267.97,1.509494e-03
7398,37.1113,140.00,27.86,35.0000,24.3141,10.6859,600.0000,27.86,119.76,3.0300,2.58,267.96,1.509644e-03
7399,37.1910,140.00,27.79,35.0000,24.3141,10.6859,600.0000,27.79,119.76,3.0300,0.00,267.95,1.509794e-03
7400,36.6084,140.00,27.59,35.0000,24.3141,10.6859,600.0000,27.59,119.76,3.0300,0.00,267.94,1.509944e-03
7401,36.6167,140.00,27.28,35.0000,24.3141,10.6859,600.0000,27.28,119.76,3.0300,2.41,267.93,1.510094e-03
7402,36.4460,140.00,26.86,35.0000,24.3141,10.6859,600.0000,26.86,119.76,3.0300,0.00,267.92,1.510244e-03
7403,36.6073,140.00,26.39,35.0000,24.3141,10.6859,600.0000,26.38,119.76,3.0300,2.38,267.91,1.510395e-03
7404,36.3284,140.00,25.87,35.0000,24.3141,10.6859,600.0000,25.87,119.76,3.0300,2.47,267.90,1.510545e-03
7405,36.5946,140.00,25.35,35.0000,24.3141,10.6859,600.0000,25.35,119.76,3.0300,0.00,267.89,1.510695e-03
7406,37.1431,140.00,24.88,35.0000,24.3141,10.6859,600.0000,24.87,119.76,3.0300,2.31,267.88,1.510845e-03
7407,36.6657,140.00,24.47,35.0000,24.3141,10.6859,600.0000,24.46,119.76,3.0300,2.55,267.87,1.510995e-03
7408,36.2128,140.00,24.14,35.0000,24.3141,10.6859,600.0000,24.14,119.76,3.0300,0.00,267.85,1.511145e-03
7409,37.0699,140.00,23.95,35.0000,24.3141,10.6859,600.0000,23.95,119.76,3.0300,1.92,267.84,1.511295e-03
7410,37.0543,140.00,23.88,35.0000,24.3141,10.6859,600.0000,23.88,119.76,3.0300,0.00,267.83,1.511445e-03
7411,37.1384,140.00,23.95,35.0000,24.3141,10.6859,600.0000,23.95,119.76,3.0300,2.28,267.82,1.511595e-03
7412,36.9667,140.00,24.15,35.0000,24.3141,10.6859,600.0000,24.15,119.76,3.0300,2.24,267.81,1.511745e-03
7413,37.1310,140.00,24.48,35.0000,24.3141,10.6859,600.0000,24.47,119.76,3.0300,2.44,267.80,1.511895e-03
7414,36.5591,140.00,24.89,35.0000,24.3141,10.6859,600.0000,24.89,119.76,3.0300,2.36,267.79,1.512045e-03
7415,37.0911,140.00,25.38,35.0000,24.3141,10.6859,600.0000,25.37,119.76,3.0300,2.45,267.78,1.512195e-03
7416,37.0118,140.00,25.89,35.0000,24.3141,10.6859,600.0000,25.89,119.76,3.0300,1.65,267.77,1.512345e-03
7417,36.7257,140.00,26.41,35.0000,24.3141,10.6859,600.0000,26.41,119.76,3.0300,0.00,267.76,1.512495e-03
7418,36.7314,140.00,26.90,35.0000,24.3141,10.6859,600.0000,26.90,119.76,3.0300,2.39,267.75,1.512646e-03
7419,37.0947,140.00,27.31,35.0000,24.3141,10.6859,600.0000,27.31,119.76,3.0300,0.00,267.74,1.512796e-03
7420,36.7151,140.00,27.64,35.0000,24.3141,10.6859,600.0000,27.63,119.76,3.0300,2.58,267.73,1.512946e-03
7421,37.0679,140.00,27.84,35.0000,24.3141,10.6859,600.0000,27.83,119.76,3.0300,2.24,267.71,1.513096e-03
7422,36.2698,140.00,27.91,35.0000,24.3141,10.6859,600.0000,27.90,119.76,3.0300,2.38,267.70,1.513246e-03
7423,36.4742,140.00,27.84,35.0000,24.3141,10.6859,600.0000,27.84,119.76,3.0300,0.00,267.69,1.513396e-03
7424,37.1074,140.00,27.65,35.0000,24.3141,10.6859,600.0000,27.64,119.76,3.0300,2.46,267.68,1.513546e-03
7425,36.8108,140.00,27.32,35.0000,24.3141,10.6859,600.0000,27.33,119.76,3.0300,0.00,267.67,1.513696e-03
7426,36.2363,140.00,26.92,35.0000,24.3141,10.6859,600.0000,26.91,119.76,3.0300,2.70,267.66,1.513846e-03
7427,36.2447,140.00,26.42,35.0000,24.3141,10.6859,600.0000,26.43,119.76,3.0300,0.00,267.65,1.513996e-03
7428,36.3688,140.00,25.91,35.0000,24.3141,10.6859,600.0000,25.92,119.76,3.0300,0.00,267.64,1.514146e-03
7429,36.1774,140.00,25.40,35.0000,24.3141,10.6859,600.0000,25.40,119.76,3.0300,0.00,267.63,1.514296e-03
7430,36.9166,140.00,24.93,35.0000,24.3141,10.6859,600.0000,24.92,119.76,3.0300,2.59,267.62,1.514446e-03
7431,36.6913,140.00,24.50,35.0000,24.3141,10.6859,600.0000,24.51,119.76,3.0300,0.00,267.61,1.514596e-03
7432,37.0128,140.00,24.20,35.0000,24.3141,10.6859,600.0000,24.19,119.76,3.0300,2.42,267.60,1.514746e-03
7433,36.6552,140.00,24.00,35.0000,24.3141,10.6859,600.0000,24.00,119.76,3.0300,2.54,267.59,1.514897e-03
7434,36.6732,140.00,23.92,35.0000,24.3141,10.6859,600.0000,23.93,119.76,3.0300,0.00,267.58,1.515047e-03
7435,36.8595,140.00,24.00,35.0000,24.3141,10.6859,600.0000,24.00,119.76,3.0300,0.00,267.56,1.515197e-03
7436,36.1350,140.00,24.19,35.0000,24.3141,10.6859,600.0000,24.20,119.76,3.0300,0.00,267.55,1.515347e-03
7437,36.1055,140.00,24.52,35.0000,24.3141,10.6859,600.0000,24.52,119.76,3.0300,0.00,267.54,1.515497e-03
7438,36.3603,140.00,24.94,35.0000,24.3141,10.6859,600.0000,24.94,119.76,3.0300,0.00,267.53,1.515647e-03
7439,36.9140,140.00,25.42,35.0000,24.3141,10.6859,600.0000,25.42,119.76,3.0300,0.00,267.52,1.515797e-03
7440,36.5378,140.00,25.93,35.0000,24.3141,10.6859,600.0000,25.94,119.76,3.0300,0.00,267.51,1.515947e-03
7441,36.8840,140.00,26.46,35.0000,24.3141,10.6859,600.0000,26.46,119.76,3.0300,1.88,267.50,1.516097e-03
7442,36.7017,140.00,26.94,35.0000,24.3141,10.6859,600.0000,26.95,119.76,3.0300,0.00,267.49,1.516247e-03
7443,36.3916,140.00,27.36,35.0000,24.3141,10.6859,600.0000,27.36,119.76,3.0300,0.00,267.48,1.516397e-03
7444,36.0494,140.00,27.69,35.0000,24.3141,10.6859,600.0000,27.68,119.76,3.0300,2.64,267.47,1.516547e-03
7445,36.5308,140.00,27.89,35.0000,24.3141,10.6859,600.0000,27.88,119.76,3.0300,2.53,267.46,1.516697e-03
7446,36.0269,140.00,27.95,35.0000,24.3141,10.6859,600.0000,27.95,119.76,3.0300,0.00,267.45,1.516847e-03
7447,36.0030,140.00,27.90,35.0000,24.3141,10.6859,600.0000,27.89,119.76,3.0300,2.52,267.44,1.516997e-03
7448,36.2109,140.00,27.69,35.0000,24.3141,10.6859,600.0000,27.69,119.76,3.0300,0.00,267.42,1.517147e-03
7449,36.1551,140.00,27.37,35.0000,24.3141,10.6859,600.0000,27.38,119.76,3.0300,0.00,267.41,1.517298e-03
7450,35.9396,140.00,26.97,35.0000,24.3141,10.6859,600.0000,26.96,119.76,3.0300,2.27,267.40,1.517448e-03
7451,35.9677,140.00,26.48,35.0000,24.3141,10.6859,600.0000,26.48,119.76,3.0300,0.00,267.39,1.517598e-03
7452,36.1961,140.00,25.98,35.0000,24.3141,10.6859,600.0000,25.97,119.76,3.0300,2.61,267.38,1.517748e-03
7453,36.1748,140.00,25.46,35.0000,24.3141,10.6859,600.0000,25.45,119.76,3.0300,2.44,267.37,1.517898e-03
7454,36.2776,140.00,24.97,35.0000,24.3141,10.6859,600.0000,24.97,119.76,3.0300,0.00,267.36,1.518048e-03
7455,36.5530,140.00,24.57,35.0000,24.3141,10.6859,600.0000,24.56,119.76,3.0300,2.61,267.35,1.518198e-03
7456,35.9550,140.00,24.23,35.0000,24.3141,10.6859,600.0000,24.24,119.76,3.0300,0.00,267.34,1.518348e-03
7457,36.4332,140.00,24.06,35.0000,24.3141,10.6859,600.0000,24.05,119.76,3.0300,2.73,267.33,1.518498e-03
7458,36.4886,140.00,23.98,35.0000,24.3141,10.6859,600.0000,23.98,119.76,3.0300,0.00,267.32,1.518648e-03
7459,36.6292,140.00,24.05,35.0000,24.3141,10.6859,600.0000,24.05,119.76,3.0300,0.00,267.31,1.518798e-03
7460,35.8890,140.00,24.25,35.0000,24.3141,10.6859,600.0000,24.25,119.76,3.0300,0.00,267.30,1.518948e-03
7461,36.1972,140.00,24.58,35.0000,24.3141,10.6859,600.0000,24.57,119.76,3.0300,2.52,267.29,1.519098e-03
7462,35.9818,140.00,24.98,35.0000,24.3141,10.6859,600.0000,24.99,119.76,3.0300,0.00,267.27,1.519248e-03
7463,36.5879,140.00,25.47,35.0000,24.3141,10.6859,600.0000,25.47,119.76,3.0300,1.96,267.26,1.519398e-03
7464,36.5378,140.00,26.00,35.0000,24.3141,10.6859,600.0000,25.99,119.76,3.0300,2.26,267.25,1.519548e-03
7465,36.5728,140.00,26.51,35.0000,24.3141,10.6859,600.0000,26.51,119.76,3.0300,2.08,267.24,1.519699e-03
7466,36.3143,140.00,26.99,35.0000,24.3141,10.6859,600.0000,27.00,119.76,3.0300,0.00,267.23,1.519849e-03
7467,36.4279,140.00,27.42,35.0000,24.3141,10.6859,600.0000,27.41,119.76,3.0300,2.57,267.22,1.519999e-03
7468,36.1941,140.00,27.72,35.0000,24.3141,10.6859,600.0000,27.73,119.76,3.0300,0.00,267.21,1.520149e-03
7469,36.5775,140.00,27.94,35.0000,24.3141,10.6859,600.0000,27.94,119.76,3.0300,2.52,267.20,1.520299e-03
7470,36.0304,140.00,28.01,35.0000,24.3141,10.6859,600.0000,28.01,119.76,3.0300,1.61,267.19,1.520449e-03
7471,35.7369,140.00,27.93,35.0000,24.3141,10.6859,600.0000,27.94,119.76,3.0300,0.00,267.18,1.520599e-03
7472,36.6466,140.00,27.75,35.0000,24.3141,10.6859,600.0000,27.74,119.76,3.0300,2.47,267.17,1.520749e-03
7473,35.7375,140.00,27.43,35.0000,24.3141,10.6859,600.0000,27.43,119.76,3.0300,2.57,267.16,1.520899e-03
7474,36.5054,140.00,27.02,35.0000,24.3141,10.6859,600.0000,27.01,119.76,3.0300,2.55,267.15,1.521049e-03
7475,36.2377,140.00,26.54,35.0000,24.3141,10.6859,600.0000,26.53,119.76,3.0300,2.37,267.14,1.521199e-03
7476,36.1586,140.00,26.02,35.0000,24.3141,10.6859,600.0000,26.02,119.76,3.0300,2.13,267.12,1.521349e-03
7477,36.1160,140.00,25.51,35.0000,24.3141,10.6859,600.0000,25.50,119.76,3.0300,2.19,267.11,1.521499e-03
7478,36.6431,140.00,25.03,35.0000,24.3141,10.6859,600.0000,25.02,119.76,3.0300,2.19,267.10,1.521649e-03
7479,36.1566,140.00,24.62,35.0000,24.3141,10.6859,600.0000,24.61,119.76,3.0300,2.65,267.09,1.521799e-03
7480,36.3107,140.00,24.30,35.0000,24.3141,10.6859,600.0000,24.30,119.76,3.0300,2.55,267.08,1.521949e-03
7481,35.8035,140.00,24.10,35.0000,24.3141,10.6859,600.0000,24.10,119.76,3.0300,0.00,267.07,1.522099e-03
7482,36.0719,140.00,24.02,35.0000,24.3141,10.6859,600.0000,24.03,119.76,3.0300,0.00,267.06,1.522250e-03
7483,35.8116,140.00,24.09,35.0000,24.3141,10.6859,600.0000,24.10,119.76,3.0300,0.00,267.05,1.522400e-03
7484,35.8815,140.00,24.30,35.0000,24.3141,10.6859,600.0000,24.30,119.76,3.0300,0.00,267.04,1.522550e-03
7485,36.3251,140.00,24.63,35.0000,24.3141,10.6859,600.0000,24.62,119.76,3.0300,2.63,267.03,1.522700e-03
7486,35.6482,140.00,25.03,35.0000,24.3141,10.6859,600.0000,25.04,119.76,3.0300,0.00,267.02,1.522850e-03
7487,36.3669,140.00,25.52,35.0000,24.3141,10.6859,600.0000,25.53,119.76,3.0300,0.00,267.01,1.523000e-03
7488,35.9422,140.00,26.05,35.0000,24.3141,10.6859,600.0000,26.05,119.76,3.0300,2.31,267.00,1.523150e-03
7489,36.0231,140.00,26.56,35.0000,24.3141,10.6859,600.0000,26.57,119.76,3.0300,0.00,266.99,1.523300e-03
7490,35.9641,140.00,27.04,35.0000,24.3141,10.6859,600.0000,27.05,119.76,3.0300,0.00,266.97,1.523450e-03
7491,35.7707,140.00,27.47,35.0000,24.3141,10.6859,600.0000,27.47,119.76,3.0300,2.60,266.96,1.523600e-03
7492,36.1044,140.00,27.78,35.0000,24.3141,10.6859,600.0000,27.79,119.76,3.0300,0.00,266.95,1.523750e-03
7493,35.7449,140.00,28.00,35.0000,24.3141,10.6859,600.0000,27.99,119.76,3.0300,2.77,266.94,1.523900e-03
7494,35.5452,140.00,28.07,35.0000,24.3141,10.6859,600.0000,28.06,119.76,3.0300,2.70,266.93,1.524050e-03
7495,36.2171,140.00,28.00,35.0000,24.3141,10.6859,600.0000,27.99,119.76,3.0300,2.72,266.92,1.524200e-03
7496,35.7521,140.00,27.78,35.0000,24.3141,10.6859,600.0000,27.79,119.76,3.0300,0.00,266.91,1.524350e-03
7497,35.9060,140.00,27.48,35.0000,24.3141,10.6859,600.0000,27.48,119.76,3.0300,0.00,266.90,1.524500e-03
7498,35.8296,140.00,27.07,35.0000,24.3141,10.6859,600.0000,27.07,119.76,3.0300,2.39,266.89,1.524651e-03
7499,35.9421,140.00,26.57,35.0000,24.3141,10.6859,600.0000,26.59,119.76,3.0300,0.00,266.88,1.524801e-03
7500,36.0058,140.00,26.08,35.0000,24.3141,10.6859,600.0000,26.07,119.76,3.0300,2.71,266.87,1.524951e-03
7501,35.9345,140.00,25.57,35.0000,24.3141,10.6859,600.0000,25.56,119.76,3.0300,2.86,266.86,1.525101e-03
7502,35.3820,140.00,25.07,35.0000,24.3141,10.6859,600.0000,25.08,119.76,3.0300,0.00,266.85,1.525251e-03
7503,35.4779,140.00,24.66,35.0000,24.3141,10.6859,600.0000,24.66,119.76,3.0300,0.00,266.84,1.525401e-03
7504,36.2717,140.00,24.35,35.0000,24.3141,10.6859,600.0000,24.35,119.76,3.0300,2.21,266.83,1.525551e-03
7505,36.2406,140.00,24.15,35.0000,24.3141,10.6859,600.0000,24.15,119.76,3.0300,1.96,266.81,1.525701e-03
7506,35.5731,140.00,24.08,35.0000,24.3141,10.6859,600.0000,24.09,119.76,3.0300,0.00,266.80,1.525851e-03
7507,35.8304,140.00,24.14,35.0000,24.3141,10.6859,600.0000,24.16,119.76,3.0300,0.00,266.79,1.526001e-03
7508,36.1780,140.00,24.36,35.0000,24.3141,10.6859,600.0000,24.36,119.76,3.0300,2.46,266.78,1.526151e-03
7509,36.2201,140.00,24.68,35.0000,24.3141,10.6859,600.0000,24.68,119.76,3.0300,2.47,266.77,1.526301e-03
7510,35.7583,140.00,25.09,35.0000,24.3141,10.6859,600.0000,25.09,119.76,3.0300,1.83,266.76,1.526451e-03
7511,36.2148,140.00,25.59,35.0000,24.3141,10.6859,600.0000,25.58,119.76,3.0300,2.63,266.75,1.526601e-03
7512,36.1414,140.00,26.11,35.0000,24.3141,10.6859,600.0000,26.10,119.76,3.0300,2.70,266.74,1.526751e-03
7513,35.3669,140.00,26.62,35.0000,24.3141,10.6859,600.0000,26.62,119.76,3.0300,2.45,266.73,1.526901e-03
7514,35.5547,140.00,27.11,35.0000,24.3141,10.6859,600.0000,27.10,119.76,3.0300,2.57,266.72,1.527051e-03
7515,35.2083,140.00,27.54,35.0000,24.3141,10.6859,600.0000,27.52,119.76,3.0300,2.88,266.71,1.527202e-03
7516,35.9844,140.00,27.85,35.0000,24.3141,10.6859,600.0000,27.84,119.76,3.0300,2.59,266.70,1.527352e-03
7517,35.9089,140.00,28.03,35.0000,24.3141,10.6859,600.0000,28.04,119.76,3.0300,0.00,266.69,1.527502e-03
7518,35.2946,140.00,28.09,35.0000,24.3141,10.6859,600.0000,28.11,119.76,3.0300,0.00,266.68,1.527652e-03
7519,35.4726,140.00,28.04,35.0000,24.3141,10.6859,600.0000,28.05,119.76,3.0300,0.00,266.66,1.527802e-03
7520,36.0645,140.00,27.84,35.0000,24.3141,10.6859,600.0000,27.85,119.76,3.0300,0.00,266.65,1.527952e-03
7521,35.6414,140.00,27.51,35.0000,24.3141,10.6859,600.0000,27.53,119.76,3.0300,0.00,266.64,1.528102e-03
7522,35.8000,140.00,27.12,35.0000,24.3141,10.6859,600.0000,27.12,119.76,3.0300,2.09,266.63,1.528252e-03
7523,35.8500,140.00,26.65,35.0000,24.3141,10.6859,600.0000,26.64,119.76,3.0300,2.74,266.62,1.528402e-03
7524,35.2820,140.00,26.14,35.0000,24.3141,10.6859,600.0000,26.13,119.76,3.0300,2.72,266.61,1.528552e-03
7525,35.7079,140.00,25.61,35.0000,24.3141,10.6859,600.0000,25.61,119.76,3.0300,0.00,266.60,1.528702e-03
7526,35.2985,140.00,25.13,35.0000,24.3141,10.6859,600.0000,25.13,119.76,3.0300,0.00,266.59,1.528852e-03
7527,35.6120,140.00,24.72,35.0000,24.3141,10.6859,600.0000,24.72,119.76,3.0300,2.18,266.58,1.529002e-03
7528,35.0292,140.00,24.37,35.0000,24.3141,10.6859,600.0000,24.40,119.76,3.0300,0.00,266.57,1.529152e-03
7529,35.8915,140.00,24.21,35.0000,24.3141,10.6859,600.0000,24.21,119.76,3.0300,2.55,266.56,1.529302e-03
7530,35.8043,140.00,24.14,35.0000,24.3141,10.6859,600.0000,24.14,119.76,3.0300,0.00,266.55,1.529452e-03
7531,35.3766,140.00,24.20,35.0000,24.3141,10.6859,600.0000,24.21,119.76,3.0300,0.00,266.54,1.529602e-03
7532,35.2283,140.00,24.43,35.0000,24.3141,10.6859,600.0000,24.41,119.76,3.0300,2.84,266.53,1.529752e-03
7533,35.4041,140.00,24.74,35.0000,24.3141,10.6859,600.0000,24.73,119.76,3.0300,2.31,266.52,1.529903e-03
7534,35.1328,140.00,25.12,35.0000,24.3141,10.6859,600.0000,25.15,119.76,3.0300,0.00,266.50,1.530053e-03
7535,35.5124,140.00,25.63,35.0000,24.3141,10.6859,600.0000,25.63,119.76,3.0300,0.00,266.49,1.530203e-03
7536,35.2728,140.00,26.13,35.0000,24.3141,10.6859,600.0000,26.15,119.76,3.0300,0.00,266.48,1.530353e-03
7537,35.0737,140.00,26.67,35.0000,24.3141,10.6859,600.0000,26.67,119.76,3.0300,1.92,266.47,1.530503e-03
7538,34.9231,140.00,27.14,35.0000,24.3141,10.6859,600.0000,27.16,119.76,3.0300,0.00,266.46,1.530653e-03
7539,34.8617,140.00,27.54,35.0000,24.3141,10.6859,600.0000,27.57,119.76,3.0300,0.00,266.45,1.530803e-03
7540,35.1552,140.00,27.88,35.0000,24.3141,10.6859,600.0000,27.89,119.76,3.0300,0.00,266.44,1.530953e-03
7541,35.0362,140.00,28.10,35.0000,24.3141,10.6859,600.0000,28.10,119.76,3.0300,0.00,266.43,1.531103e-03
7542,35.4098,140.00,28.17,35.0000,24.3141,10.6859,600.0000,28.17,119.76,3.0300,2.39,266.42,1.531253e-03
7543,35.4322,140.00,28.09,35.0000,24.3141,10.6859,600.0000,28.10,119.76,3.0300,0.00,266.41,1.531403e-03
7544,35.0184,140.00,27.93,35.0000,24.3141,10.6859,600.0000,27.90,119.76,3.0300,3.00,266.40,1.531553e-03
7545,35.6631,140.00,27.59,35.0000,24.3141,10.6859,600.0000,27.59,119.76,3.0300,2.43,266.39,1.531703e-03
7546,35.4266,140.00,27.19,35.0000,24.3141,10.6859,600.0000,27.18,119.76,3.0300,2.73,266.38,1.531853e-03
7547,35.1453,140.00,26.69,35.0000,24.3141,10.6859,600.0000,26.70,119.76,3.0300,0.00,266.37,1.532003e-03
7548,35.1609,140.00,26.16,35.0000,24.3141,10.6859,600.0000,26.18,119.76,3.0300,0.00,266.36,1.532153e-03
7549,34.8160,140.00,25.71,35.0000,24.3141,10.6859,600.0000,25.67,119.76,3.0300,3.29,266.35,1.532303e-03
7550,35.3859,140.00,25.18,35.0000,24.3141,10.6859,600.0000,25.19,119.76,3.0300,0.00,266.33,1.532454e-03
7551,35.6109,140.00,24.77,35.0000,24.3141,10.6859,600.0000,24.77,119.76,3.0300,0.00,266.32,1.532604e-03
7552,35.1593,140.00,24.45,35.0000,24.3141,10.6859,600.0000,24.46,119.76,3.0300,0.00,266.31,1.532754e-03
7553,34.8511,140.00,24.30,35.0000,24.3141,10.6859,600.0000,24.26,119.76,3.0300,3.29,266.30,1.532904e-03
7554,35.4399,140.00,24.18,35.0000,24.3141,10.6859,600.0000,24.19,119.76,3.0300,0.00,266.29,1.533054e-03
7555,34.9224,140.00,24.27,35.0000,24.3141,10.6859,600.0000,24.26,119.76,3.0300,2.37,266.28,1.533204e-03
7556,34.7146,140.00,24.50,35.0000,24.3141,10.6859,600.0000,24.47,119.76,3.0300,3.13,266.27,1.533354e-03
7557,34.6438,140.00,24.81,35.0000,24.3141,10.6859,600.0000,24.79,119.76,3.0300,3.01,266.26,1.533504e-03
7558,35.0191,140.00,25.20,35.0000,24.3141,10.6859,600.0000,25.20,119.76,3.0300,0.00,266.25,1.533654e-03
7559,34.5907,140.00,25.65,35.0000,24.3141,10.6859,600.0000,25.69,119.76,3.0300,0.00,266.24,1.533804e-03
7560,35.0672,140.00,26.23,35.0000,24.3141,10.6859,600.0000,26.21,119.76,3.0300,2.87,266.23,1.533954e-03
7561,34.8154,140.00,26.76,35.0000,24.3141,10.6859,600.0000,26.73,119.76,3.0300,3.13,266.22,1.534104e-03
7562,35.2958,140.00,27.23,35.0000,24.3141,10.6859,600.0000,27.21,119.76,3.0300,2.78,266.21,1.534254e-03
7563,34.6357,140.00,27.58,35.0000,24.3141,10.6859,600.0000,27.63,119.76,3.0300,0.00,266.20,1.534404e-03
7564,34.8095,140.00,27.93,35.0000,24.3141,10.6859,600.0000,27.95,119.76,3.0300,0.00,266.19,1.534554e-03
7565,34.9935,140.00,28.14,35.0000,24.3141,10.6859,600.0000,28.15,119.76,3.0300,0.00,266.18,1.534704e-03
7566,34.8650,140.00,28.21,35.0000,24.3141,10.6859,600.0000,28.22,119.76,3.0300,0.00,266.16,1.534854e-03
7567,34.3952,140.00,28.17,35.0000,24.3141,10.6859,600.0000,28.16,119.76,3.0300,2.79,266.15,1.535004e-03
7568,34.7573,140.00,27.93,35.0000,24.3141,10.6859,600.0000,27.96,119.76,3.0300,0.00,266.14,1.535155e-03
7569,34.5128,140.00,27.66,35.0000,24.3141,10.6859,600.0000,27.64,119.76,3.0300,2.83,266.13,1.535305e-03
7570,35.2136,140.00,27.24,35.0000,24.3141,10.6859,600.0000,27.23,119.76,3.0300,2.55,266.12,1.535455e-03
7571,34.8316,140.00,26.76,35.0000,24.3141,10.6859,600.0000,26.75,119.76,3.0300,2.57,266.11,1.535605e-03
7572,35.1682,140.00,26.24,35.0000,24.3141,10.6859,600.0000,26.24,119.76,3.0300,0.00,266.10,1.535755e-03
7573,34.5461,140.00,25.71,35.0000,24.3141,10.6859,600.0000,25.72,119.76,3.0300,0.00,266.09,1.535905e-03
7574,34.8897,140.00,25.27,35.0000,24.3141,10.6859,600.0000,25.24,119.76,3.0300,3.09,266.08,1.536055e-03
7575,34.9252,140.00,24.80,35.0000,24.3141,10.6859,600.0000,24.83,119.76,3.0300,0.00,266.07,1.536205e-03
7576,35.2096,140.00,24.51,35.0000,24.3141,10.6859,600.0000,24.51,119.76,3.0300,0.00,266.06,1.536355e-03
7577,34.7718,140.00,24.31,35.0000,24.3141,10.6859,600.0000,24.32,119.76,3.0300,0.00,266.05,1.536505e-03
7578,34.8524,140.00,24.23,35.0000,24.3141,10.6859,600.0000,24.25,119.76,3.0300,0.00,266.04,1.536655e-03
7579,34.2282,140.00,24.33,35.0000,24.3141,10.6859,600.0000,24.32,119.76,3.0300,2.65,266.03,1.536805e-03
7580,35.1243,140.00,24.51,35.0000,24.3141,10.6859,600.0000,24.52,119.76,3.0300,0.00,266.02,1.536955e-03
7581,34.3831,140.00,24.87,35.0000,24.3141,10.6859,600.0000,24.84,119.76,3.0300,3.01,266.01,1.537105e-03
7582,34.3491,140.00,25.25,35.0000,24.3141,10.6859,600.0000,25.26,119.76,3.0300,0.00,265.99,1.537255e-03
7583,34.2143,140.00,25.73,35.0000,24.3141,10.6859,600.0000,25.75,119.76,3.0300,0.00,265.98,1.537405e-03
7584,34.8075,140.00,26.24,35.0000,24.3141,10.6859,600.0000,26.27,119.76,3.0300,0.00,265.97,1.537555e-03
7585,34.1504,140.00,26.88,35.0000,24.3141,10.6859,600.0000,26.79,119.76,3.0300,3.75,265.96,1.537705e-03
7586,34.6725,140.00,27.28,35.0000,24.3141,10.6859,600.0000,27.27,119.76,3.0300,2.57,265.95,1.537855e-03
7587,34.6748,140.00,27.67,35.0000,24.3141,10.6859,600.0000,27.69,119.76,3.0300,0.00,265.94,1.538006e-03
7588,34.4130,140.00,28.09,35.0000,24.3141,10.6859,600.0000,28.01,119.76,3.0300,3.68,265.93,1.538156e-03
7589,34.9605,140.00,28.22,35.0000,24.3141,10.6859,600.0000,28.21,119.76,3.0300,2.62,265.92,1.538306e-03
7590,34.2196,140.00,28.33,35.0000,24.3141,10.6859,600.0000,28.28,119.76,3.0300,3.36,265.91,1.538456e-03
7591,34.1914,140.00,28.18,35.0000,24.3141,10.6859,600.0000,28.21,119.76,3.0300,0.00,265.90,1.538606e-03
7592,34.6147,140.00,28.04,35.0000,24.3141,10.6859,600.0000,28.02,119.76,3.0300,2.95,265.89,1.538756e-03
7593,34.5668,140.00,27.69,35.0000,24.3141,10.6859,600.0000,27.70,119.76,3.0300,0.00,265.88,1.538906e-03
7594,34.3946,140.00,27.27,35.0000,24.3141,10.6859,600.0000,27.29,119.76,3.0300,0.00,265.87,1.539056e-03
7595,34.5595,140.00,26.85,35.0000,24.3141,10.6859,600.0000,26.81,119.76,3.0300,3.28,265.86,1.539206e-03
7596,34.9250,140.00,26.29,35.0000,24.3141,10.6859,600.0000,26.29,119.76,3.0300,0.00,265.85,1.539356e-03
7597,34.5325,140.00,25.82,35.0000,24.3141,10.6859,600.0000,25.78,119.76,3.0300,3.22,265.84,1.539506e-03
7598,34.8671,140.00,25.32,35.0000,24.3141,10.6859,600.0000,25.30,119.76,3.0300,2.95,265.82,1.539656e-03
7599,34.2448,140.00,24.91,35.0000,24.3141,10.6859,600.0000,24.89,119.76,3.0300,3.03,265.81,1.539806e-03
7600,34.0757,140.00,24.59,35.0000,24.3141,10.6859,600.0000,24.57,119.76,3.0300,2.84,265.80,1.539956e-03
7601,34.0072,140.00,24.32,35.0000,24.3141,10.6859,600.0000,24.37,119.76,3.0300,0.00,265.79,1.540106e-03
7602,34.1877,140.00,24.31,35.0000,24.3141,10.6859,600.0000,24.31,119.76,3.0300,2.14,265.78,1.540256e-03
7603,34.0152,140.00,24.35,35.0000,24.3141,10.6859,600.0000,24.38,119.76,3.0300,0.00,265.77,1.540406e-03
7604,34.0266,140.00,24.58,35.0000,24.3141,10.6859,600.0000,24.58,119.76,3.0300,0.00,265.76,1.540556e-03
7605,34.3673,140.00,24.87,35.0000,24.3141,10.6859,600.0000,24.90,119.76,3.0300,0.00,265.75,1.540706e-03
7606,34.6811,140.00,25.34,35.0000,24.3141,10.6859,600.0000,25.32,119.76,3.0300,2.99,265.74,1.540857e-03
7607,34.4506,140.00,25.77,35.0000,24.3141,10.6859,600.0000,25.80,119.76,3.0300,0.00,265.73,1.541007e-03
7608,34.1892,140.00,26.31,35.0000,24.3141,10.6859,600.0000,26.32,119.76,3.0300,0.00,265.72,1.541157e-03
7609,34.1491,140.00,26.93,35.0000,24.3141,10.6859,600.0000,26.84,119.76,3.0300,3.68,265.71,1.541307e-03
7610,34.0560,140.00,27.36,35.0000,24.3141,10.6859,600.0000,27.33,119.76,3.0300,3.15,265.70,1.541457e-03
7611,34.1720,140.00,27.83,35.0000,24.3141,10.6859,600.0000,27.74,119.76,3.0300,3.65,265.69,1.541607e-03
7612,34.4209,140.00,28.06,35.0000,24.3141,10.6859,600.0000,28.06,119.76,3.0300,0.00,265.68,1.541757e-03
7613,34.0925,140.00,28.19,35.0000,24.3141,10.6859,600.0000,28.27,119.76,3.0300,0.00,265.67,1.541907e-03
7614,34.6284,140.00,28.37,35.0000,24.3141,10.6859,600.0000,28.34,119.76,3.0300,3.18,265.66,1.542057e-03
7615,34.5989,140.00,28.22,35.0000,24.3141,10.6859,600.0000,28.27,119.76,3.0300,0.00,265.64,1.542207e-03
7616,34.2626,140.00,28.03,35.0000,24.3141,10.6859,600.0000,28.07,119.76,3.0300,0.00,265.63,1.542357e-03
7617,34.2687,140.00,27.76,35.0000,24.3141,10.6859,600.0000,27.76,119.76,3.0300,0.00,265.62,1.542507e-03
7618,34.3100,140.00,27.39,35.0000,24.3141,10.6859,600.0000,27.35,119.76,3.0300,3.30,265.61,1.542657e-03
7619,34.5268,140.00,26.90,35.0000,24.3141,10.6859,600.0000,26.87,119.76,3.0300,3.09,265.60,1.542807e-03
7620,34.1608,140.00,26.38,35.0000,24.3141,10.6859,600.0000,26.35,119.76,3.0300,3.03,265.59,1.542957e-03
7621,33.7061,140.00,25.70,35.0000,24.3141,10.6859,600.0000,25.84,119.76,3.0300,0.00,265.58,1.543107e-03
7622,34.4705,140.00,25.32,35.0000,24.3141,10.6859,600.0000,25.36,119.76,3.0300,0.00,265.57,1.543257e-03
7623,33.8012,140.00,25.00,35.0000,24.3141,10.6859,600.0000,24.95,119.76,3.0300,3.43,265.56,1.543407e-03
7624,33.6556,140.00,24.62,35.0000,24.3141,10.6859,600.0000,24.63,119.76,3.0300,0.00,265.55,1.543557e-03
7625,33.6857,140.00,24.54,35.0000,24.3141,10.6859,600.0000,24.43,119.76,3.0300,3.82,265.54,1.543708e-03
7626,33.6673,140.00,24.41,35.0000,24.3141,10.6859,600.0000,24.37,119.76,3.0300,3.32,265.53,1.543858e-03
7627,33.7602,140.00,24.39,35.0000,24.3141,10.6859,600.0000,24.44,119.76,3.0300,0.00,265.52,1.544008e-03
7628,34.1971,140.00,24.65,35.0000,24.3141,10.6859,600.0000,24.64,119.76,3.0300,2.67,265.51,1.544158e-03
7629,34.4793,140.00,24.98,35.0000,24.3141,10.6859,600.0000,24.96,119.76,3.0300,2.97,265.50,1.544308e-03
7630,33.8496,140.00,25.38,35.0000,24.3141,10.6859,600.0000,25.38,119.76,3.0300,2.29,265.49,1.544458e-03
7631,34.0000,140.00,25.83,35.0000,24.3141,10.6859,600.0000,25.86,119.76,3.0300,0.00,265.48,1.544608e-03
7632,34.1723,140.00,26.44,35.0000,24.3141,10.6859,600.0000,26.38,119.76,3.0300,3.48,265.46,1.544758e-03
7633,34.1051,140.00,26.84,35.0000,24.3141,10.6859,600.0000,26.90,119.76,3.0300,0.00,265.45,1.544908e-03
7634,33.9502,140.00,27.39,35.0000,24.3141,10.6859,600.0000,27.39,119.76,3.0300,2.18,265.44,1.545058e-03
7635,34.3850,140.00,27.82,35.0000,24.3141,10.6859,600.0000,27.80,119.76,3.0300,2.78,265.43,1.545208e-03
7636,33.7524,140.00,28.15,35.0000,24.3141,10.6859,600.0000,28.12,119.76,3.0300,3.11,265.42,1.545358e-03
7637,33.4753,140.00,28.37,35.0000,24.3141,10.6859,600.0000,28.33,119.76,3.0300,3.33,265.41,1.545508e-03
7638,34.1560,140.00,28.37,35.0000,24.3141,10.6859,600.0000,28.40,119.76,3.0300,0.00,265.40,1.545658e-03
7639,34.1204,140.00,28.33,35.0000,24.3141,10.6859,600.0000,28.33,119.76,3.0300,2.36,265.39,1.545808e-03
7640,33.4980,140.00,28.27,35.0000,24.3141,10.6859,600.0000,28.13,119.76,3.0300,4.03,265.38,1.545958e-03
7641,34.3365,140.00,27.79,35.0000,24.3141,10.6859,600.0000,27.82,119.76,3.0300,0.00,265.37,1.546108e-03
7642,33.5455,140.00,27.50,35.0000,24.3141,10.6859,600.0000,27.41,119.76,3.0300,3.78,265.36,1.546258e-03
7643,33.5584,140.00,26.86,35.0000,24.3141,10.6859,600.0000,26.93,119.76,3.0300,0.00,265.35,1.546408e-03
7644,33.6502,140.00,26.47,35.0000,24.3141,10.6859,600.0000,26.41,119.76,3.0300,3.41,265.34,1.546558e-03
7645,33.7733,140.00,25.98,35.0000,24.3141,10.6859,600.0000,25.90,119.76,3.0300,3.68,265.33,1.546709e-03
7646,33.3947,140.00,25.44,35.0000,24.3141,10.6859,600.0000,25.42,119.76,3.0300,2.93,265.32,1.546859e-03
7647,33.8379,140.00,25.00,35.0000,24.3141,10.6859,600.0000,25.00,119.76,3.0300,0.00,265.31,1.547009e-03
7648,33.8645,140.00,24.79,35.0000,24.3141,10.6859,600.0000,24.69,119.76,3.0300,3.81,265.30,1.547159e-03
7649,34.1853,140.00,24.47,35.0000,24.3141,10.6859,600.0000,24.49,119.76,3.0300,0.00,265.28,1.547309e-03
7650,33.5864,140.00,24.41,35.0000,24.3141,10.6859,600.0000,24.43,119.76,3.0300,0.00,265.27,1.547459e-03
7651,33.8835,140.00,24.50,35.0000,24.3141,10.6859,600.0000,24.50,119.76,3.0300,2.36,265.26,1.547609e-03
7652,34.2158,140.00,24.64,35.0000,24.3141,10.6859,600.0000,24.70,119.76,3.0300,0.00,265.25,1.547759e-03
7653,33.8351,140.00,25.00,35.0000,24.3141,10.6859,600.0000,25.02,119.76,3.0300,0.00,265.24,1.547909e-03
7654,33.4785,140.00,25.47,35.0000,24.3141,10.6859,600.0000,25.44,119.76,3.0300,3.16,265.23,1.548059e-03
7655,33.3530,140.00,26.05,35.0000,24.3141,10.6859,600.0000,25.92,119.76,3.0300,3.99,265.22,1.548209e-03
7656,33.6656,140.00,26.33,35.0000,24.3141,10.6859,600.0000,26.44,119.76,3.0300,0.00,265.21,1.548359e-03
7657,33.5133,140.00,26.99,35.0000,24.3141,10.6859,600.0000,26.96,119.76,3.0300,3.11,265.20,1.548509e-03
7658,33.9909,140.00,27.41,35.0000,24.3141,10.6859,600.0000,27.45,119.76,3.0300,0.00,265.19,1.548659e-03
7659,33.5117,140.00,27.81,35.0000,24.3141,10.6859,600.0000,27.86,119.76,3.0300,0.00,265.18,1.548809e-03
7660,33.4175,140.00,28.34,35.0000,24.3141,10.6859,600.0000,28.18,119.76,3.0300,4.11,265.17,1.548959e-03
7661,33.1932,140.00,28.43,35.0000,24.3141,10.6859,600.0000,28.39,119.76,3.0300,3.31,265.16,1.549109e-03
7662,33.2369,140.00,28.30,35.0000,24.3141,10.6859,600.0000,28.46,119.76,3.0300,0.00,265.15,1.549259e-03
7663,33.9900,140.00,28.43,35.0000,24.3141,10.6859,600.0000,28.39,119.76,3.0300,3.25,265.14,1.549409e-03
7664,33.6340,140.00,28.27,35.0000,24.3141,10.6859,600.0000,28.19,119.76,3.0300,3.60,265.13,1.549559e-03
7665,33.2303,140.00,27.75,35.0000,24.3141,10.6859,600.0000,27.88,119.76,3.0300,0.00,265.12,1.549710e-03
7666,33.6194,140.00,27.33,35.0000,24.3141,10.6859,600.0000,27.47,119.76,3.0300,0.00,265.11,1.549860e-03
7667,33.6736,140.00,26.86,35.0000,24.3141,10.6859,600.0000,26.99,119.76,3.0300,0.00,265.10,1.550010e-03
7668,34.0430,140.00,26.53,35.0000,24.3141,10.6859,600.0000,26.47,119.76,3.0300,3.49,265.08,1.550160e-03
7669,33.1488,140.00,26.06,35.0000,24.3141,10.6859,600.0000,25.96,119.76,3.0300,3.82,265.07,1.550310e-03
7670,33.4278,140.00,25.61,35.0000,24.3141,10.6859,600.0000,25.48,119.76,3.0300,3.97,265.06,1.550460e-03
7671,33.2069,140.00,25.08,35.0000,24.3141,10.6859,600.0000,25.07,119.76,3.0300,2.87,265.05,1.550610e-03
7672,33.5924,140.00,24.74,35.0000,24.3141,10.6859,600.0000,24.75,119.76,3.0300,0.00,265.04,1.550760e-03
7673,33.9251,140.00,24.53,35.0000,24.3141,10.6859,600.0000,24.55,119.76,3.0300,0.00,265.03,1.550910e-03
7674,33.7731,140.00,24.48,35.0000,24.3141,10.6859,600.0000,24.49,119.76,3.0300,0.00,265.02,1.551060e-03
7675,33.8216,140.00,24.52,35.0000,24.3141,10.6859,600.0000,24.56,119.76,3.0300,0.00,265.01,1.551210e-03
7676,33.8227,140.00,24.72,35.0000,24.3141,10.6859,600.0000,24.76,119.76,3.0300,0.00,265.00,1.551360e-03
7677,33.2126,140.00,25.12,35.0000,24.3141,10.6859,600.0000,25.08,119.76,3.0300,3.19,264.99,1.551510e-03
7678,33.8500,140.00,25.49,35.0000,24.3141,10.6859,600.0000,25.50,119.76,3.0300,0.00,264.98,1.551660e-03
7679,33.2729,140.00,26.15,35.0000,24.3141,10.6859,600.0000,25.98,119.76,3.0300,4.21,264.97,1.551810e-03
7680,33.4754,140.00,26.44,35.0000,24.3141,10.6859,600.0000,26.50,119.76,3.0300,0.00,264.96,1.551960e-03
7681,33.5157,140.00,27.06,35.0000,24.3141,10.6859,600.0000,27.02,119.76,3.0300,3.15,264.95,1.552110e-03
7682,33.3730,140.00,27.58,35.0000,24.3141,10.6859,600.0000,27.51,119.76,3.0300,3.53,264.94,1.552260e-03
7683,33.6750,140.00,27.93,35.0000,24.3141,10.6859,600.0000,27.92,119.76,3.0300,2.60,264.93,1.552410e-03
7684,33.3301,140.00,28.41,35.0000,24.3141,10.6859,600.0000,28.25,119.76,3.0300,4.19,264.92,1.552560e-03
7685,33.4113,140.00,28.55,35.0000,24.3141,10.6859,600.0000,28.45,119.76,3.0300,3.84,264.91,1.552710e-03
7686,33.0271,140.00,28.38,35.0000,24.3141,10.6859,600.0000,28.52,119.76,3.0300,0.00,264.89,1.552861e-03
7687,33.8071,140.00,28.43,35.0000,24.3141,10.6859,600.0000,28.45,119.76,3.0300,0.00,264.88,1.553011e-03
7688,33.2057,140.00,28.02,35.0000,24.3141,10.6859,600.0000,28.26,119.76,3.0300,0.00,264.87,1.553161e-03
7689,33.8097,140.00,27.97,35.0000,24.3141,10.6859,600.0000,27.94,119.76,3.0300,3.16,264.86,1.553311e-03
7690,33.5399,140.00,27.60,35.0000,24.3141,10.6859,600.0000,27.53,119.76,3.0300,3.55,264.85,1.553461e-03
7691,33.8729,140.00,27.00,35.0000,24.3141,10.6859,600.0000,27.05,119.76,3.0300,0.00,264.84,1.553611e-03
7692,33.6770,140.00,26.45,35.0000,24.3141,10.6859,600.0000,26.53,119.76,3.0300,0.00,264.83,1.553761e-03
7693,33.1945,140.00,25.92,35.0000,24.3141,10.6859,600.0000,26.02,119.76,3.0300,0.00,264.82,1.553911e-03
7694,33.8603,140.00,25.57,35.0000,24.3141,10.6859,600.0000,25.54,119.76,3.0300,3.04,264.81,1.554061e-03
7695,33.8466,140.00,25.14,35.0000,24.3141,10.6859,600.0000,25.13,119.76,3.0300,2.69,264.80,1.554211e-03
7696,33.0110,140.00,24.92,35.0000,24.3141,10.6859,600.0000,24.81,119.76,3.0300,3.85,264.79,1.554361e-03
7697,33.6289,140.00,24.51,35.0000,24.3141,10.6859,600.0000,24.61,119.76,3.0300,0.00,264.78,1.554511e-03
7698,33.6671,140.00,24.58,35.0000,24.3141,10.6859,600.0000,24.55,119.76,3.0300,3.14,264.77,1.554661e-03
7699,33.1370,140.00,24.78,35.0000,24.3141,10.6859,600.0000,24.62,119.76,3.0300,4.16,264.76,1.554811e-03
7700,32.8938,140.00,24.52,35.0000,24.3141,10.6859,600.0000,24.82,119.76,3.0300,0.00,264.75,1.554961e-03
7701,33.8098,140.00,25.21,35.0000,24.3141,10.6859,600.0000,25.14,119.76,3.0300,3.56,264.74,1.555111e-03
7702,33.4871,140.00,25.61,35.0000,24.3141,10.6859,600.0000,25.56,119.76,3.0300,3.40,264.73,1.555261e-03
7703,33.2166,140.00,26.02,35.0000,24.3141,10.6859,600.0000,26.04,119.76,3.0300,0.00,264.72,1.555411e-03
7704,33.3718,140.00,26.71,35.0000,24.3141,10.6859,600.0000,26.56,119.76,3.0300,4.06,264.71,1.555561e-03
7705,32.8391,140.00,27.37,35.0000,24.3141,10.6859,600.0000,27.08,119.76,3.0300,4.67,264.69,1.555711e-03
7706,32.9117,140.00,27.56,35.0000,24.3141,10.6859,600.0000,27.57,119.76,3.0300,0.00,264.68,1.555861e-03
7707,32.8521,140.00,28.23,35.0000,24.3141,10.6859,600.0000,27.99,119.76,3.0300,4.53,264.67,1.556011e-03
7708,32.9714,140.00,28.43,35.0000,24.3141,10.6859,600.0000,28.31,119.76,3.0300,3.94,264.66,1.556162e-03
7709,33.5407,140.00,28.49,35.0000,24.3141,10.6859,600.0000,28.51,119.76,3.0300,0.00,264.65,1.556312e-03
7710,33.3007,140.00,28.62,35.0000,24.3141,10.6859,600.0000,28.58,119.76,3.0300,3.26,264.64,1.556462e-03
7711,33.5750,140.00,28.61,35.0000,24.3141,10.6859,600.0000,28.51,119.76,3.0300,3.75,264.63,1.556612e-03
7712,33.0830,140.00,28.38,35.0000,24.3141,10.6859,600.0000,28.32,119.76,3.0300,3.52,264.62,1.556762e-03
7713,33.6360,140.00,27.88,35.0000,24.3141,10.6859,600.0000,28.00,119.76,3.0300,0.00,264.61,1.556912e-03
7714,33.6220,140.00,27.68,35.0000,24.3141,10.6859,600.0000,27.59,119.76,3.0300,3.72,264.60,1.557062e-03
7715,33.7903,140.00,27.15,35.0000,24.3141,10.6859,600.0000,27.11,119.76,3.0300,3.28,264.59,1.557212e-03
7716,33.3487,140.00,26.66,35.0000,24.3141,10.6859,600.0000,26.60,119.76,3.0300,3.50,264.58,1.557362e-03
7717,33.3490,140.00,26.19,35.0000,24.3141,10.6859,600.0000,26.08,119.76,3.0300,3.83,264.57,1.557512e-03
7718,33.3401,140.00,25.42,35.0000,24.3141,10.6859,600.0000,25.60,119.76,3.0300,0.00,264.56,1.557662e-03
7719,32.8668,140.00,25.22,35.0000,24.3141,10.6859,600.0000,25.19,119.76,3.0300,3.06,264.55,1.557812e-03
7720,33.2227,140.00,24.96,35.0000,24.3141,10.6859,600.0000,24.87,119.76,3.0300,3.68,264.54,1.557962e-03
7721,33.2201,140.00,24.77,35.0000,24.3141,10.6859,600.0000,24.68,119.76,3.0300,3.72,264.53,1.558112e-03
7722,32.7818,140.00,24.38,35.0000,24.3141,10.6859,600.0000,24.61,119.76,3.0300,0.00,264.52,1.558262e-03
7723,33.2361,140.00,24.83,35.0000,24.3141,10.6859,600.0000,24.68,119.76,3.0300,4.07,264.51,1.558412e-03
7724,33.1277,140.00,24.64,35.0000,24.3141,10.6859,600.0000,24.89,119.76,3.0300,0.00,264.50,1.558562e-03
7725,33.5448,140.00,25.23,35.0000,24.3141,10.6859,600.0000,25.21,119.76,3.0300,3.02,264.48,1.558712e-03
7726,33.1075,140.00,25.61,35.0000,24.3141,10.6859,600.0000,25.62,119.76,3.0300,0.00,264.47,1.558862e-03
7727,33.3496,140.00,26.21,35.0000,24.3141,10.6859,600.0000,26.11,119.76,3.0300,3.83,264.46,1.559012e-03
7728,33.5998,140.00,26.73,35.0000,24.3141,10.6859,600.0000,26.63,119.76,3.0300,3.79,264.45,1.559162e-03
7729,33.5709,140.00,27.11,35.0000,24.3141,10.6859,600.0000,27.15,119.76,3.0300,0.00,264.44,1.559312e-03
7730,33.5061,140.00,27.58,35.0000,24.3141,10.6859,600.0000,27.63,119.76,3.0300,0.00,264.43,1.559463e-03
7731,33.1246,140.00,28.28,35.0000,24.3141,10.6859,600.0000,28.05,119.76,3.0300,4.45,264.42,1.559613e-03
7732,32.8550,140.00,28.59,35.0000,24.3141,10.6859,600.0000,28.37,119.76,3.0300,4.43,264.41,1.559763e-03
7733,32.9382,140.00,28.56,35.0000,24.3141,10.6859,600.0000,28.57,119.76,3.0300,0.00,264.40,1.559913e-03
7734,32.7686,140.00,28.56,35.0000,24.3141,10.6859,600.0000,28.64,119.76,3.0300,0.00,264.39,1.560063e-03
7735,33.2752,140.00,28.54,35.0000,24.3141,10.6859,600.0000,28.58,119.76,3.0300,0.00,264.38,1.560213e-03
7736,33.2600,140.00,28.31,35.0000,24.3141,10.6859,600.0000,28.38,119.76,3.0300,0.00,264.37,1.560363e-03
7737,33.3497,140.00,28.01,35.0000,24.3141,10.6859,600.0000,28.07,119.76,3.0300,0.00,264.36,1.560513e-03
7738,33.5283,140.00,27.67,35.0000,24.3141,10.6859,600.0000,27.65,119.76,3.0300,2.93,264.35,1.560663e-03
7739,33.7344,140.00,27.23,35.0000,24.3141,10.6859,600.0000,27.17,119.76,3.0300,3.41,264.34,1.560813e-03
7740,33.4852,140.00,26.62,35.0000,24.3141,10.6859,600.0000,26.66,119.76,3.0300,0.00,264.33,1.560963e-03
7741,33.0015,140.00,26.12,35.0000,24.3141,10.6859,600.0000,26.14,119.76,3.0300,0.00,264.32,1.561113e-03
7742,32.8932,140.00,25.75,35.0000,24.3141,10.6859,600.0000,25.67,119.76,3.0300,3.67,264.31,1.561263e-03
7743,33.1440,140.00,25.39,35.0000,24.3141,10.6859,600.0000,25.25,119.76,3.0300,4.04,264.30,1.561413e-03
7744,32.8598,140.00,24.96,35.0000,24.3141,10.6859,600.0000,24.94,119.76,3.0300,2.94,264.29,1.561563e-03
7745,32.9255,140.00,24.56,35.0000,24.3141,10.6859,600.0000,24.74,119.76,3.0300,0.00,264.28,1.561713e-03
7746,33.3100,140.00,24.75,35.0000,24.3141,10.6859,600.0000,24.68,119.76,3.0300,3.62,264.26,1.561863e-03
7747,33.2040,140.00,24.78,35.0000,24.3141,10.6859,600.0000,24.75,119.76,3.0300,3.10,264.25,1.562013e-03
7748,32.9113,140.00,24.70,35.0000,24.3141,10.6859,600.0000,24.95,119.76,3.0300,0.00,264.24,1.562163e-03
7749,33.2872,140.00,25.23,35.0000,24.3141,10.6859,600.0000,25.27,119.76,3.0300,0.00,264.23,1.562313e-03
7750,32.7996,140.00,25.45,35.0000,24.3141,10.6859,600.0000,25.69,119.76,3.0300,0.00,264.22,1.562463e-03
7751,33.3882,140.00,26.11,35.0000,24.3141,10.6859,600.0000,26.17,119.76,3.0300,0.00,264.21,1.562613e-03
7752,33.6554,140.00,26.74,35.0000,24.3141,10.6859,600.0000,26.69,119.76,3.0300,3.35,264.20,1.562764e-03
7753,33.0900,140.00,27.02,35.0000,24.3141,10.6859,600.0000,27.21,119.76,3.0300,0.00,264.19,1.562914e-03
7754,33.3285,140.00,27.91,35.0000,24.3141,10.6859,600.0000,27.70,119.76,3.0300,4.39,264.18,1.563064e-03
7755,33.4776,140.00,28.19,35.0000,24.3141,10.6859,600.0000,28.11,119.76,3.0300,3.59,264.17,1.563214e-03
7756,33.4993,140.00,28.29,35.0000,24.3141,10.6859,600.0000,28.43,119.76,3.0300,0.00,264.16,1.563364e-03
7757,33.1047,140.00,28.74,35.0000,24.3141,10.6859,600.0000,28.64,119.76,3.0300,3.84,264.15,1.563514e-03
7758,33.5620,140.00,28.74,35.0000,24.3141,10.6859,600.0000,28.71,119.76,3.0300,3.17,264.14,1.563664e-03
7759,33.2856,140.00,28.63,35.0000,24.3141,10.6859,600.0000,28.64,119.76,3.0300,0.00,264.13,1.563814e-03
7760,33.5330,140.00,28.41,35.0000,24.3141,10.6859,600.0000,28.45,119.76,3.0300,0.00,264.12,1.563964e-03
7761,33.2254,140.00,27.97,35.0000,24.3141,10.6859,600.0000,28.13,119.76,3.0300,0.00,264.11,1.564114e-03
7762,33.6207,140.00,27.79,35.0000,24.3141,10.6859,600.0000,27.72,119.76,3.0300,3.60,264.10,1.564264e-03
7763,33.0648,140.00,27.34,35.0000,24.3141,10.6859,600.0000,27.24,119.76,3.0300,3.80,264.09,1.564414e-03
7764,33.5703,140.00,26.72,35.0000,24.3141,10.6859,600.0000,26.72,119.76,3.0300,0.00,264.08,1.564564e-03
7765,32.8723,140.00,26.18,35.0000,24.3141,10.6859,600.0000,26.21,119.76,3.0300,0.00,264.07,1.564714e-03
7766,33.3398,140.00,25.83,35.0000,24.3141,10.6859,600.0000,25.73,119.76,3.0300,3.80,264.06,1.564864e-03
7767,33.4886,140.00,25.40,35.0000,24.3141,10.6859,600.0000,25.32,119.76,3.0300,3.62,264.04,1.565014e-03
7768,32.8714,140.00,25.06,35.0000,24.3141,10.6859,600.0000,25.00,119.76,3.0300,3.43,264.03,1.565164e-03
7769,33.4569,140.00,24.81,35.0000,24.3141,10.6859,600.0000,24.81,119.76,3.0300,2.50,264.02,1.565314e-03
7770,33.3891,140.00,24.79,35.0000,24.3141,10.6859,600.0000,24.74,119.76,3.0300,3.36,264.01,1.565464e-03
7771,32.8755,140.00,24.90,35.0000,24.3141,10.6859,600.0000,24.81,119.76,3.0300,3.68,264.00,1.565614e-03
7772,33.5739,140.00,25.15,35.0000,24.3141,10.6859,600.0000,25.01,119.76,3.0300,4.03,263.99,1.565764e-03
7773,33.7070,140.00,25.24,35.0000,24.3141,10.6859,600.0000,25.33,119.76,3.0300,0.00,263.98,1.565914e-03
7774,33.7733,140.00,25.85,35.0000,24.3141,10.6859,600.0000,25.75,119.76,3.0300,3.77,263.97,1.566064e-03
7775,33.2412,140.00,26.28,35.0000,24.3141,10.6859,600.0000,26.24,119.76,3.0300,3.32,263.96,1.566215e-03
7776,32.9772,140.00,26.60,35.0000,24.3141,10.6859,600.0000,26.76,119.76,3.0300,0.00,263.95,1.566365e-03
7777,33.7204,140.00,27.28,35.0000,24.3141,10.6859,600.0000,27.28,119.76,3.0300,1.98,263.94,1.566515e-03
7778,33.2285,140.00,27.64,35.0000,24.3141,10.6859,600.0000,27.76,119.76,3.0300,0.00,263.93,1.566665e-03
7779,33.5706,140.00,28.29,35.0000,24.3141,10.6859,600.0000,28.18,119.76,3.0300,3.87,263.92,1.566815e-03
7780,33.2767,140.00,28.47,35.0000,24.3141,10.6859,600.0000,28.50,119.76,3.0300,0.00,263.91,1.566965e-03
7781,33.5472,140.00,28.69,35.0000,24.3141,10.6859,600.0000,28.70,119.76,3.0300,0.00,263.90,1.567115e-03
7782,32.8706,140.00,29.01,35.0000,24.3141,10.6859,600.0000,28.77,119.76,3.0300,4.48,263.89,1.567265e-03
7783,32.9395,140.00,28.69,35.0000,24.3141,10.6859,600.0000,28.71,119.76,3.0300,0.00,263.88,1.567415e-03
7784,33.4864,140.00,28.58,35.0000,24.3141,10.6859,600.0000,28.51,119.76,3.0300,3.52,263.87,1.567565e-03
7785,32.8935,140.00,28.07,35.0000,24.3141,10.6859,600.0000,28.20,119.76,3.0300,0.00,263.86,1.567715e-03
7786,33.6037,140.00,27.80,35.0000,24.3141,10.6859,600.0000,27.78,119.76,3.0300,2.77,263.85,1.567865e-03
7787,33.8612,140.00,27.37,35.0000,24.3141,10.6859,600.0000,27.30,119.76,3.0300,3.54,263.84,1.568015e-03
7788,33.6525,140.00,26.82,35.0000,24.3141,10.6859,600.0000,26.79,119.76,3.0300,3.13,263.83,1.568165e-03
7789,33.7672,140.00,26.31,35.0000,24.3141,10.6859,600.0000,26.27,119.76,3.0300,3.18,263.81,1.568315e-03
7790,32.9550,140.00,26.08,35.0000,24.3141,10.6859,600.0000,25.80,119.76,3.0300,4.67,263.80,1.568465e-03
7791,33.5062,140.00,25.51,35.0000,24.3141,10.6859,600.0000,25.38,119.76,3.0300,3.99,263.79,1.568615e-03
7792,33.5140,140.00,25.00,35.0000,24.3141,10.6859,600.0000,25.07,119.76,3.0300,0.00,263.78,1.568765e-03
7793,33.8407,140.00,24.88,35.0000,24.3141,10.6859,600.0000,24.87,119.76,3.0300,2.64,263.77,1.568915e-03
7794,33.2220,140.00,24.89,35.0000,24.3141,10.6859,600.0000,24.81,119.76,3.0300,3.70,263.76,1.569065e-03
7795,33.8163,140.00,24.99,35.0000,24.3141,10.6859,600.0000,24.88,119.76,3.0300,3.87,263.75,1.569215e-03
7796,33.1130,140.00,25.13,35.0000,24.3141,10.6859,600.0000,25.08,119.76,3.0300,3.33,263.74,1.569365e-03
7797,33.8407,140.00,25.37,35.0000,24.3141,10.6859,600.0000,25.40,119.76,3.0300,0.00,263.73,1.569515e-03
7798,33.3083,140.00,25.81,35.0000,24.3141,10.6859,600.0000,25.82,119.76,3.0300,0.00,263.72,1.569665e-03
7799,33.9062,140.00,26.42,35.0000,24.3141,10.6859,600.0000,26.30,119.76,3.0300,3.92,263.71,1.569816e-03
7800,33.6280,140.00,26.77,35.0000,24.3141,10.6859,600.0000,26.82,119.76,3.0300,0.00,263.70,1.569966e-03
7801,33.1833,140.00,27.45,35.0000,24.3141,10.6859,600.0000,27.34,119.76,3.0300,3.83,263.69,1.570116e-03
7802,33.4533,140.00,27.85,35.0000,24.3141,10.6859,600.0000,27.83,119.76,3.0300,2.93,263.68,1.570266e-03
7803,33.0291,140.00,28.14,35.0000,24.3141,10.6859,600.0000,28.25,119.76,3.0300,0.00,263.67,1.570416e-03
7804,33.1844,140.00,28.57,35.0000,24.3141,10.6859,600.0000,28.57,119.76,3.0300,1.61,263.66,1.570566e-03
7805,33.3104,140.00,28.82,35.0000,24.3141,10.6859,600.0000,28.77,119.76,3.0300,3.42,263.65,1.570716e-03
7806,33.1716,140.00,28.77,35.0000,24.3141,10.6859,600.0000,28.84,119.76,3.0300,0.00,263.64,1.570866e-03
7807,33.4537,140.00,28.71,35.0000,24.3141,10.6859,600.0000,28.77,119.76,3.0300,0.00,263.63,1.571016e-03
7808,33.1098,140.00,28.71,35.0000,24.3141,10.6859,600.0000,28.58,119.76,3.0300,3.98,263.62,1.571166e-03
7809,33.5263,140.00,28.22,35.0000,24.3141,10.6859,600.0000,28.26,119.76,3.0300,0.00,263.61,1.571316e-03
7810,33.1039,140.00,27.65,35.0000,24.3141,10.6859,600.0000,27.85,119.76,3.0300,0.00,263.60,1.571466e-03
7811,33.1495,140.00,27.36,35.0000,24.3141,10.6859,600.0000,27.37,119.76,3.0300,0.00,263.59,1.571616e-03
7812,33.7615,140.00,26.83,35.0000,24.3141,10.6859,600.0000,26.86,119.76,3.0300,0.00,263.57,1.571766e-03
7813,33.8596,140.00,26.30,35.0000,24.3141,10.6859,600.0000,26.34,119.76,3.0300,0.00,263.56,1.571916e-03
7814,33.2657,140.00,26.02,35.0000,24.3141,10.6859,600.0000,25.86,119.76,3.0300,4.14,263.55,1.572066e-03
7815,33.7985,140.00,25.46,35.0000,24.3141,10.6859,600.0000,25.45,119.76,3.0300,2.66,263.54,1.572216e-03
7816,33.1931,140.00,25.10,35.0000,24.3141,10.6859,600.0000,25.14,119.76,3.0300,0.00,263.53,1.572366e-03
7817,33.4740,140.00,24.99,35.0000,24.3141,10.6859,600.0000,24.94,119.76,3.0300,3.42,263.52,1.572516e-03
7818,33.4115,140.00,24.99,35.0000,24.3141,10.6859,600.0000,24.87,119.76,3.0300,3.91,263.51,1.572666e-03
7819,33.6263,140.00,25.03,35.0000,24.3141,10.6859,600.0000,24.94,119.76,3.0300,3.69,263.50,1.572816e-03
7820,33.5441,140.00,25.17,35.0000,24.3141,10.6859,600.0000,25.15,119.76,3.0300,3.06,263.49,1.572966e-03
7821,34.0831,140.00,25.44,35.0000,24.3141,10.6859,600.0000,25.47,119.76,3.0300,0.00,263.48,1.573116e-03
7822,34.0251,140.00,25.93,35.0000,24.3141,10.6859,600.0000,25.88,119.76,3.0300,3.36,263.47,1.573266e-03
7823,33.7345,140.00,26.29,35.0000,24.3141,10.6859,600.0000,26.37,119.76,3.0300,0.00,263.46,1.573416e-03
7824,33.5946,140.00,26.95,35.0000,24.3141,10.6859,600.0000,26.89,119.76,3.0300,3.47,263.45,1.573567e-03
7825,33.3447,140.00,27.39,35.0000,24.3141,10.6859,600.0000,27.41,119.76,3.0300,0.00,263.44,1.573717e-03
7826,33.9720,140.00,27.92,35.0000,24.3141,10.6859,600.0000,27.90,119.76,3.0300,3.07,263.43,1.573867e-03
7827,33.7174,140.00,28.42,35.0000,24.3141,10.6859,600.0000,28.31,119.76,3.0300,3.86,263.42,1.574017e-03
7828,33.3924,140.00,28.66,35.0000,24.3141,10.6859,600.0000,28.63,119.76,3.0300,3.09,263.41,1.574167e-03
7829,33.9553,140.00,28.89,35.0000,24.3141,10.6859,600.0000,28.84,119.76,3.0300,3.41,263.40,1.574317e-03
7830,33.2662,140.00,28.81,35.0000,24.3141,10.6859,600.0000,28.91,119.76,3.0300,0.00,263.39,1.574467e-03
7831,33.9970,140.00,28.86,35.0000,24.3141,10.6859,600.0000,28.84,119.76,3.0300,2.93,263.38,1.574617e-03
7832,33.9530,140.00,28.71,35.0000,24.3141,10.6859,600.0000,28.64,119.76,3.0300,3.52,263.37,1.574767e-03
7833,34.1711,140.00,28.35,35.0000,24.3141,10.6859,600.0000,28.33,119.76,3.0300,3.02,263.36,1.574917e-03
7834,34.0234,140.00,27.95,35.0000,24.3141,10.6859,600.0000,27.92,119.76,3.0300,3.11,263.35,1.575067e-03
7835,34.0768,140.00,27.38,35.0000,24.3141,10.6859,600.0000,27.44,119.76,3.0300,0.00,263.34,1.575217e-03
7836,34.1348,140.00,26.96,35.0000,24.3141,10.6859,600.0000,26.92,119.76,3.0300,3.13,263.32,1.575367e-03
7837,33.3593,140.00,26.52,35.0000,24.3141,10.6859,600.0000,26.41,119.76,3.0300,3.88,263.31,1.575517e-03
7838,33.3716,140.00,26.12,35.0000,24.3141,10.6859,600.0000,25.93,119.76,3.0300,4.31,263.30,1.575667e-03
7839,33.4688,140.00,25.51,35.0000,24.3141,10.6859,600.0000,25.52,119.76,3.0300,0.00,263.29,1.575817e-03
7840,34.2224,140.00,25.26,35.0000,24.3141,10.6859,600.0000,25.20,119.76,3.0300,3.41,263.28,1.575967e-03
7841,33.5630,140.00,25.11,35.0000,24.3141,10.6859,600.0000,25.01,119.76,3.0300,3.80,263.27,1.576117e-03
7842,33.4649,140.00,24.96,35.0000,24.3141,10.6859,600.0000,24.94,119.76,3.0300,3.00,263.26,1.576267e-03
7843,33.6882,140.00,24.88,35.0000,24.3141,10.6859,600.0000,25.01,119.76,3.0300,0.00,263.25,1.576417e-03
7844,33.7584,140.00,25.30,35.0000,24.3141,10.6859,600.0000,25.21,119.76,3.0300,3.70,263.24,1.576567e-03
7845,33.9109,140.00,25.56,35.0000,24.3141,10.6859,600.0000,25.53,119.76,3.0300,2.95,263.23,1.576717e-03
7846,33.5488,140.00,25.94,35.0000,24.3141,10.6859,600.0000,25.95,119.76,3.0300,0.00,263.22,1.576867e-03
7847,34.3661,140.00,26.51,35.0000,24.3141,10.6859,600.0000,26.44,119.76,3.0300,3.55,263.21,1.577017e-03
7848,34.3620,140.00,26.97,35.0000,24.3141,10.6859,600.0000,26.96,119.76,3.0300,2.76,263.20,1.577167e-03
7849,34.1313,140.00,27.45,35.0000,24.3141,10.6859,600.0000,27.48,119.76,3.0300,0.00,263.19,1.577318e-03
7850,34.2642,140.00,27.93,35.0000,24.3141,10.6859,600.0000,27.96,119.76,3.0300,0.00,263.18,1.577468e-03
7851,33.9406,140.00,28.43,35.0000,24.3141,10.6859,600.0000,28.38,119.76,3.0300,3.37,263.17,1.577618e-03
7852,34.3014,140.00,28.72,35.0000,24.3141,10.6859,600.0000,28.70,119.76,3.0300,2.83,263.16,1.577768e-03
7853,33.6359,140.00,28.92,35.0000,24.3141,10.6859,600.0000,28.90,119.76,3.0300,2.81,263.15,1.577918e-03
7854,33.5655,140.00,29.00,35.0000,24.3141,10.6859,600.0000,28.97,119.76,3.0300,2.93,263.14,1.578068e-03
7855,34.3490,140.00,28.94,35.0000,24.3141,10.6859,600.0000,28.91,119.76,3.0300,3.04,263.13,1.578218e-03
7856,34.0442,140.00,28.74,35.0000,24.3141,10.6859,600.0000,28.71,119.76,3.0300,2.99,263.12,1.578368e-03
7857,33.6439,140.00,28.49,35.0000,24.3141,10.6859,600.0000,28.40,119.76,3.0300,3.71,263.11,1.578518e-03
7858,34.2830,140.00,28.01,35.0000,24.3141,10.6859,600.0000,27.99,119.76,3.0300,2.99,263.10,1.578668e-03
7859,33.6375,140.00,27.43,35.0000,24.3141,10.6859,600.0000,27.51,119.76,3.0300,0.00,263.09,1.578818e-03
7860,34.3796,140.00,26.95,35.0000,24.3141,10.6859,600.0000,26.99,119.76,3.0300,0.00,263.08,1.578968e-03
7861,34.0799,140.00,26.51,35.0000,24.3141,10.6859,600.0000,26.48,119.76,3.0300,3.14,263.07,1.579118e-03
7862,34.2707,140.00,26.03,35.0000,24.3141,10.6859,600.0000,26.00,119.76,3.0300,3.07,263.05,1.579268e-03
7863,34.3843,140.00,25.56,35.0000,24.3141,10.6859,600.0000,25.59,119.76,3.0300,0.00,263.04,1.579418e-03
7864,33.6797,140.00,25.30,35.0000,24.3141,10.6859,600.0000,25.27,119.76,3.0300,3.00,263.03,1.579568e-03
7865,34.0524,140.00,25.12,35.0000,24.3141,10.6859,600.0000,25.07,119.76,3.0300,3.36,263.02,1.579718e-03
7866,34.4133,140.00,25.01,35.0000,24.3141,10.6859,600.0000,25.01,119.76,3.0300,2.48,263.01,1.579868e-03
7867,33.8370,140.00,25.06,35.0000,24.3141,10.6859,600.0000,25.08,119.76,3.0300,0.00,263.00,1.580018e-03
7868,34.4227,140.00,25.30,35.0000,24.3141,10.6859,600.0000,25.28,119.76,3.0300,2.85,262.99,1.580168e-03
7869,33.9613,140.00,25.62,35.0000,24.3141,10.6859,600.0000,25.60,119.76,3.0300,2.88,262.98,1.580318e-03
7870,33.9134,140.00,26.01,35.0000,24.3141,10.6859,600.0000,26.02,119.76,3.0300,0.00,262.97,1.580468e-03
7871,34.4793,140.00,26.51,35.0000,24.3141,10.6859,600.0000,26.51,119.76,3.0300,2.41,262.96,1.580618e-03
7872,34.7410,140.00,27.03,35.0000,24.3141,10.6859,600.0000,27.03,119.76,3.0300,1.93,262.95,1.580768e-03
7873,34.2204,140.00,27.53,35.0000,24.3141,10.6859,600.0000,27.55,119.76,3.0300,0.00,262.94,1.580918e-03
7874,34.7304,140.00,28.07,35.0000,24.3141,10.6859,600.0000,28.03,119.76,3.0300,3.24,262.93,1.581068e-03
7875,33.9534,140.00,28.53,35.0000,24.3141,10.6859,600.0000,28.45,119.76,3.0300,3.68,262.92,1.581219e-03
7876,34.6998,140.00,28.81,35.0000,24.3141,10.6859,600.0000,28.77,119.76,3.0300,3.27,262.91,1.581369e-03
7877,34.0709,140.00,28.91,35.0000,24.3141,10.6859,600.0000,28.97,119.76,3.0300,0.00,262.90,1.581519e-03
7878,33.8927,140.00,29.05,35.0000,24.3141,10.6859,600.0000,29.04,119.76,3.0300,2.70,262.89,1.581669e-03
7879,34.4428,140.00,28.96,35.0000,24.3141,10.6859,600.0000,28.98,119.76,3.0300,0.00,262.88,1.581819e-03
7880,34.6277,140.00,28.77,35.0000,24.3141,10.6859,600.0000,28.78,119.76,3.0300,0.00,262.87,1.581969e-03
7881,34.4693,140.00,28.47,35.0000,24.3141,10.6859,600.0000,28.47,119.76,3.0300,2.48,262.86,1.582119e-03
7882,34.7178,140.00,28.05,35.0000,24.3141,10.6859,600.0000,28.06,119.76,3.0300,0.00,262.85,1.582269e-03
7883,33.9474,140.00,27.55,35.0000,24.3141,10.6859,600.0000,27.58,119.76,3.0300,0.00,262.84,1.582419e-03
7884,34.5734,140.00,27.04,35.0000,24.3141,10.6859,600.0000,27.06,119.76,3.0300,0.00,262.83,1.582569e-03
7885,34.0609,140.00,26.51,35.0000,24.3141,10.6859,600.0000,26.55,119.76,3.0300,0.00,262.82,1.582719e-03
7886,34.1644,140.00,26.13,35.0000,24.3141,10.6859,600.0000,26.07,119.76,3.0300,3.47,262.81,1.582869e-03
7887,34.7362,140.00,25.67,35.0000,24.3141,10.6859,600.0000,25.66,119.76,3.0300,2.82,262.80,1.583019e-03
7888,34.8945,140.00,25.31,35.0000,24.3141,10.6859,600.0000,25.34,119.76,3.0300,0.00,262.79,1.583169e-03
7889,34.8742,140.00,25.13,35.0000,24.3141,10.6859,600.0000,25.14,119.76,3.0300,0.00,262.77,1.583319e-03
7890,34.0491,140.00,25.12,35.0000,24.3141,10.6859,600.0000,25.08,119.76,3.0300,3.22,262.76,1.583469e-03
7891,35.0368,140.00,25.15,35.0000,24.3141,10.6859,600.0000,25.15,119.76,3.0300,1.99,262.75,1.583619e-03
7892,34.1883,140.00,25.41,35.0000,24.3141,10.6859,600.0000,25.35,119.76,3.0300,3.46,262.74,1.583769e-03
7893,34.6183,140.00,25.72,35.0000,24.3141,10.6859,600.0000,25.67,119.76,3.0300,3.36,262.73,1.583919e-03
7894,34.6133,140.00,26.09,35.0000,24.3141,10.6859,600.0000,26.09,119.76,3.0300,2.05,262.72,1.584069e-03
7895,34.4992,140.00,26.64,35.0000,24.3141,10.6859,600.0000,26.58,119.76,3.0300,3.49,262.71,1.584219e-03
7896,35.0069,140.00,27.09,35.0000,24.3141,10.6859,600.0000,27.10,119.76,3.0300,0.00,262.70,1.584369e-03
7897,34.2374,140.00,27.65,35.0000,24.3141,10.6859,600.0000,27.62,119.76,3.0300,3.19,262.69,1.584519e-03
7898,34.5632,140.00,28.14,35.0000,24.3141,10.6859,600.0000,28.10,119.76,3.0300,3.21,262.68,1.584669e-03
7899,34.6112,140.00,28.57,35.0000,24.3141,10.6859,600.0000,28.52,119.76,3.0300,3.42,262.67,1.584819e-03
7900,34.7819,140.00,28.88,35.0000,24.3141,10.6859,600.0000,28.84,119.76,3.0300,3.30,262.66,1.584969e-03
7901,34.4063,140.00,29.12,35.0000,24.3141,10.6859,600.0000,29.04,119.76,3.0300,3.62,262.65,1.585119e-03
7902,35.2016,140.00,29.12,35.0000,24.3141,10.6859,600.0000,29.11,119.76,3.0300,2.64,262.64,1.585270e-03
7903,34.6348,140.00,29.04,35.0000,24.3141,10.6859,600.0000,29.05,119.76,3.0300,0.00,262.63,1.585420e-03
7904,34.8329,140.00,28.82,35.0000,24.3141,10.6859,600.0000,28.85,119.76,3.0300,0.00,262.62,1.585570e-03
7905,34.4335,140.00,28.53,35.0000,24.3141,10.6859,600.0000,28.54,119.76,3.0300,0.00,262.61,1.585720e-03
7906,34.9657,140.00,28.09,35.0000,24.3141,10.6859,600.0000,28.13,119.76,3.0300,0.00,262.60,1.585870e-03
7907,34.8969,140.00,27.64,35.0000,24.3141,10.6859,600.0000,27.65,119.76,3.0300,0.00,262.59,1.586020e-03
7908,34.6789,140.00,27.09,35.0000,24.3141,10.6859,600.0000,27.13,119.76,3.0300,0.00,262.58,1.586170e-03
7909,35.2965,140.00,26.63,35.0000,24.3141,10.6859,600.0000,26.62,119.76,3.0300,2.88,262.57,1.586320e-03
7910,34.4245,140.00,26.09,35.0000,24.3141,10.6859,600.0000,26.14,119.76,3.0300,0.00,262.56,1.586470e-03
7911,35.1094,140.00,25.74,35.0000,24.3141,10.6859,600.0000,25.73,119.76,3.0300,2.85,262.55,1.586620e-03
7912,35.2079,140.00,25.39,35.0000,24.3141,10.6859,600.0000,25.41,119.76,3.0300,0.00,262.54,1.586770e-03
7913,34.5329,140.00,25.20,35.0000,24.3141,10.6859,600.0000,25.21,119.76,3.0300,0.00,262.53,1.586920e-03
7914,35.2397,140.00,25.15,35.0000,24.3141,10.6859,600.0000,25.15,119.76,3.0300,1.90,262.52,1.587070e-03
7915,35.2705,140.00,25.22,35.0000,24.3141,10.6859,600.0000,25.22,119.76,3.0300,0.00,262.51,1.587220e-03
7916,34.6498,140.00,25.42,35.0000,24.3141,10.6859,600.0000,25.42,119.76,3.0300,0.00,262.50,1.587370e-03
7917,34.8284,140.00,25.75,35.0000,24.3141,10.6859,600.0000,25.74,119.76,3.0300,2.43,262.48,1.587520e-03
7918,34.8134,140.00,26.16,35.0000,24.3141,10.6859,600.0000,26.16,119.76,3.0300,0.00,262.47,1.587670e-03
7919,34.8340,140.00,26.60,35.0000,24.3141,10.6859,600.0000,26.65,119.76,3.0300,0.00,262.46,1.587820e-03
7920,34.5810,140.00,27.16,35.0000,24.3141,10.6859,600.0000,27.17,119.76,3.0300,0.00,262.45,1.587970e-03
7921,35.0485,140.00,27.70,35.0000,24.3141,10.6859,600.0000,27.69,119.76,3.0300,2.77,262.44,1.588120e-03
7922,35.4746,140.00,28.16,35.0000,24.3141,10.6859,600.0000,28.17,119.76,3.0300,0.00,262.43,1.588270e-03
7923,34.6233,140.00,28.59,35.0000,24.3141,10.6859,600.0000,28.59,119.76,3.0300,0.00,262.42,1.588420e-03
7924,35.3019,140.00,28.94,35.0000,24.3141,10.6859,600.0000,28.91,119.76,3.0300,3.02,262.41,1.588570e-03
7925,34.6076,140.00,29.10,35.0000,24.3141,10.6859,600.0000,29.11,119.76,3.0300,0.00,262.40,1.588720e-03
7926,35.4026,140.00,29.20,35.0000,24.3141,10.6859,600.0000,29.18,119.76,3.0300,2.92,262.39,1.588870e-03
7927,34.9074,140.00,29.15,35.0000,24.3141,10.6859,600.0000,29.12,119.76,3.0300,3.13,262.38,1.589020e-03
7928,34.8677,140.00,28.92,35.0000,24.3141,10.6859,600.0000,28.92,119.76,3.0300,0.00,262.37,1.589170e-03
7929,35.5052,140.00,28.61,35.0000,24.3141,10.6859,600.0000,28.61,119.76,3.0300,0.00,262.36,1.589320e-03
7930,35.4838,140.00,28.21,35.0000,24.3141,10.6859,600.0000,28.20,119.76,3.0300,2.76,262.35,1.589471e-03
7931,35.4833,140.00,27.73,35.0000,24.3141,10.6859,600.0000,27.72,119.76,3.0300,2.77,262.34,1.589621e-03
7932,35.4382,140.00,27.21,35.0000,24.3141,10.6859,600.0000,27.20,119.76,3.0300,2.30,262.33,1.589771e-03
7933,34.7188,140.00,26.73,35.0000,24.3141,10.6859,600.0000,26.69,119.76,3.0300,3.22,262.32,1.589921e-03
7934,35.5066,140.00,26.22,35.0000,24.3141,10.6859,600.0000,26.21,119.76,3.0300,2.66,262.31,1.590071e-03
7935,35.0985,140.00,25.83,35.0000,24.3141,10.6859,600.0000,25.80,119.76,3.0300,3.15,262.30,1.590221e-03
7936,35.6738,140.00,25.48,35.0000,24.3141,10.6859,600.0000,25.48,119.76,3.0300,2.14,262.29,1.590371e-03
7937,35.4080,140.00,25.30,35.0000,24.3141,10.6859,600.0000,25.29,119.76,3.0300,2.89,262.28,1.590521e-03
7938,34.7983,140.00,25.24,35.0000,24.3141,10.6859,600.0000,25.22,119.76,3.0300,2.93,262.27,1.590671e-03
7939,35.5383,140.00,25.28,35.0000,24.3141,10.6859,600.0000,25.29,119.76,3.0300,0.00,262.26,1.590821e-03
7940,35.6025,140.00,25.48,35.0000,24.3141,10.6859,600.0000,25.49,119.76,3.0300,0.00,262.25,1.590971e-03
7941,34.9264,140.00,25.79,35.0000,24.3141,10.6859,600.0000,25.81,119.76,3.0300,0.00,262.24,1.591121e-03
7942,35.4558,140.00,26.24,35.0000,24.3141,10.6859,600.0000,26.23,119.76,3.0300,2.72,262.23,1.591271e-03
7943,35.1029,140.00,26.69,35.0000,24.3141,10.6859,600.0000,26.72,119.76,3.0300,0.00,262.22,1.591421e-03
7944,35.7257,140.00,27.23,35.0000,24.3141,10.6859,600.0000,27.24,119.76,3.0300,0.00,262.21,1.591571e-03
7945,35.0617,140.00,27.75,35.0000,24.3141,10.6859,600.0000,27.76,119.76,3.0300,0.00,262.20,1.591721e-03
7946,34.9076,140.00,28.29,35.0000,24.3141,10.6859,600.0000,28.24,119.76,3.0300,3.30,262.19,1.591871e-03
7947,34.9606,140.00,28.69,35.0000,24.3141,10.6859,600.0000,28.66,119.76,3.0300,3.16,262.18,1.592021e-03
7948,35.5694,140.00,28.98,35.0000,24.3141,10.6859,600.0000,28.98,119.76,3.0300,0.00,262.16,1.592171e-03
7949,35.2998,140.00,29.18,35.0000,24.3141,10.6859,600.0000,29.18,119.76,3.0300,0.00,262.15,1.592321e-03
7950,35.3975,140.00,29.25,35.0000,24.3141,10.6859,600.0000,29.26,119.76,3.0300,0.00,262.14,1.592471e-03
7951,35.0406,140.00,29.16,35.0000,24.3141,10.6859,600.0000,29.19,119.76,3.0300,0.00,262.13,1.592621e-03
7952,35.6098,140.00,29.00,35.0000,24.3141,10.6859,600.0000,28.99,119.76,3.0300,2.38,262.12,1.592771e-03
7953,35.7069,140.00,28.68,35.0000,24.3141,10.6859,600.0000,28.68,119.76,3.0300,2.31,262.11,1.592921e-03
7954,35.2487,140.00,28.29,35.0000,24.3141,10.6859,600.0000,28.27,119.76,3.0300,3.00,262.10,1.593071e-03
7955,35.0983,140.00,27.77,35.0000,24.3141,10.6859,600.0000,27.79,119.76,3.0300,0.00,262.09,1.593221e-03
7956,35.3717,140.00,27.28,35.0000,24.3141,10.6859,600.0000,27.27,119.76,3.0300,2.68,262.08,1.593371e-03
7957,35.6229,140.00,26.75,35.0000,24.3141,10.6859,600.0000,26.76,119.76,3.0300,0.00,262.07,1.593521e-03
7958,35.6513,140.00,26.29,35.0000,24.3141,10.6859,600.0000,26.28,119.76,3.0300,2.57,262.06,1.593672e-03
7959,35.1958,140.00,25.88,35.0000,24.3141,10.6859,600.0000,25.87,119.76,3.0300,2.66,262.05,1.593822e-03
7960,35.8774,140.00,25.56,35.0000,24.3141,10.6859,600.0000,25.55,119.76,3.0300,2.59,262.04,1.593972e-03
7961,35.3483,140.00,25.36,35.0000,24.3141,10.6859,600.0000,25.36,119.76,3.0300,0.00,262.03,1.594122e-03
7962,35.8455,140.00,25.28,35.0000,24.3141,10.6859,600.0000,25.29,119.76,3.0300,0.00,262.02,1.594272e-03
7963,35.6665,140.00,25.35,35.0000,24.3141,10.6859,600.0000,25.36,119.76,3.0300,0.00,262.01,1.594422e-03
7964,35.4142,140.00,25.58,35.0000,24.3141,10.6859,600.0000,25.57,119.76,3.0300,2.86,262.00,1.594572e-03
7965,35.2377,140.00,25.88,35.0000,24.3141,10.6859,600.0000,25.89,119.76,3.0300,0.00,261.99,1.594722e-03
7966,35.2775,140.00,26.29,35.0000,24.3141,10.6859,600.0000,26.30,119.76,3.0300,0.00,261.98,1.594872e-03
7967,36.1821,140.00,26.80,35.0000,24.3141,10.6859,600.0000,26.79,119.76,3.0300,2.69,261.97,1.595022e-03
7968,35.9038,140.00,27.31,35.0000,24.3141,10.6859,600.0000,27.31,119.76,3.0300,2.39,261.96,1.595172e-03
7969,35.7408,140.00,27.85,35.0000,24.3141,10.6859,600.0000,27.83,119.76,3.0300,2.81,261.95,1.595322e-03
7970,36.0489,140.00,28.32,35.0000,24.3141,10.6859,600.0000,28.32,119.76,3.0300,2.15,261.94,1.595472e-03
7971,35.7123,140.00,28.75,35.0000,24.3141,10.6859,600.0000,28.73,119.76,3.0300,2.79,261.93,1.595622e-03
7972,35.4760,140.00,29.05,35.0000,24.3141,10.6859,600.0000,29.05,119.76,3.0300,0.00,261.92,1.595772e-03
7973,35.9687,140.00,29.25,35.0000,24.3141,10.6859,600.0000,29.26,119.76,3.0300,0.00,261.91,1.595922e-03
7974,36.0584,140.00,29.34,35.0000,24.3141,10.6859,600.0000,29.33,119.76,3.0300,2.65,261.90,1.596072e-03
7975,35.4986,140.00,29.26,35.0000,24.3141,10.6859,600.0000,29.26,119.76,3.0300,0.00,261.89,1.596222e-03
7976,35.3570,140.00,29.05,35.0000,24.3141,10.6859,600.0000,29.07,119.76,3.0300,0.00,261.88,1.596372e-03
7977,35.4052,140.00,28.73,35.0000,24.3141,10.6859,600.0000,28.75,119.76,3.0300,0.00,261.87,1.596522e-03
7978,36.2821,140.00,28.34,35.0000,24.3141,10.6859,600.0000,28.34,119.76,3.0300,2.05,261.86,1.596672e-03
7979,35.5148,140.00,27.88,35.0000,24.3141,10.6859,600.0000,27.86,119.76,3.0300,2.83,261.85,1.596822e-03
7980,35.9096,140.00,27.34,35.0000,24.3141,10.6859,600.0000,27.35,119.76,3.0300,0.00,261.84,1.596972e-03
7981,36.1843,140.00,26.85,35.0000,24.3141,10.6859,600.0000,26.83,119.76,3.0300,2.78,261.83,1.597122e-03
7982,35.5236,140.00,26.36,35.0000,24.3141,10.6859,600.0000,26.35,119.76,3.0300,2.73,261.81,1.597272e-03
7983,36.1258,140.00,25.94,35.0000,24.3141,10.6859,600.0000,25.94,119.76,3.0300,0.00,261.80,1.597422e-03
7984,36.4206,140.00,25.63,35.0000,24.3141,10.6859,600.0000,25.63,119.76,3.0300,2.34,261.79,1.597572e-03
7985,35.8154,140.00,25.43,35.0000,24.3141,10.6859,600.0000,25.43,119.76,3.0300,1.84,261.78,1.597722e-03
7986,36.1933,140.00,25.37,35.0000,24.3141,10.6859,600.0000,25.36,119.76,3.0300,2.22,261.77,1.597872e-03
7987,36.1188,140.00,25.43,35.0000,24.3141,10.6859,600.0000,25.44,119.76,3.0300,0.00,261.76,1.598022e-03
7988,35.5052,140.00,25.65,35.0000,24.3141,10.6859,600.0000,25.64,119.76,3.0300,2.66,261.75,1.598173e-03
7989,35.5639,140.00,25.97,35.0000,24.3141,10.6859,600.0000,25.96,119.76,3.0300,2.81,261.74,1.598323e-03
7990,35.8380,140.00,26.37,35.0000,24.3141,10.6859,600.0000,26.38,119.76,3.0300,0.00,261.73,1.598473e-03
7991,36.3834,140.00,26.86,35.0000,24.3141,10.6859,600.0000,26.86,119.76,3.0300,0.00,261.72,1.598623e-03
7992,36.3655,140.00,27.38,35.0000,24.3141,10.6859,600.0000,27.38,119.76,3.0300,0.00,261.71,1.598773e-03
7993,35.5521,140.00,27.91,35.0000,24.3141,10.6859,600.0000,27.90,119.76,3.0300,2.55,261.70,1.598923e-03
7994,36.5163,140.00,28.39,35.0000,24.3141,10.6859,600.0000,28.39,119.76,3.0300,2.33,261.69,1.599073e-03
7995,35.8869,140.00,28.80,35.0000,24.3141,10.6859,600.0000,28.81,119.76,3.0300,0.00,261.68,1.599223e-03
7996,36.5492,140.00,29.12,35.0000,24.3141,10.6859,600.0000,29.13,119.76,3.0300,0.00,261.67,1.599373e-03
7997,35.9674,140.00,29.34,35.0000,24.3141,10.6859,600.0000,29.33,119.76,3.0300,2.58,261.66,1.599523e-03
7998,36.1068,140.00,29.42,35.0000,24.3141,10.6859,600.0000,29.40,119.76,3.0300,2.89,261.65,1.599673e-03
7999,35.8889,140.00,29.34,35.0000,24.3141,10.6859,600.0000,29.34,119.76,3.0300,2.41,261.64,1.599823e-03
8000,36.4807,140.00,29.14,35.0000,24.3141,10.6859,600.0000,29.14,119.76,3.0300,2.36,261.63,1.599973e-03
